Date,Open,High,Low,Close,Adj Close,Volume,Company Name
2021-05-05,596.25,618.0,567.5499877929688,572.9500122070312,565.7479858398438,246983,Isgec Heavy Engineering Limited
2021-05-06,572.75,572.75,555.8499755859375,560.5999755859375,553.55322265625,54294,Isgec Heavy Engineering Limited
2021-05-07,567.0,573.0499877929688,546.9500122070312,551.0499877929688,544.123291015625,67647,Isgec Heavy Engineering Limited
2021-05-10,553.0,598.8499755859375,553.0,584.7999877929688,577.4490356445312,405407,Isgec Heavy Engineering Limited
2021-05-11,576.0,599.8499755859375,568.0499877929688,571.7000122070312,564.513671875,166749,Isgec Heavy Engineering Limited
2021-05-12,570.0,576.5999755859375,553.9000244140625,556.1500244140625,549.1591796875,84596,Isgec Heavy Engineering Limited
2021-05-14,558.0,562.25,538.7999877929688,540.1500244140625,533.3603515625,93025,Isgec Heavy Engineering Limited
2021-05-17,536.5,553.1500244140625,536.5,548.0,541.1116333007812,53559,Isgec Heavy Engineering Limited
2021-05-18,551.0999755859375,554.0,536.2999877929688,542.2000122070312,535.384521484375,51187,Isgec Heavy Engineering Limited
2021-05-19,542.2000122070312,575.7999877929688,540.5999755859375,558.4000244140625,551.3809814453125,167274,Isgec Heavy Engineering Limited
2021-05-20,561.75,563.9000244140625,538.0,543.5499877929688,536.717529296875,80640,Isgec Heavy Engineering Limited
2021-05-21,543.5499877929688,548.9000244140625,534.0,536.3499755859375,529.6080932617188,51430,Isgec Heavy Engineering Limited
2021-05-24,539.5499877929688,543.0499877929688,524.1500244140625,528.8499755859375,522.2022705078125,75409,Isgec Heavy Engineering Limited
2021-05-25,530.0,540.0,524.7999877929688,526.8499755859375,520.2274169921875,38393,Isgec Heavy Engineering Limited
2021-05-26,530.9000244140625,553.0,528.0,536.75,530.0030517578125,338267,Isgec Heavy Engineering Limited
2021-05-27,544.5,579.0,540.0499877929688,568.25,561.1071166992188,362319,Isgec Heavy Engineering Limited
2021-05-28,569.9000244140625,577.9000244140625,565.0,570.3499755859375,563.1806030273438,116002,Isgec Heavy Engineering Limited
2021-05-31,570.3499755859375,586.0,553.25,565.8499755859375,558.7371826171875,118936,Isgec Heavy Engineering Limited
2021-06-01,568.0,576.9000244140625,552.0,556.0499877929688,549.0604858398438,64412,Isgec Heavy Engineering Limited
2021-06-02,555.5,573.9500122070312,555.4500122070312,571.5499877929688,564.3656005859375,62072,Isgec Heavy Engineering Limited
2021-06-03,583.0,615.0,583.0,591.4000244140625,583.9661254882812,393566,Isgec Heavy Engineering Limited
2021-06-04,592.0,594.9000244140625,575.6500244140625,579.9500122070312,572.6599731445312,137734,Isgec Heavy Engineering Limited
2021-06-07,590.0,609.9000244140625,588.9500122070312,605.0999755859375,597.493896484375,146143,Isgec Heavy Engineering Limited
2021-06-08,608.6500244140625,644.9500122070312,606.0999755859375,640.2000122070312,632.1527099609375,355844,Isgec Heavy Engineering Limited
2021-06-09,647.7000122070312,654.0,595.75,614.9000244140625,607.1707153320312,155148,Isgec Heavy Engineering Limited
2021-06-10,620.5499877929688,627.9000244140625,611.75,620.8499755859375,613.0458374023438,86342,Isgec Heavy Engineering Limited
2021-06-11,624.2000122070312,626.7000122070312,604.5,607.75,600.1105346679688,52520,Isgec Heavy Engineering Limited
2021-06-14,613.75,642.9000244140625,587.0,618.1500244140625,610.3798217773438,104060,Isgec Heavy Engineering Limited
2021-06-15,620.0,628.0,605.7999877929688,613.4500122070312,605.7389526367188,65619,Isgec Heavy Engineering Limited
2021-06-16,616.0,618.0,589.0,598.2999877929688,590.779296875,88785,Isgec Heavy Engineering Limited
2021-06-17,607.0,628.0,595.0,598.0499877929688,590.5324096679688,152211,Isgec Heavy Engineering Limited
2021-06-18,603.6500244140625,624.6500244140625,582.25,618.1500244140625,610.3798217773438,145828,Isgec Heavy Engineering Limited
2021-06-21,604.0,627.0,595.8499755859375,623.2999877929688,615.465087890625,70199,Isgec Heavy Engineering Limited
2021-06-22,629.4500122070312,632.75,608.8499755859375,613.7999877929688,606.0845336914062,78713,Isgec Heavy Engineering Limited
2021-06-23,623.9000244140625,626.4000244140625,612.0499877929688,614.9000244140625,607.1707153320312,44445,Isgec Heavy Engineering Limited
2021-06-24,615.5,629.0,613.5,622.5999755859375,614.7738647460938,67738,Isgec Heavy Engineering Limited
2021-06-25,627.9000244140625,635.0,607.0499877929688,615.5999755859375,607.8618774414062,99438,Isgec Heavy Engineering Limited
2021-06-28,623.5,738.7000122070312,623.5,714.4000244140625,705.4199829101562,1637496,Isgec Heavy Engineering Limited
2021-06-29,735.0,777.0,693.0,704.5999755859375,695.7431640625,1451347,Isgec Heavy Engineering Limited
2021-06-30,714.0,825.0,712.2999877929688,767.5,757.8524169921875,1749754,Isgec Heavy Engineering Limited
2021-07-01,784.0,801.9000244140625,743.75,775.2000122070312,765.4557495117188,612668,Isgec Heavy Engineering Limited
2021-07-02,782.9000244140625,816.0,754.1500244140625,801.6500244140625,791.5732421875,589794,Isgec Heavy Engineering Limited
2021-07-05,845.5,878.3499755859375,840.0,854.75,844.0057373046875,929617,Isgec Heavy Engineering Limited
2021-07-06,863.0,863.0,827.25,831.3499755859375,820.89990234375,243076,Isgec Heavy Engineering Limited
2021-07-07,822.0,872.4000244140625,804.3499755859375,846.5499877929688,835.9088134765625,693804,Isgec Heavy Engineering Limited
2021-07-08,854.25,865.3499755859375,812.8499755859375,823.5,813.1485595703125,398907,Isgec Heavy Engineering Limited
2021-07-09,829.7000122070312,834.0,809.75,812.2000122070312,801.9906616210938,220304,Isgec Heavy Engineering Limited
2021-07-12,819.7999877929688,820.4000244140625,782.25,787.8499755859375,777.9467163085938,206324,Isgec Heavy Engineering Limited
2021-07-13,789.0499877929688,828.4000244140625,783.2999877929688,804.7000122070312,794.5848999023438,433684,Isgec Heavy Engineering Limited
2021-07-14,808.0,825.0,796.4500122070312,804.5999755859375,794.486083984375,185438,Isgec Heavy Engineering Limited
2021-07-15,810.5999755859375,812.9500122070312,792.25,794.6500244140625,784.6612548828125,96784,Isgec Heavy Engineering Limited
2021-07-16,795.5,827.6500244140625,795.5,805.2999877929688,795.1773681640625,182309,Isgec Heavy Engineering Limited
2021-07-19,802.9000244140625,803.4000244140625,782.0,787.4500122070312,777.5517578125,117215,Isgec Heavy Engineering Limited
2021-07-20,790.0,824.0,765.0,790.5,780.5633544921875,429358,Isgec Heavy Engineering Limited
2021-07-22,795.8499755859375,815.4000244140625,791.6500244140625,796.9000244140625,786.8829956054688,162905,Isgec Heavy Engineering Limited
2021-07-23,797.0999755859375,805.9500122070312,773.0,778.7000122070312,768.9117431640625,116433,Isgec Heavy Engineering Limited
2021-07-26,780.0,792.4000244140625,777.0,780.4500122070312,770.6397705078125,77961,Isgec Heavy Engineering Limited
2021-07-27,782.3499755859375,817.4000244140625,780.0,794.5,784.5131225585938,274950,Isgec Heavy Engineering Limited
2021-07-28,798.0,799.7999877929688,778.0499877929688,785.0,775.132568359375,60606,Isgec Heavy Engineering Limited
2021-07-29,804.5999755859375,817.0,796.7000122070312,801.8499755859375,791.7706909179688,248521,Isgec Heavy Engineering Limited
2021-07-30,800.0,813.0,791.3499755859375,794.25,784.2662353515625,161580,Isgec Heavy Engineering Limited
2021-08-02,796.0,838.0,794.0,822.0,811.6674194335938,283794,Isgec Heavy Engineering Limited
2021-08-03,822.75,870.0,822.75,836.2999877929688,825.7876586914062,302518,Isgec Heavy Engineering Limited
2021-08-04,838.4000244140625,847.7999877929688,805.0,808.25,798.0902709960938,158137,Isgec Heavy Engineering Limited
2021-08-05,810.0,822.0,784.0,788.3499755859375,778.4403686523438,169931,Isgec Heavy Engineering Limited
2021-08-06,794.9000244140625,805.4000244140625,782.25,786.2999877929688,776.4161987304688,91899,Isgec Heavy Engineering Limited
2021-08-09,791.4000244140625,799.4000244140625,760.1500244140625,768.7000122070312,759.0374145507812,94118,Isgec Heavy Engineering Limited
2021-08-10,799.9500122070312,799.9500122070312,725.1500244140625,755.5999755859375,746.10205078125,190411,Isgec Heavy Engineering Limited
2021-08-11,760.7999877929688,779.4000244140625,672.25,726.3499755859375,717.2197265625,838769,Isgec Heavy Engineering Limited
2021-08-12,715.0,737.4000244140625,696.0,709.0999755859375,700.1865844726562,264404,Isgec Heavy Engineering Limited
2021-08-13,715.5999755859375,729.0,710.75,722.4500122070312,713.3687744140625,159788,Isgec Heavy Engineering Limited
2021-08-16,720.0,725.9000244140625,692.9500122070312,700.5499877929688,691.7440185546875,139016,Isgec Heavy Engineering Limited
2021-08-17,708.0,714.7000122070312,677.0,683.7000122070312,675.1058349609375,157940,Isgec Heavy Engineering Limited
2021-08-18,694.9000244140625,706.0,682.0,692.1500244140625,683.44970703125,246932,Isgec Heavy Engineering Limited
2021-08-20,683.7999877929688,686.9000244140625,661.5499877929688,667.0499877929688,658.6651000976562,115665,Isgec Heavy Engineering Limited
2021-08-23,668.0,674.75,645.0,656.2000122070312,647.9515991210938,135693,Isgec Heavy Engineering Limited
2021-08-24,659.0,683.7000122070312,641.0999755859375,679.0499877929688,670.5142822265625,137393,Isgec Heavy Engineering Limited
2021-08-25,699.4000244140625,716.7999877929688,690.6500244140625,697.5999755859375,688.8311157226562,228080,Isgec Heavy Engineering Limited
2021-08-26,700.0,706.1500244140625,680.0,698.2000122070312,689.4236450195312,127444,Isgec Heavy Engineering Limited
2021-08-27,703.7000122070312,708.5999755859375,695.0,701.2999877929688,692.484619140625,82083,Isgec Heavy Engineering Limited
2021-08-30,712.5,735.0,701.5,727.5499877929688,718.4046020507812,127044,Isgec Heavy Engineering Limited
2021-08-31,727.5499877929688,737.9500122070312,717.4000244140625,728.1500244140625,718.9971923828125,61246,Isgec Heavy Engineering Limited
2021-09-01,728.1500244140625,735.0,723.0,726.0,716.8741455078125,56945,Isgec Heavy Engineering Limited
2021-09-02,730.0,735.0,715.2000122070312,722.7999877929688,713.71435546875,40852,Isgec Heavy Engineering Limited
2021-09-03,725.9500122070312,735.0,720.0,724.8499755859375,715.7385864257812,51760,Isgec Heavy Engineering Limited
2021-09-06,729.0,744.6500244140625,715.25,722.5999755859375,713.516845703125,68767,Isgec Heavy Engineering Limited
2021-09-07,723.75,730.0,716.5,718.9000244140625,709.8634033203125,45137,Isgec Heavy Engineering Limited
2021-09-08,722.2000122070312,736.0,720.0,727.7999877929688,719.6525268554688,60367,Isgec Heavy Engineering Limited
2021-09-09,730.5,735.0499877929688,725.0,729.8499755859375,721.6795654296875,37597,Isgec Heavy Engineering Limited
2021-09-13,725.25,738.4500122070312,723.2000122070312,728.8499755859375,720.6907958984375,42684,Isgec Heavy Engineering Limited
2021-09-14,732.5,810.0,728.0,794.0499877929688,785.160888671875,474320,Isgec Heavy Engineering Limited
2021-09-15,825.0,835.0,795.0,805.4500122070312,796.4332885742188,559543,Isgec Heavy Engineering Limited
2021-09-16,805.0,820.0,791.25,802.7999877929688,793.8129272460938,156453,Isgec Heavy Engineering Limited
2021-09-17,808.9000244140625,809.0,766.8499755859375,787.5999755859375,778.7831420898438,158814,Isgec Heavy Engineering Limited
2021-09-20,780.0,800.9500122070312,755.0,757.0499877929688,748.5751342773438,139419,Isgec Heavy Engineering Limited
2021-09-21,755.0,761.9000244140625,728.0,749.9000244140625,741.5051879882812,77992,Isgec Heavy Engineering Limited
2021-09-22,757.5,766.0,742.5499877929688,752.1500244140625,743.7300415039062,53290,Isgec Heavy Engineering Limited
2021-09-23,759.0,768.0,745.0,750.2000122070312,741.8018188476562,98106,Isgec Heavy Engineering Limited
2021-09-24,752.25,762.2000122070312,743.0,746.4500122070312,738.0938110351562,86516,Isgec Heavy Engineering Limited
2021-09-27,745.0,760.4000244140625,731.0499877929688,742.2999877929688,733.9901733398438,79836,Isgec Heavy Engineering Limited
2021-09-28,741.5,747.0,730.3499755859375,737.2000122070312,728.9473876953125,49239,Isgec Heavy Engineering Limited
2021-09-29,739.9000244140625,747.4500122070312,718.0,725.5,717.3783569335938,47517,Isgec Heavy Engineering Limited
2021-09-30,731.5,731.5,716.5,720.0499877929688,711.9893188476562,35819,Isgec Heavy Engineering Limited
2021-10-01,723.0,723.0,705.0999755859375,715.0499877929688,707.0452880859375,51369,Isgec Heavy Engineering Limited
2021-10-04,725.0,744.7999877929688,712.25,737.3499755859375,729.0956420898438,62767,Isgec Heavy Engineering Limited
2021-10-05,737.0,741.3499755859375,728.4000244140625,730.7999877929688,722.6189575195312,44460,Isgec Heavy Engineering Limited
2021-10-06,734.5,748.75,723.5499877929688,729.2999877929688,721.1357421875,38786,Isgec Heavy Engineering Limited
2021-10-07,737.7999877929688,745.0999755859375,725.4000244140625,732.8499755859375,724.64599609375,39756,Isgec Heavy Engineering Limited
2021-10-08,733.9500122070312,737.25,716.7000122070312,720.3499755859375,712.2859497070312,38456,Isgec Heavy Engineering Limited
2021-10-11,728.0,728.0,713.25,719.0999755859375,711.0499267578125,26017,Isgec Heavy Engineering Limited
2021-10-12,721.7000122070312,724.9000244140625,705.0999755859375,712.2999877929688,704.3261108398438,36143,Isgec Heavy Engineering Limited
2021-10-13,718.0,726.0,706.1500244140625,711.4000244140625,703.4361572265625,78012,Isgec Heavy Engineering Limited
2021-10-14,715.7000122070312,716.9000244140625,696.6500244140625,702.5,694.6357421875,122557,Isgec Heavy Engineering Limited
2021-10-18,705.0,730.4000244140625,700.0,717.0,708.9734497070312,102269,Isgec Heavy Engineering Limited
2021-10-19,720.0,726.0,683.0,688.5499877929688,680.8419189453125,67197,Isgec Heavy Engineering Limited
2021-10-20,696.9000244140625,704.0499877929688,677.0,690.0,682.2756958007812,121254,Isgec Heavy Engineering Limited
2021-10-21,698.0,698.0,677.0,689.9500122070312,682.226318359375,71715,Isgec Heavy Engineering Limited
2021-10-22,689.9500122070312,715.0,679.4500122070312,688.9500122070312,681.2374877929688,59017,Isgec Heavy Engineering Limited
2021-10-25,692.0,697.7999877929688,664.3499755859375,671.1500244140625,663.6367797851562,26962,Isgec Heavy Engineering Limited
2021-10-26,674.9500122070312,691.0,655.3499755859375,680.7000122070312,673.079833984375,56479,Isgec Heavy Engineering Limited
2021-10-27,691.7999877929688,695.0,662.25,669.0,661.5108642578125,50291,Isgec Heavy Engineering Limited
2021-10-28,676.5999755859375,683.0999755859375,657.8499755859375,663.3499755859375,655.924072265625,39282,Isgec Heavy Engineering Limited
2021-10-29,660.7999877929688,678.0,655.9500122070312,664.2999877929688,656.8634033203125,24497,Isgec Heavy Engineering Limited
2021-11-01,674.0,687.25,652.2000122070312,658.9500122070312,651.5733032226562,39875,Isgec Heavy Engineering Limited
2021-11-02,660.0499877929688,674.9000244140625,640.0,662.4000244140625,654.9847412109375,121954,Isgec Heavy Engineering Limited
2021-11-03,671.0,676.0,652.5,660.5999755859375,653.204833984375,29568,Isgec Heavy Engineering Limited
2021-11-04,673.7999877929688,686.0,668.0,681.0999755859375,673.4752807617188,19961,Isgec Heavy Engineering Limited
2021-11-08,685.0,708.9500122070312,680.0499877929688,694.7999877929688,687.0219116210938,65661,Isgec Heavy Engineering Limited
2021-11-09,692.0,709.8499755859375,691.1500244140625,693.25,685.4893188476562,42954,Isgec Heavy Engineering Limited
2021-11-10,699.5,705.0,691.5,694.75,686.9725952148438,31881,Isgec Heavy Engineering Limited
2021-11-11,699.0,710.0,691.0,699.7000122070312,691.8671875,43611,Isgec Heavy Engineering Limited
2021-11-12,705.0,708.6500244140625,640.9500122070312,644.7000122070312,637.4828491210938,236108,Isgec Heavy Engineering Limited
2021-11-15,646.0,646.0,588.5,595.9000244140625,589.2291870117188,257078,Isgec Heavy Engineering Limited
2021-11-16,601.9000244140625,621.9000244140625,582.5499877929688,586.9000244140625,580.3298950195312,197806,Isgec Heavy Engineering Limited
2021-11-17,591.4000244140625,608.2999877929688,575.5499877929688,579.4500122070312,572.9633178710938,133844,Isgec Heavy Engineering Limited
2021-11-18,586.9000244140625,591.6500244140625,549.25,574.75,568.31591796875,172821,Isgec Heavy Engineering Limited
2021-11-22,583.0499877929688,585.5999755859375,550.0,560.5999755859375,554.3242797851562,128794,Isgec Heavy Engineering Limited
2021-11-23,576.5,588.9500122070312,562.0999755859375,578.75,572.2711181640625,89668,Isgec Heavy Engineering Limited
2021-11-24,589.7999877929688,597.4000244140625,580.8499755859375,584.6500244140625,578.1051025390625,79134,Isgec Heavy Engineering Limited
2021-11-25,589.0,599.75,586.0,594.1500244140625,587.4987182617188,109870,Isgec Heavy Engineering Limited
2021-11-26,594.0,594.0,569.0499877929688,570.75,564.3606567382812,94779,Isgec Heavy Engineering Limited
2021-11-29,564.0,574.6500244140625,540.0,569.4500122070312,563.0752563476562,53621,Isgec Heavy Engineering Limited
2021-11-30,571.0,582.0,538.1500244140625,550.9000244140625,544.73291015625,344468,Isgec Heavy Engineering Limited
2021-12-01,550.5,554.3499755859375,543.0,544.8499755859375,538.7506103515625,46768,Isgec Heavy Engineering Limited
2021-12-02,550.75,574.0,542.5999755859375,567.4500122070312,561.09765625,52114,Isgec Heavy Engineering Limited
2021-12-03,567.9000244140625,567.9000244140625,550.0,553.5499877929688,547.3532104492188,43899,Isgec Heavy Engineering Limited
2021-12-06,557.4000244140625,562.9000244140625,545.0,550.4000244140625,544.2384643554688,26881,Isgec Heavy Engineering Limited
2021-12-07,550.0,565.0,547.0499877929688,557.5499877929688,551.3084716796875,54153,Isgec Heavy Engineering Limited
2021-12-08,567.7999877929688,567.7999877929688,552.5999755859375,554.9000244140625,548.6881103515625,35759,Isgec Heavy Engineering Limited
2021-12-09,556.0499877929688,579.0,551.2000122070312,571.7000122070312,565.2999877929688,75233,Isgec Heavy Engineering Limited
2021-12-10,574.75,596.0,570.75,590.9500122070312,584.3345947265625,95054,Isgec Heavy Engineering Limited
2021-12-13,592.0,612.0,589.5,597.1500244140625,590.4652099609375,89277,Isgec Heavy Engineering Limited
2021-12-14,592.0,596.5999755859375,580.0,591.25,584.6312255859375,33379,Isgec Heavy Engineering Limited
2021-12-15,592.0999755859375,598.4500122070312,591.4500122070312,593.9500122070312,587.301025390625,25665,Isgec Heavy Engineering Limited
2021-12-16,600.0,601.2999877929688,570.0499877929688,574.9000244140625,568.4642333984375,28047,Isgec Heavy Engineering Limited
2021-12-17,574.9000244140625,575.0499877929688,561.0999755859375,563.1500244140625,556.8457641601562,17523,Isgec Heavy Engineering Limited
2021-12-20,550.0,555.0,530.5,536.2999877929688,530.2963256835938,112170,Isgec Heavy Engineering Limited
2021-12-21,542.0,554.0999755859375,537.0999755859375,547.4000244140625,541.2720947265625,60933,Isgec Heavy Engineering Limited
2021-12-22,543.2999877929688,554.2999877929688,541.0499877929688,548.2000122070312,542.0631103515625,58695,Isgec Heavy Engineering Limited
2021-12-23,552.2000122070312,567.7999877929688,551.2999877929688,563.9000244140625,557.58740234375,26478,Isgec Heavy Engineering Limited
2021-12-24,584.5,669.0,574.0,654.4500122070312,647.1237182617188,1865061,Isgec Heavy Engineering Limited
2021-12-27,626.0,652.4000244140625,608.2000122070312,613.1500244140625,606.2860717773438,295157,Isgec Heavy Engineering Limited
2021-12-28,613.2000122070312,625.0,609.2999877929688,616.6500244140625,609.746826171875,82595,Isgec Heavy Engineering Limited
2021-12-29,617.0,628.3499755859375,605.0499877929688,620.3499755859375,613.4053955078125,152139,Isgec Heavy Engineering Limited
2021-12-30,613.0,627.5,601.0,603.7000122070312,596.94189453125,94140,Isgec Heavy Engineering Limited
2021-12-31,608.9000244140625,623.9000244140625,605.0,607.7000122070312,600.8970947265625,56435,Isgec Heavy Engineering Limited
2022-01-03,614.0,623.0,603.0,604.9000244140625,598.12841796875,64969,Isgec Heavy Engineering Limited
2022-01-04,614.9500122070312,636.3499755859375,597.0499877929688,624.3499755859375,617.360595703125,212159,Isgec Heavy Engineering Limited
2022-01-05,628.9000244140625,643.9000244140625,614.0,616.6500244140625,609.746826171875,122722,Isgec Heavy Engineering Limited
2022-01-06,613.0,636.2000122070312,611.25,629.4500122070312,622.4036254882812,86791,Isgec Heavy Engineering Limited
2022-01-07,621.25,629.3499755859375,611.0,619.0,612.070556640625,66973,Isgec Heavy Engineering Limited
2022-01-10,620.0999755859375,658.0,616.0,650.7000122070312,643.4156494140625,151721,Isgec Heavy Engineering Limited
2022-01-11,653.4000244140625,668.4000244140625,641.0499877929688,665.25,657.802734375,176387,Isgec Heavy Engineering Limited
2022-01-12,669.0,676.5,652.7999877929688,656.7000122070312,649.3485107421875,72075,Isgec Heavy Engineering Limited
2022-01-13,658.7999877929688,671.0,651.5,661.2000122070312,653.7981567382812,70409,Isgec Heavy Engineering Limited
2022-01-14,661.6500244140625,695.0,654.9000244140625,687.5999755859375,679.9025268554688,201032,Isgec Heavy Engineering Limited
2022-01-17,700.0,709.0,689.0,693.4500122070312,685.6870727539062,115802,Isgec Heavy Engineering Limited
2022-01-18,693.4500122070312,698.9000244140625,660.75,667.4500122070312,659.9781494140625,69653,Isgec Heavy Engineering Limited
2022-01-19,666.9000244140625,685.0999755859375,652.0,670.4500122070312,662.944580078125,68573,Isgec Heavy Engineering Limited
2022-01-20,681.5499877929688,681.5499877929688,653.6500244140625,657.2999877929688,649.9417114257812,36926,Isgec Heavy Engineering Limited
2022-01-21,655.0999755859375,664.0999755859375,642.0499877929688,649.5499877929688,642.278564453125,38386,Isgec Heavy Engineering Limited
2022-01-24,649.5499877929688,662.0,597.25,604.0,597.2384643554688,89407,Isgec Heavy Engineering Limited
2022-01-25,600.0,631.7000122070312,585.8499755859375,622.2999877929688,615.3335571289062,68445,Isgec Heavy Engineering Limited
2022-01-27,608.0,629.5499877929688,605.5,620.5,613.5537109375,26904,Isgec Heavy Engineering Limited
2022-01-28,617.0,650.5,617.0,647.5499877929688,640.3008422851562,74477,Isgec Heavy Engineering Limited
2022-01-31,655.0,667.9000244140625,639.75,657.7000122070312,650.3373413085938,37885,Isgec Heavy Engineering Limited
2022-02-01,660.0,664.0,642.0,650.7999877929688,643.5145263671875,56634,Isgec Heavy Engineering Limited
2022-02-02,644.2000122070312,686.2999877929688,644.2000122070312,671.9500122070312,664.4277954101562,106391,Isgec Heavy Engineering Limited
2022-02-03,671.9500122070312,674.9000244140625,654.0,660.7000122070312,653.3037109375,52912,Isgec Heavy Engineering Limited
2022-02-04,664.0,676.1500244140625,648.0,650.9000244140625,643.6134643554688,33735,Isgec Heavy Engineering Limited
2022-02-07,655.0,660.0,622.0,627.3499755859375,620.3270263671875,46776,Isgec Heavy Engineering Limited
2022-02-08,636.75,640.0499877929688,615.5,623.5499877929688,616.5696411132812,36462,Isgec Heavy Engineering Limited
2022-02-09,627.9500122070312,667.75,604.4000244140625,608.1500244140625,601.342041015625,85887,Isgec Heavy Engineering Limited
2022-02-10,609.0,609.0,594.0,596.6500244140625,589.9707641601562,74677,Isgec Heavy Engineering Limited
2022-02-11,595.7999877929688,601.1500244140625,589.25,591.1500244140625,584.5322875976562,25345,Isgec Heavy Engineering Limited
2022-02-14,591.0,598.0,565.0,569.7000122070312,563.3224487304688,92841,Isgec Heavy Engineering Limited
2022-02-15,570.0,579.4000244140625,560.0999755859375,576.4000244140625,569.9474487304688,70032,Isgec Heavy Engineering Limited
2022-02-16,581.0,590.0,574.0,576.1500244140625,569.7002563476562,45901,Isgec Heavy Engineering Limited
2022-02-17,580.0,583.4000244140625,567.0,569.0999755859375,562.7291259765625,29701,Isgec Heavy Engineering Limited
2022-02-18,565.0,575.0,550.7999877929688,556.25,550.0230102539062,69492,Isgec Heavy Engineering Limited
2022-02-21,550.25,557.3499755859375,535.0,539.6500244140625,533.60888671875,84992,Isgec Heavy Engineering Limited
2022-02-22,539.6500244140625,540.0,515.4500122070312,519.7999877929688,513.9810791015625,97812,Isgec Heavy Engineering Limited
2022-02-23,542.0,547.5,524.4000244140625,526.4000244140625,520.5072021484375,62940,Isgec Heavy Engineering Limited
2022-02-24,519.9000244140625,529.7999877929688,503.0,518.9500122070312,513.140625,126833,Isgec Heavy Engineering Limited
2022-02-25,521.0999755859375,555.8499755859375,520.0,550.9000244140625,544.73291015625,60247,Isgec Heavy Engineering Limited
2022-02-28,548.4000244140625,581.25,543.0499877929688,571.75,565.3494873046875,58803,Isgec Heavy Engineering Limited
2022-03-02,571.75,574.9000244140625,551.6500244140625,556.3499755859375,550.1218872070312,33442,Isgec Heavy Engineering Limited
2022-03-03,563.0,569.9500122070312,541.0,545.7999877929688,539.6900024414062,37993,Isgec Heavy Engineering Limited
2022-03-04,540.4500122070312,572.3499755859375,531.0999755859375,565.5,559.1694946289062,112252,Isgec Heavy Engineering Limited
2022-03-07,531.0,570.0,526.0,555.5999755859375,549.3802490234375,137506,Isgec Heavy Engineering Limited
2022-03-08,560.0,575.0,547.0999755859375,552.75,546.5621948242188,95352,Isgec Heavy Engineering Limited
2022-03-09,578.9000244140625,592.4500122070312,555.0,568.0499877929688,561.6908569335938,275195,Isgec Heavy Engineering Limited
2022-03-10,575.0,582.7999877929688,560.0499877929688,563.1500244140625,556.8457641601562,78931,Isgec Heavy Engineering Limited
2022-03-11,562.9500122070312,575.0,554.4500122070312,566.5,560.158203125,73518,Isgec Heavy Engineering Limited
2022-03-14,566.0,575.0,550.0,563.4000244140625,557.0929565429688,134791,Isgec Heavy Engineering Limited
2022-03-15,574.0,574.0,545.0499877929688,547.7999877929688,541.6676025390625,80937,Isgec Heavy Engineering Limited
2022-03-16,553.2000122070312,564.3499755859375,550.0,558.6500244140625,552.3961791992188,81120,Isgec Heavy Engineering Limited
2022-03-17,564.7999877929688,567.0,555.5,560.2999877929688,554.0277099609375,58585,Isgec Heavy Engineering Limited
2022-03-21,565.0,586.0,561.0,564.2000122070312,557.8839721679688,83140,Isgec Heavy Engineering Limited
2022-03-22,569.8499755859375,576.0,560.0,564.7000122070312,558.37841796875,33431,Isgec Heavy Engineering Limited
2022-03-23,563.0499877929688,572.7000122070312,557.9000244140625,565.5499877929688,559.2188110351562,71179,Isgec Heavy Engineering Limited
2022-03-24,569.7999877929688,569.7999877929688,550.7999877929688,552.2000122070312,546.018310546875,42741,Isgec Heavy Engineering Limited
2022-03-25,557.0,558.5499877929688,535.2000122070312,537.75,531.7300415039062,93090,Isgec Heavy Engineering Limited
2022-03-28,534.0,537.9500122070312,520.5,521.25,515.414794921875,120383,Isgec Heavy Engineering Limited
2022-03-29,523.2999877929688,537.0,504.0499877929688,518.7999877929688,512.9922485351562,148361,Isgec Heavy Engineering Limited
2022-03-30,521.0999755859375,525.9000244140625,510.1000061035156,519.6500244140625,513.832763671875,62866,Isgec Heavy Engineering Limited
2022-03-31,519.0,525.2000122070312,511.6000061035156,513.2999877929688,507.5538024902344,70513,Isgec Heavy Engineering Limited
2022-04-01,514.0499877929688,537.0,514.0499877929688,534.7999877929688,528.8131103515625,92267,Isgec Heavy Engineering Limited
2022-04-04,546.5,575.0,534.7999877929688,571.5999755859375,565.201171875,107169,Isgec Heavy Engineering Limited
2022-04-05,575.0,581.9500122070312,563.0,577.5499877929688,571.0845336914062,66745,Isgec Heavy Engineering Limited
2022-04-06,572.5499877929688,582.75,565.5499877929688,572.4500122070312,566.0416870117188,41380,Isgec Heavy Engineering Limited
2022-04-07,573.0,580.9500122070312,560.0499877929688,565.1500244140625,558.8233642578125,44845,Isgec Heavy Engineering Limited
2022-04-08,555.0499877929688,599.0,555.0499877929688,581.2999877929688,574.7925415039062,101072,Isgec Heavy Engineering Limited
2022-04-11,589.9000244140625,589.9000244140625,565.4500122070312,568.3499755859375,561.987548828125,61378,Isgec Heavy Engineering Limited
2022-04-12,574.0,574.0,553.0499877929688,557.9500122070312,551.7039794921875,29822,Isgec Heavy Engineering Limited
2022-04-13,564.7000122070312,568.0,547.8499755859375,550.5999755859375,544.436279296875,45735,Isgec Heavy Engineering Limited
2022-04-18,547.5999755859375,569.75,539.7000122070312,561.4500122070312,555.1647338867188,44016,Isgec Heavy Engineering Limited
2022-04-19,563.0499877929688,569.0,547.9500122070312,556.4000244140625,550.1713256835938,49390,Isgec Heavy Engineering Limited
2022-04-20,560.0,568.0,541.0,555.9500122070312,549.7264404296875,87111,Isgec Heavy Engineering Limited
2022-04-21,560.9000244140625,564.9000244140625,538.8499755859375,547.9000244140625,541.7664794921875,61090,Isgec Heavy Engineering Limited
2022-04-22,542.0,564.7999877929688,541.0,549.0999755859375,542.9530639648438,82589,Isgec Heavy Engineering Limited
2022-04-25,545.0999755859375,569.7000122070312,540.5,554.3499755859375,548.1442260742188,133289,Isgec Heavy Engineering Limited
2022-04-26,555.5,561.0,549.3499755859375,554.25,548.0453491210938,46676,Isgec Heavy Engineering Limited
2022-04-27,550.0,553.9000244140625,538.5499877929688,546.0999755859375,539.986572265625,68732,Isgec Heavy Engineering Limited
2022-04-28,549.25,554.0,540.0,552.5999755859375,546.4138793945312,36059,Isgec Heavy Engineering Limited
2022-04-29,567.5999755859375,567.5999755859375,542.0999755859375,545.9500122070312,539.8383178710938,15142,Isgec Heavy Engineering Limited
2022-05-02,545.0,558.0499877929688,533.8499755859375,551.4000244140625,545.2273559570312,33268,Isgec Heavy Engineering Limited
2022-05-04,552.0,572.0,534.1500244140625,563.25,556.9446411132812,47566,Isgec Heavy Engineering Limited
2022-05-05,569.25,586.0,546.0999755859375,562.5,556.2030639648438,70931,Isgec Heavy Engineering Limited
2022-05-06,549.2999877929688,562.7999877929688,535.5499877929688,555.8499755859375,549.62744140625,51683,Isgec Heavy Engineering Limited
2022-05-09,548.0,554.2999877929688,536.5999755859375,540.75,534.696533203125,28663,Isgec Heavy Engineering Limited
2022-05-10,540.0,549.9500122070312,520.0,532.3499755859375,526.3905029296875,43705,Isgec Heavy Engineering Limited
2022-05-11,535.0,542.0,515.0,536.7000122070312,530.6918334960938,61517,Isgec Heavy Engineering Limited
2022-05-12,529.0,532.1500244140625,504.0,516.5499877929688,510.7673950195313,54121,Isgec Heavy Engineering Limited
2022-05-13,521.6500244140625,528.5499877929688,498.0,502.8999938964844,497.2702331542969,40451,Isgec Heavy Engineering Limited
2022-05-16,509.0,520.2000122070312,497.0,508.3999938964844,502.7086791992188,22558,Isgec Heavy Engineering Limited
2022-05-17,511.3500061035156,520.0,506.2000122070313,515.5499877929688,509.7786560058594,22411,Isgec Heavy Engineering Limited
2022-05-18,518.5999755859375,522.0,509.0,515.25,509.4819946289063,27652,Isgec Heavy Engineering Limited
2022-05-19,512.3499755859375,513.0,500.0,501.5499877929688,495.9353332519531,20801,Isgec Heavy Engineering Limited
2022-05-20,505.3500061035156,523.7999877929688,505.3500061035156,510.7000122070313,504.98291015625,23593,Isgec Heavy Engineering Limited
2022-05-23,514.5499877929688,524.0,508.0,514.3499755859375,508.5920104980469,42380,Isgec Heavy Engineering Limited
2022-05-24,518.25,519.25,501.1000061035156,504.2999877929688,498.654541015625,21605,Isgec Heavy Engineering Limited
2022-05-25,508.25,545.5,494.0,500.75,495.144287109375,31812,Isgec Heavy Engineering Limited
2022-05-26,507.2000122070313,511.5,481.0,495.9500122070313,490.3980407714844,46318,Isgec Heavy Engineering Limited
2022-05-27,508.2999877929688,508.2999877929688,493.1499938964844,495.7999877929688,490.2497253417969,13562,Isgec Heavy Engineering Limited
2022-05-30,482.0,505.2000122070313,482.0,494.2999877929688,488.7665100097656,62573,Isgec Heavy Engineering Limited
2022-05-31,495.6000061035156,502.1499938964844,484.75,490.1499938964844,484.6629638671875,100316,Isgec Heavy Engineering Limited
2022-06-01,492.0,499.25,485.0499877929688,489.5,484.020263671875,19949,Isgec Heavy Engineering Limited
2022-06-02,492.6000061035156,498.0,486.0,488.8999938964844,483.4269409179688,18932,Isgec Heavy Engineering Limited
2022-06-03,499.2999877929688,499.2999877929688,481.1000061035156,483.4500122070313,478.0379638671875,26762,Isgec Heavy Engineering Limited
2022-06-06,494.0,494.0,475.0,476.8999938964844,471.561279296875,19268,Isgec Heavy Engineering Limited
2022-06-07,476.1000061035156,478.9500122070313,466.0,467.0,461.7721252441406,20053,Isgec Heavy Engineering Limited
2022-06-08,466.2000122070313,485.0,461.8999938964844,475.8500061035156,470.5230712890625,23577,Isgec Heavy Engineering Limited
2022-06-09,462.8999938964844,479.9500122070313,462.8999938964844,470.2999877929688,465.03515625,20625,Isgec Heavy Engineering Limited
2022-06-10,469.0,475.0,465.0,471.9500122070313,466.6667175292969,18881,Isgec Heavy Engineering Limited
2022-06-13,465.0,465.0,439.25,442.3500061035156,437.3980712890625,32083,Isgec Heavy Engineering Limited
2022-06-14,452.0,452.0,440.0499877929688,441.3500061035156,436.4092712402344,11524,Isgec Heavy Engineering Limited
2022-06-15,440.0,448.0,440.0,443.75,438.7824096679688,9519,Isgec Heavy Engineering Limited
2022-06-16,445.25,460.2000122070313,425.0,455.3500061035156,450.2525634765625,51311,Isgec Heavy Engineering Limited
2022-06-17,455.3500061035156,466.0,443.3500061035156,455.7999877929688,450.6974792480469,19108,Isgec Heavy Engineering Limited
2022-06-20,446.0,519.0,425.8500061035156,474.7999877929688,469.4847717285156,120036,Isgec Heavy Engineering Limited
2022-06-21,495.0,495.0499877929688,464.1000061035156,474.75,469.4353332519531,86036,Isgec Heavy Engineering Limited
2022-06-22,480.0,480.0,428.6499938964844,462.75,457.5697021484375,139947,Isgec Heavy Engineering Limited
2022-06-23,459.9500122070313,466.0,444.0499877929688,462.0,456.82806396484375,48503,Isgec Heavy Engineering Limited
2022-06-24,464.25,492.0,455.0499877929688,484.1499938964844,478.7301330566406,42565,Isgec Heavy Engineering Limited
2022-06-27,489.0,498.2000122070313,475.0,478.2000122070313,472.8467712402344,17727,Isgec Heavy Engineering Limited
2022-06-28,476.5,506.0,474.0,494.6000061035156,489.0631713867188,36276,Isgec Heavy Engineering Limited
2022-06-29,489.9500122070313,499.0,485.0,491.1000061035156,485.6023254394531,17173,Isgec Heavy Engineering Limited
2022-06-30,492.25,499.0,471.0,488.7999877929688,483.32806396484375,24500,Isgec Heavy Engineering Limited
2022-07-01,490.0,501.3500061035156,482.1499938964844,496.6499938964844,491.0901794433594,11527,Isgec Heavy Engineering Limited
2022-07-04,496.6000061035156,498.0,475.75,477.3999938964844,472.0556945800781,28840,Isgec Heavy Engineering Limited
2022-07-05,482.3999938964844,489.0,463.6000061035156,471.75,466.4689636230469,20048,Isgec Heavy Engineering Limited
2022-07-06,473.5499877929688,484.0,464.0,476.6000061035156,471.2646484375,19548,Isgec Heavy Engineering Limited
2022-07-07,489.0,490.0,476.0499877929688,478.25,472.8961791992188,15244,Isgec Heavy Engineering Limited
2022-07-08,480.9500122070313,489.8500061035156,478.0,482.7999877929688,477.3952331542969,28780,Isgec Heavy Engineering Limited
2022-07-11,481.8999938964844,490.0,476.3999938964844,480.9500122070313,475.5659790039063,23237,Isgec Heavy Engineering Limited
2022-07-12,481.0,481.0,469.0,475.1499938964844,469.8308715820313,33366,Isgec Heavy Engineering Limited
2022-07-13,478.0,478.0,470.0,470.6499938964844,465.3812561035156,10085,Isgec Heavy Engineering Limited
2022-07-14,471.0,481.0,461.0499877929688,462.0,456.82806396484375,12412,Isgec Heavy Engineering Limited
2022-07-15,466.5499877929688,467.3999938964844,450.6499938964844,453.5499877929688,448.4726867675781,56570,Isgec Heavy Engineering Limited
2022-07-18,458.0499877929688,465.0,455.3500061035156,461.25,456.0864868164063,14134,Isgec Heavy Engineering Limited
2022-07-19,462.5,477.4500122070313,461.25,475.2999877929688,469.9791870117188,15959,Isgec Heavy Engineering Limited
2022-07-20,477.2999877929688,494.8999938964844,471.2000122070313,490.5499877929688,485.0584411621094,38812,Isgec Heavy Engineering Limited
2022-07-21,494.4500122070313,518.9000244140625,490.5,515.4000244140625,509.63037109375,68559,Isgec Heavy Engineering Limited
2022-07-22,516.7999877929688,522.5,497.8999938964844,505.0499877929688,499.3961486816406,87018,Isgec Heavy Engineering Limited
2022-07-25,504.7000122070313,504.7000122070313,484.5499877929688,486.8999938964844,481.4493713378906,32166,Isgec Heavy Engineering Limited
2022-07-26,483.1000061035156,491.5,477.0,482.1000061035156,476.7030944824219,16559,Isgec Heavy Engineering Limited
2022-07-27,482.5,484.8500061035156,473.0,473.8500061035156,468.54541015625,12923,Isgec Heavy Engineering Limited
2022-07-28,473.7999877929688,477.0,454.25,459.4500122070313,454.3066711425781,59441,Isgec Heavy Engineering Limited
2022-07-29,464.75,471.5499877929688,463.0,467.9500122070313,462.7114868164063,15892,Isgec Heavy Engineering Limited
2022-08-01,472.0,475.0,466.0499877929688,470.2000122070313,464.9363403320313,21935,Isgec Heavy Engineering Limited
2022-08-02,470.1000061035156,481.0,461.25,466.1499938964844,460.9316101074219,40497,Isgec Heavy Engineering Limited
2022-08-03,469.6499938964844,475.0,467.5,472.7999877929688,467.5072021484375,28098,Isgec Heavy Engineering Limited
2022-08-04,473.0,476.7999877929688,458.7000122070313,463.75,458.5585021972656,27188,Isgec Heavy Engineering Limited
2022-08-05,463.75,467.4500122070313,458.7999877929688,460.0499877929688,454.89990234375,15884,Isgec Heavy Engineering Limited
2022-08-08,470.0,480.0,456.0,458.1499938964844,453.0211791992188,23034,Isgec Heavy Engineering Limited
2022-08-10,454.5,464.0,454.5,459.5,454.3560791015625,19258,Isgec Heavy Engineering Limited
2022-08-11,456.5499877929688,465.8500061035156,451.8999938964844,454.0,448.9176330566406,31321,Isgec Heavy Engineering Limited
2022-08-12,454.0,454.6499938964844,440.0,450.2999877929688,447.2292175292969,48268,Isgec Heavy Engineering Limited
2022-08-16,454.0,460.0,449.0,454.2999877929688,451.2019348144531,43630,Isgec Heavy Engineering Limited
2022-08-17,462.7999877929688,473.0,456.0,470.5499877929688,467.3410949707031,38374,Isgec Heavy Engineering Limited
2022-08-18,470.5499877929688,491.0,470.5499877929688,478.75,475.4852294921875,68681,Isgec Heavy Engineering Limited
2022-08-19,488.0,488.7999877929688,475.9500122070313,478.4500122070313,475.1872863769531,30383,Isgec Heavy Engineering Limited
2022-08-22,475.0,479.1499938964844,453.0,454.7999877929688,451.6985473632813,38559,Isgec Heavy Engineering Limited
2022-08-23,458.7999877929688,466.7999877929688,455.1499938964844,458.4500122070313,455.32366943359375,21548,Isgec Heavy Engineering Limited
2022-08-24,458.8999938964844,467.1499938964844,458.5,464.5499877929688,461.3820495605469,19382,Isgec Heavy Engineering Limited
2022-08-25,466.3999938964844,479.2000122070313,466.3500061035156,472.7999877929688,469.5758056640625,32873,Isgec Heavy Engineering Limited
2022-08-26,477.4500122070313,477.4500122070313,468.1000061035156,471.2999877929688,468.0860290527344,28574,Isgec Heavy Engineering Limited
2022-08-29,465.0,469.8999938964844,459.7000122070313,461.8500061035156,458.7004699707031,23322,Isgec Heavy Engineering Limited
2022-08-30,462.1000061035156,482.0,462.1000061035156,477.6000061035156,474.3430480957031,56746,Isgec Heavy Engineering Limited
2022-09-01,477.7999877929688,494.9500122070313,473.6000061035156,485.2000122070313,481.8912353515625,77000,Isgec Heavy Engineering Limited
2022-09-02,485.2000122070313,488.3999938964844,476.0,477.6000061035156,474.3430480957031,39608,Isgec Heavy Engineering Limited
2022-09-05,481.6000061035156,484.9500122070313,476.0,480.2000122070313,476.9253540039063,38172,Isgec Heavy Engineering Limited
2022-09-06,486.0,486.0,468.0,470.3500061035156,467.1424865722656,34070,Isgec Heavy Engineering Limited
2022-09-07,470.0,487.0,470.0,483.8999938964844,480.6000671386719,431502,Isgec Heavy Engineering Limited
2022-09-08,491.5,498.7999877929688,485.0,486.6000061035156,483.28167724609375,73621,Isgec Heavy Engineering Limited
2022-09-09,481.0499877929688,567.9000244140625,481.0499877929688,533.0,529.365234375,958282,Isgec Heavy Engineering Limited
2022-09-12,537.7000122070312,538.9000244140625,520.5999755859375,527.5499877929688,523.9524536132812,133063,Isgec Heavy Engineering Limited
2022-09-13,532.7000122070312,568.0,532.5499877929688,555.5499877929688,551.761474609375,267607,Isgec Heavy Engineering Limited
2022-09-14,541.0,564.7999877929688,541.0,548.0499877929688,544.3126220703125,130959,Isgec Heavy Engineering Limited
2022-09-15,554.9000244140625,564.0,540.75,544.7000122070312,540.9855346679688,58578,Isgec Heavy Engineering Limited
2022-09-16,544.0,544.7000122070312,522.7000122070312,527.5,523.9027709960938,60610,Isgec Heavy Engineering Limited
2022-09-19,532.5,536.75,516.9000244140625,526.2000122070312,522.6116333007812,63852,Isgec Heavy Engineering Limited
2022-09-20,536.2000122070312,543.0999755859375,526.0,528.5499877929688,524.9456176757812,54089,Isgec Heavy Engineering Limited
2022-09-21,529.5,538.5,509.5499877929688,511.6499938964844,508.1608581542969,66824,Isgec Heavy Engineering Limited
2022-09-22,515.4500122070312,522.5499877929688,502.8999938964844,513.2999877929688,509.7995910644531,77192,Isgec Heavy Engineering Limited
2022-09-23,512.1500244140625,513.5,497.0,499.5,496.0937194824219,52662,Isgec Heavy Engineering Limited
2022-09-26,494.0,537.0,484.5,529.8499755859375,526.2366943359375,192568,Isgec Heavy Engineering Limited
2022-09-27,525.0,533.4000244140625,504.5499877929688,510.1499938964844,506.6710815429688,70844,Isgec Heavy Engineering Limited
2022-09-28,505.1000061035156,519.2000122070312,501.6499938964844,506.1499938964844,502.6983337402344,41456,Isgec Heavy Engineering Limited
2022-09-29,515.0,518.0999755859375,497.8999938964844,502.4500122070313,499.0235900878906,36944,Isgec Heavy Engineering Limited
2022-09-30,507.0,514.9000244140625,501.25,506.0,502.5494079589844,21176,Isgec Heavy Engineering Limited
2022-10-03,506.0,516.9000244140625,503.0,511.0499877929688,507.56494140625,35865,Isgec Heavy Engineering Limited
2022-10-04,512.0,532.4000244140625,509.0,510.8500061035156,507.3663330078125,54109,Isgec Heavy Engineering Limited
2022-10-06,518.2999877929688,524.0,512.5499877929688,514.7999877929688,511.2893676757813,32250,Isgec Heavy Engineering Limited
2022-10-07,520.5,522.0499877929688,510.1000061035156,512.3499755859375,508.8560791015625,21402,Isgec Heavy Engineering Limited
2022-10-10,512.3499755859375,518.5,505.1000061035156,513.2999877929688,509.7995910644531,27130,Isgec Heavy Engineering Limited
2022-10-11,517.0,519.2999877929688,503.7999877929688,506.0,502.5494079589844,16389,Isgec Heavy Engineering Limited
2022-10-12,501.25,516.0499877929688,498.5,500.3999938964844,496.987548828125,26192,Isgec Heavy Engineering Limited
2022-10-13,502.0,506.9500122070313,497.1499938964844,499.25,495.8453979492188,17064,Isgec Heavy Engineering Limited
2022-10-14,504.1499938964844,521.5,501.8999938964844,506.0,502.5494079589844,109232,Isgec Heavy Engineering Limited
2022-10-17,507.8999938964844,507.8999938964844,488.6000061035156,492.5499877929688,489.1911010742188,54700,Isgec Heavy Engineering Limited
2022-10-18,503.9500122070313,507.9500122070313,492.0499877929688,494.7000122070313,491.3264770507813,41847,Isgec Heavy Engineering Limited
2022-10-19,496.7000122070313,499.9500122070313,490.0,492.6499938964844,489.2904357910156,17939,Isgec Heavy Engineering Limited
2022-10-20,492.4500122070313,496.0499877929688,486.0,489.9500122070313,486.6088562011719,52753,Isgec Heavy Engineering Limited
2022-10-21,493.2999877929688,496.9500122070313,471.0,476.25,473.0022583007813,36995,Isgec Heavy Engineering Limited
2022-10-24,480.9500122070313,497.8999938964844,478.0499877929688,490.2999877929688,486.9564514160156,7530,Isgec Heavy Engineering Limited
2022-10-25,490.2999877929688,493.25,476.3500061035156,481.1499938964844,477.8688659667969,18139,Isgec Heavy Engineering Limited
2022-10-27,489.1499938964844,490.8999938964844,476.0499877929688,484.2999877929688,480.9973754882813,40713,Isgec Heavy Engineering Limited
2022-10-28,490.0,490.0,469.5499877929688,477.1499938964844,473.8961181640625,22222,Isgec Heavy Engineering Limited
2022-10-31,481.8500061035156,497.6499938964844,479.1499938964844,490.1000061035156,486.7578125,21314,Isgec Heavy Engineering Limited
2022-11-01,490.1000061035156,494.0,485.2000122070313,488.0499877929688,484.7218017578125,36426,Isgec Heavy Engineering Limited
2022-11-02,489.0,493.4500122070313,480.7999877929688,489.3500061035156,486.012939453125,17415,Isgec Heavy Engineering Limited
2022-11-03,488.6000061035156,497.2000122070313,483.7000122070313,490.3999938964844,487.0557861328125,20020,Isgec Heavy Engineering Limited
2022-11-04,490.7999877929688,495.25,483.0499877929688,484.75,481.4443054199219,62586,Isgec Heavy Engineering Limited
2022-11-07,478.1000061035156,492.0,478.1000061035156,482.1499938964844,478.8620300292969,53156,Isgec Heavy Engineering Limited
2022-11-09,489.0,492.9500122070313,483.0,488.25,484.9204406738281,60086,Isgec Heavy Engineering Limited
2022-11-10,492.5,494.0,472.2999877929688,475.0,471.7607727050781,37126,Isgec Heavy Engineering Limited
2022-11-11,482.0,498.0,471.5,482.6000061035156,479.3089599609375,36266,Isgec Heavy Engineering Limited
2022-11-14,514.0,514.0,488.9500122070313,491.6000061035156,488.2475891113281,101104,Isgec Heavy Engineering Limited
2022-11-15,491.6000061035156,496.5,478.3999938964844,480.9500122070313,477.6702270507813,64941,Isgec Heavy Engineering Limited
2022-11-16,484.5,491.0,474.0,477.75,474.4920349121094,57564,Isgec Heavy Engineering Limited
2022-11-17,480.0,484.0,476.4500122070313,478.5499877929688,475.2865905761719,19150,Isgec Heavy Engineering Limited
2022-11-18,481.6000061035156,481.6000061035156,460.0,465.1000061035156,461.9283142089844,58884,Isgec Heavy Engineering Limited
2022-11-21,467.0,469.2000122070313,452.2999877929688,455.3500061035156,452.2448120117188,38348,Isgec Heavy Engineering Limited
2022-11-22,453.1000061035156,459.8500061035156,451.1000061035156,454.1000061035156,451.0033264160156,38278,Isgec Heavy Engineering Limited
2022-11-23,455.2000122070313,458.8500061035156,448.8999938964844,453.3500061035156,450.2584533691406,46959,Isgec Heavy Engineering Limited
2022-11-24,457.3500061035156,478.0,453.1499938964844,470.7000122070313,467.4901123046875,89131,Isgec Heavy Engineering Limited
2022-11-25,473.8999938964844,482.7000122070313,465.0,466.0499877929688,462.8717956542969,28332,Isgec Heavy Engineering Limited
2022-11-28,466.0499877929688,474.7999877929688,464.3999938964844,470.9500122070313,467.7384338378906,53294,Isgec Heavy Engineering Limited
2022-11-29,476.1499938964844,478.7999877929688,469.7999877929688,472.3500061035156,469.1288757324219,27328,Isgec Heavy Engineering Limited
2022-11-30,472.0,535.0,471.1000061035156,519.6500244140625,516.1063232421875,236803,Isgec Heavy Engineering Limited
2022-12-01,522.0499877929688,527.0,504.5,520.5499877929688,517.0001220703125,173142,Isgec Heavy Engineering Limited
2022-12-02,529.7000122070312,539.0,515.6500244140625,519.9500122070312,516.4042358398438,106584,Isgec Heavy Engineering Limited
2022-12-05,521.0,534.0,517.0999755859375,527.7999877929688,524.20068359375,77161,Isgec Heavy Engineering Limited
2022-12-06,528.0,533.0,517.5499877929688,519.2000122070312,515.6593627929688,37386,Isgec Heavy Engineering Limited
2022-12-07,515.0499877929688,525.4500122070312,511.8500061035156,514.5999755859375,511.09075927734375,33677,Isgec Heavy Engineering Limited
2022-12-08,514.5999755859375,529.0,513.2000122070312,518.0,514.4675903320312,73411,Isgec Heavy Engineering Limited
2022-12-09,522.0,526.0999755859375,501.4500122070313,508.8999938964844,505.4295959472656,36742,Isgec Heavy Engineering Limited
2022-12-12,501.5499877929688,511.75,500.0499877929688,502.5,499.0732727050781,29112,Isgec Heavy Engineering Limited
2022-12-13,506.0,510.25,501.5499877929688,507.1000061035156,503.6419067382813,25639,Isgec Heavy Engineering Limited
2022-12-14,513.9000244140625,514.0499877929688,505.1000061035156,510.8500061035156,507.3663330078125,16079,Isgec Heavy Engineering Limited
2022-12-15,510.8500061035156,522.4500122070312,503.0,507.3999938964844,503.9398193359375,42272,Isgec Heavy Engineering Limited
2022-12-16,511.0,516.9000244140625,502.8999938964844,506.25,502.7976989746094,32019,Isgec Heavy Engineering Limited
2022-12-19,506.5,521.0,506.4500122070313,513.9500122070312,510.4451904296875,50666,Isgec Heavy Engineering Limited
2022-12-20,519.0999755859375,539.9000244140625,502.1000061035156,515.5,511.984619140625,192861,Isgec Heavy Engineering Limited
2022-12-21,520.0,521.0999755859375,494.8500061035156,499.5499877929688,496.1433715820313,40486,Isgec Heavy Engineering Limited
2022-12-22,496.5499877929688,505.0,476.2000122070313,477.75,474.4920349121094,58244,Isgec Heavy Engineering Limited
2022-12-23,478.0,479.4500122070313,460.1000061035156,461.3500061035156,458.2038879394531,36003,Isgec Heavy Engineering Limited
2022-12-26,465.3500061035156,476.0,462.3999938964844,464.7000122070313,461.5310363769531,29575,Isgec Heavy Engineering Limited
2022-12-27,469.25,473.25,463.0,468.8999938964844,465.702392578125,42711,Isgec Heavy Engineering Limited
2022-12-28,468.0,475.5,463.0,464.4500122070313,461.2827453613281,37396,Isgec Heavy Engineering Limited
2022-12-29,469.0499877929688,483.9500122070313,464.5,476.25,473.0022583007813,39023,Isgec Heavy Engineering Limited
2022-12-30,482.0,489.7999877929688,476.2999877929688,478.7999877929688,475.5348510742188,22117,Isgec Heavy Engineering Limited
2023-01-02,484.2999877929688,485.1499938964844,475.5,477.0,473.74713134765625,23477,Isgec Heavy Engineering Limited
2023-01-03,478.0,492.5,478.0,479.7000122070313,476.42877197265625,60871,Isgec Heavy Engineering Limited
2023-01-04,479.7000122070313,483.5,470.5,472.6499938964844,469.42681884765625,28056,Isgec Heavy Engineering Limited
2023-01-05,477.0,477.0,471.1000061035156,473.6499938964844,470.41998291015625,13802,Isgec Heavy Engineering Limited
2023-01-06,473.6499938964844,474.8999938964844,457.0,458.9500122070313,455.82025146484375,56242,Isgec Heavy Engineering Limited
2023-01-09,465.9500122070313,469.5,453.3500061035156,457.0499877929688,453.9331970214844,77478,Isgec Heavy Engineering Limited
2023-01-10,464.0,464.0,450.0,456.7999877929688,453.6848754882813,43914,Isgec Heavy Engineering Limited
2023-01-11,461.3500061035156,463.5499877929688,455.1000061035156,459.8999938964844,456.7637634277344,19417,Isgec Heavy Engineering Limited
2023-01-12,459.8999938964844,476.0,459.5499877929688,465.5,462.3255615234375,81259,Isgec Heavy Engineering Limited
2023-01-13,468.0,472.8999938964844,459.8999938964844,469.7000122070313,466.4969482421875,22743,Isgec Heavy Engineering Limited
2023-01-16,467.0,469.7000122070313,449.1499938964844,451.4500122070313,448.3713989257813,112891,Isgec Heavy Engineering Limited
2023-01-17,456.4500122070313,463.9500122070313,452.2000122070313,459.8999938964844,456.7637634277344,33361,Isgec Heavy Engineering Limited
2023-01-18,459.8999938964844,462.0,454.0,456.6499938964844,453.5359497070313,51698,Isgec Heavy Engineering Limited
2023-01-19,458.0,460.7000122070313,455.9500122070313,457.9500122070313,454.82708740234375,28363,Isgec Heavy Engineering Limited
2023-01-20,457.9500122070313,459.5499877929688,451.0,453.1499938964844,450.0597839355469,23747,Isgec Heavy Engineering Limited
2023-01-23,457.6499938964844,457.6499938964844,446.4500122070313,448.1499938964844,445.0939025878906,43081,Isgec Heavy Engineering Limited
2023-01-24,449.1000061035156,456.0,448.5,451.0499877929688,447.9740905761719,28200,Isgec Heavy Engineering Limited
2023-01-25,449.9500122070313,453.75,442.2000122070313,445.0499877929688,442.0150146484375,19157,Isgec Heavy Engineering Limited
2023-01-27,446.0499877929688,455.0,436.0,448.0,444.9449157714844,43468,Isgec Heavy Engineering Limited
2023-01-30,449.3999938964844,455.0,438.0,439.7999877929688,436.80084228515625,27179,Isgec Heavy Engineering Limited
2023-01-31,441.0,444.1499938964844,432.2000122070313,434.6000061035156,431.6363220214844,75371,Isgec Heavy Engineering Limited
2023-02-01,438.1499938964844,449.8999938964844,436.0,440.8999938964844,437.8933410644531,37532,Isgec Heavy Engineering Limited
2023-02-02,445.8500061035156,470.0,441.0,466.0499877929688,462.8717956542969,94278,Isgec Heavy Engineering Limited
2023-02-03,472.0,472.0,447.7999877929688,450.75,447.6761779785156,54408,Isgec Heavy Engineering Limited
2023-02-06,448.75,457.3500061035156,448.5,454.4500122070313,451.3509521484375,19593,Isgec Heavy Engineering Limited
2023-02-07,453.5499877929688,475.0,450.6000061035156,472.8500061035156,469.6254577636719,44335,Isgec Heavy Engineering Limited
2023-02-08,472.8500061035156,479.0,461.5,475.1000061035156,471.860107421875,42280,Isgec Heavy Engineering Limited
2023-02-09,490.0499877929688,499.0,486.25,492.2000122070313,488.843505859375,153833,Isgec Heavy Engineering Limited
2023-02-10,490.2000122070313,509.0,485.0,499.2999877929688,495.8950805664063,89545,Isgec Heavy Engineering Limited
2023-02-13,499.8999938964844,512.0,485.0,505.0499877929688,501.6058654785156,102264,Isgec Heavy Engineering Limited
2023-02-14,501.0,501.0,478.7999877929688,481.7999877929688,478.514404296875,39304,Isgec Heavy Engineering Limited
2023-02-15,465.8999938964844,471.5,456.0499877929688,464.25,461.0841064453125,73463,Isgec Heavy Engineering Limited
2023-02-16,468.0,471.0499877929688,462.0,463.8999938964844,460.7364807128906,18526,Isgec Heavy Engineering Limited
2023-02-17,463.8999938964844,469.1499938964844,455.0,457.9500122070313,454.82708740234375,34039,Isgec Heavy Engineering Limited
2023-02-20,457.9500122070313,461.9500122070313,450.1000061035156,451.1000061035156,448.0238037109375,28823,Isgec Heavy Engineering Limited
2023-02-21,451.1000061035156,454.9500122070313,441.7999877929688,444.7999877929688,441.7667236328125,22823,Isgec Heavy Engineering Limited
2023-02-22,445.0,456.4500122070313,441.25,448.75,445.6897888183594,38023,Isgec Heavy Engineering Limited
2023-02-23,450.0,454.7999877929688,441.7999877929688,447.25,444.2000427246094,29521,Isgec Heavy Engineering Limited
2023-02-24,457.0,465.8999938964844,443.0,448.1000061035156,445.0442199707031,96488,Isgec Heavy Engineering Limited
2023-02-27,448.1000061035156,451.7000122070313,439.8999938964844,443.25,440.227294921875,35685,Isgec Heavy Engineering Limited
2023-02-28,445.0,446.1499938964844,439.3999938964844,441.0499877929688,438.0422973632813,26998,Isgec Heavy Engineering Limited
2023-03-01,447.6499938964844,447.6499938964844,440.0,441.6000061035156,438.5885620117188,22587,Isgec Heavy Engineering Limited
2023-03-02,445.0,457.0,442.1000061035156,453.2000122070313,450.1094665527344,46535,Isgec Heavy Engineering Limited
2023-03-03,454.8500061035156,465.4500122070313,451.7000122070313,455.1499938964844,452.046142578125,48739,Isgec Heavy Engineering Limited
2023-03-06,457.9500122070313,472.9500122070313,454.0499877929688,464.0,460.8357849121094,397143,Isgec Heavy Engineering Limited
2023-03-08,464.0,494.0,461.5,490.3500061035156,487.006103515625,120358,Isgec Heavy Engineering Limited
2023-03-09,489.9500122070313,499.7000122070313,476.0,493.0499877929688,489.6876831054688,87341,Isgec Heavy Engineering Limited
2023-03-10,490.7999877929688,519.7000122070312,483.3999938964844,515.1500244140625,511.6369934082031,231575,Isgec Heavy Engineering Limited
2023-03-13,516.0,526.0,485.0,488.6499938964844,485.3176879882813,113118,Isgec Heavy Engineering Limited
2023-03-14,490.0,495.2999877929688,470.0,474.5499877929688,471.3138427734375,58772,Isgec Heavy Engineering Limited
2023-03-15,477.0,485.2000122070313,465.0,469.7999877929688,466.5962219238281,30865,Isgec Heavy Engineering Limited
2023-03-16,470.0,474.3999938964844,449.75,455.2999877929688,452.1950988769531,68245,Isgec Heavy Engineering Limited
2023-03-17,456.3500061035156,466.7000122070313,453.5,456.3999938964844,453.2876281738281,68675,Isgec Heavy Engineering Limited
2023-03-20,443.0499877929688,459.2000122070313,440.0499877929688,443.3999938964844,440.3762817382813,78998,Isgec Heavy Engineering Limited
2023-03-21,447.75,462.0,445.2000122070313,451.1000061035156,448.0238037109375,48882,Isgec Heavy Engineering Limited
2023-03-22,458.0,461.9500122070313,447.2000122070313,449.0499877929688,445.9877624511719,54264,Isgec Heavy Engineering Limited
2023-03-23,450.1499938964844,457.0,445.0,448.6499938964844,445.5904541015625,27431,Isgec Heavy Engineering Limited
2023-03-24,449.5,452.6000061035156,436.0,439.3500061035156,436.3539123535156,52546,Isgec Heavy Engineering Limited
2023-03-27,453.6000061035156,460.5,427.1000061035156,433.75,430.7920837402344,228814,Isgec Heavy Engineering Limited
2023-03-28,435.1499938964844,435.9500122070313,417.8500061035156,422.5,419.6188049316406,98161,Isgec Heavy Engineering Limited
2023-03-29,427.5,437.7999877929688,422.5499877929688,434.0499877929688,431.0900573730469,87453,Isgec Heavy Engineering Limited
2023-03-31,439.8999938964844,442.2999877929688,433.0,436.2999877929688,433.32470703125,81692,Isgec Heavy Engineering Limited
2023-04-03,435.0,455.0,434.7999877929688,451.8500061035156,448.7686767578125,48220,Isgec Heavy Engineering Limited
2023-04-05,450.25,490.2999877929688,450.25,479.6000061035156,476.3294067382813,163805,Isgec Heavy Engineering Limited
2023-04-06,475.1000061035156,482.25,468.5499877929688,470.9500122070313,467.7384338378906,52296,Isgec Heavy Engineering Limited
2023-04-10,474.8999938964844,474.9500122070313,463.2000122070313,467.3500061035156,464.1629638671875,26167,Isgec Heavy Engineering Limited
2023-04-11,470.0,471.0,455.2000122070313,459.9500122070313,456.81341552734375,42549,Isgec Heavy Engineering Limited
2023-04-12,461.0,483.5,461.0,473.0,469.7744445800781,49889,Isgec Heavy Engineering Limited
2023-04-13,473.0,479.1000061035156,466.0,475.4500122070313,472.2077331542969,33504,Isgec Heavy Engineering Limited
2023-04-17,475.0,480.1000061035156,466.8500061035156,468.2999877929688,465.1064453125,45522,Isgec Heavy Engineering Limited
2023-04-18,474.7999877929688,478.7000122070313,468.6499938964844,474.6000061035156,471.363525390625,31096,Isgec Heavy Engineering Limited
2023-04-19,472.6000061035156,477.3500061035156,466.0,467.7000122070313,464.5105895996094,36066,Isgec Heavy Engineering Limited
2023-04-20,468.5499877929688,482.3500061035156,468.5499877929688,473.7000122070313,470.46966552734375,43367,Isgec Heavy Engineering Limited
2023-04-21,473.7000122070313,475.6000061035156,466.6000061035156,468.2000122070313,465.0071716308594,21934,Isgec Heavy Engineering Limited
2023-04-24,476.0,478.9500122070313,470.0,476.2000122070313,472.9526062011719,32034,Isgec Heavy Engineering Limited
2023-04-25,477.7999877929688,483.5499877929688,473.3999938964844,478.9500122070313,475.6838684082031,52803,Isgec Heavy Engineering Limited
2023-04-26,484.0,496.5,478.9500122070313,495.5,492.1210021972656,114527,Isgec Heavy Engineering Limited
2023-04-27,500.0,501.2999877929688,482.0,486.0,482.685791015625,34501,Isgec Heavy Engineering Limited
2023-04-28,489.0,490.2000122070313,480.3500061035156,487.25,483.9272766113281,26725,Isgec Heavy Engineering Limited
2023-05-02,487.0499877929688,502.7000122070313,481.0,488.0499877929688,484.7218017578125,59755,Isgec Heavy Engineering Limited
2023-05-03,488.0,499.6499938964844,486.7999877929688,496.5499877929688,493.163818359375,39554,Isgec Heavy Engineering Limited
2023-05-04,495.0,504.2999877929688,493.8999938964844,499.5499877929688,496.1433715820313,42724,Isgec Heavy Engineering Limited
2023-05-05,495.1000061035156,502.7999877929688,484.4500122070313,488.4500122070313,485.11907958984375,44557,Isgec Heavy Engineering Limited
2023-05-08,494.0,494.9500122070313,477.8999938964844,480.0499877929688,476.7763366699219,36404,Isgec Heavy Engineering Limited
2023-05-09,481.0,488.0,481.0,484.6000061035156,481.2953186035156,15196,Isgec Heavy Engineering Limited
2023-05-10,484.7000122070313,511.9500122070313,481.5,502.25,498.824951171875,144898,Isgec Heavy Engineering Limited
2023-05-11,506.4500122070313,508.25,502.0,505.1000061035156,501.6555480957031,30944,Isgec Heavy Engineering Limited
2023-05-12,507.1000061035156,522.0,504.3500061035156,520.0999755859375,516.5531616210938,191925,Isgec Heavy Engineering Limited
2023-05-15,523.7999877929688,523.7999877929688,496.0,498.2999877929688,494.9018859863281,77533,Isgec Heavy Engineering Limited
2023-05-16,499.8500061035156,503.2000122070313,489.0,499.25,495.8453979492188,109870,Isgec Heavy Engineering Limited
2023-05-17,495.1000061035156,505.7000122070313,485.5,489.0499877929688,485.7149658203125,90550,Isgec Heavy Engineering Limited
2023-05-18,491.8500061035156,497.7000122070313,480.2999877929688,484.9500122070313,481.6429443359375,66497,Isgec Heavy Engineering Limited
2023-05-19,485.4500122070313,488.7000122070313,475.9500122070313,479.1000061035156,475.8328552246094,53965,Isgec Heavy Engineering Limited
2023-05-22,479.1000061035156,490.4500122070313,479.0499877929688,483.7000122070313,480.4014587402344,72293,Isgec Heavy Engineering Limited
2023-05-23,483.7000122070313,495.1000061035156,483.7000122070313,492.6000061035156,489.2407531738281,49332,Isgec Heavy Engineering Limited
2023-05-24,493.0,498.25,489.0,490.2999877929688,486.9564514160156,36364,Isgec Heavy Engineering Limited
2023-05-25,491.2999877929688,506.9500122070313,490.1000061035156,495.0499877929688,491.674072265625,30546,Isgec Heavy Engineering Limited
2023-05-26,500.0,517.9500122070312,495.7999877929688,509.6499938964844,506.1744689941406,93577,Isgec Heavy Engineering Limited
2023-05-29,515.0999755859375,564.7999877929688,515.0999755859375,537.9500122070312,534.281494140625,631407,Isgec Heavy Engineering Limited
2023-05-30,589.7999877929688,634.0,570.0,588.8499755859375,584.8343505859375,2710122,Isgec Heavy Engineering Limited
2023-05-31,588.8499755859375,604.9500122070312,585.0499877929688,589.5499877929688,585.5296020507812,342835,Isgec Heavy Engineering Limited
2023-06-01,592.5,625.0,586.0499877929688,616.4500122070312,612.2462158203125,464162,Isgec Heavy Engineering Limited
2023-06-02,616.5,624.7000122070312,605.0,612.5999755859375,608.4224243164062,175198,Isgec Heavy Engineering Limited
2023-06-05,612.5999755859375,622.5,606.0,610.0499877929688,605.8897705078125,172067,Isgec Heavy Engineering Limited
2023-06-06,612.7000122070312,618.7999877929688,602.25,605.6500244140625,601.5198974609375,98200,Isgec Heavy Engineering Limited
2023-06-07,605.7000122070312,642.0,597.0,637.5,633.1526489257812,389376,Isgec Heavy Engineering Limited
2023-06-08,640.0,640.0,615.75,619.9500122070312,615.7223510742188,130321,Isgec Heavy Engineering Limited
2023-06-09,623.4500122070312,629.0499877929688,606.5,614.0999755859375,609.9122314453125,113431,Isgec Heavy Engineering Limited
2023-06-12,617.1500244140625,624.5,610.0,611.5499877929688,607.3795776367188,111112,Isgec Heavy Engineering Limited
2023-06-13,613.9500122070312,616.75,600.0499877929688,603.6500244140625,599.5335083007812,117199,Isgec Heavy Engineering Limited
2023-06-14,606.0,627.7000122070312,606.0,622.3499755859375,618.10595703125,229956,Isgec Heavy Engineering Limited
2023-06-15,623.0,644.9000244140625,616.5499877929688,633.0,628.683349609375,206628,Isgec Heavy Engineering Limited
2023-06-16,638.0,654.75,632.5,648.2000122070312,643.7797241210938,167625,Isgec Heavy Engineering Limited
2023-06-19,650.0,653.3499755859375,632.0999755859375,636.1500244140625,631.8118896484375,92461,Isgec Heavy Engineering Limited
2023-06-20,645.0,669.9500122070312,640.4000244140625,665.5999755859375,661.06103515625,324665,Isgec Heavy Engineering Limited
2023-06-21,666.2999877929688,686.0,661.5499877929688,679.3499755859375,674.7172241210938,227857,Isgec Heavy Engineering Limited
2023-06-22,673.5999755859375,688.0,663.7000122070312,676.4500122070312,671.8370361328125,120699,Isgec Heavy Engineering Limited
2023-06-23,679.7999877929688,682.0,662.0499877929688,670.2999877929688,665.7289428710938,100411,Isgec Heavy Engineering Limited
2023-06-26,669.0,680.7000122070312,646.7000122070312,655.75,651.2781982421875,123136,Isgec Heavy Engineering Limited
2023-06-27,656.2000122070312,676.9500122070312,656.2000122070312,663.4000244140625,658.8760375976562,79142,Isgec Heavy Engineering Limited
2023-06-28,666.0,680.0999755859375,662.0,674.5499877929688,669.949951171875,41341,Isgec Heavy Engineering Limited
2023-06-30,680.9000244140625,702.0,672.7000122070312,693.5999755859375,688.8700561523438,191477,Isgec Heavy Engineering Limited
2023-07-03,700.0,700.0,671.25,673.5999755859375,669.0064086914062,92558,Isgec Heavy Engineering Limited
2023-07-04,677.5,686.2000122070312,667.0,670.4500122070312,665.8779296875,54968,Isgec Heavy Engineering Limited
2023-07-05,670.4500122070312,684.9000244140625,670.25,673.0499877929688,668.460205078125,57992,Isgec Heavy Engineering Limited
2023-07-06,671.2000122070312,694.3499755859375,671.2000122070312,678.0,673.37646484375,70886,Isgec Heavy Engineering Limited
2023-07-07,678.0,688.9500122070312,665.0,667.6500244140625,663.0971069335938,64456,Isgec Heavy Engineering Limited
2023-07-10,670.0,683.5,665.0,676.5499877929688,671.9363403320312,47479,Isgec Heavy Engineering Limited
2023-07-11,674.0,698.5,674.0,693.0,688.274169921875,77636,Isgec Heavy Engineering Limited
2023-07-12,696.0,696.0,679.9500122070312,684.3499755859375,679.6831665039062,51048,Isgec Heavy Engineering Limited
2023-07-13,688.3499755859375,700.0,675.0,680.2000122070312,675.5614624023438,76759,Isgec Heavy Engineering Limited
2023-07-14,682.0,700.0,680.0999755859375,688.25,683.5565185546875,65770,Isgec Heavy Engineering Limited
2023-07-17,690.5,724.0,690.4500122070312,715.25,710.3724365234375,252893,Isgec Heavy Engineering Limited
2023-07-18,715.0,722.1500244140625,692.4500122070312,695.75,691.00537109375,84914,Isgec Heavy Engineering Limited
2023-07-19,696.75,709.0,685.0,689.0499877929688,684.35107421875,83828,Isgec Heavy Engineering Limited
2023-07-20,695.9500122070312,696.6500244140625,672.0999755859375,678.7999877929688,674.1709594726562,63635,Isgec Heavy Engineering Limited
2023-07-21,672.25,720.0,672.25,715.3499755859375,710.4716796875,209505,Isgec Heavy Engineering Limited
2023-07-24,721.0,730.0,703.3499755859375,712.0999755859375,707.243896484375,85861,Isgec Heavy Engineering Limited
2023-07-25,714.0499877929688,719.5,706.5499877929688,714.9000244140625,710.0248413085938,49678,Isgec Heavy Engineering Limited
2023-07-26,713.0,732.0,710.0,724.8499755859375,719.9069213867188,116471,Isgec Heavy Engineering Limited
2023-07-27,730.2999877929688,733.9500122070312,712.3499755859375,721.0499877929688,716.1328735351562,60571,Isgec Heavy Engineering Limited
2023-07-28,721.0499877929688,738.0,718.2999877929688,727.9000244140625,722.9362182617188,80131,Isgec Heavy Engineering Limited
2023-07-31,727.2000122070312,754.0,727.2000122070312,738.4500122070312,733.4142456054688,161033,Isgec Heavy Engineering Limited
2023-08-01,735.0,745.8499755859375,725.0,729.5,724.5252685546875,44116,Isgec Heavy Engineering Limited
2023-08-02,733.0,740.1500244140625,726.25,735.2000122070312,730.1864013671875,66757,Isgec Heavy Engineering Limited
2023-08-03,735.4000244140625,749.9500122070312,726.5499877929688,731.25,726.2633056640625,72234,Isgec Heavy Engineering Limited
2023-08-04,738.8499755859375,747.5999755859375,728.7999877929688,739.7999877929688,734.7550048828125,60541,Isgec Heavy Engineering Limited
2023-08-07,747.9500122070312,747.9500122070312,727.25,733.6500244140625,728.64697265625,35509,Isgec Heavy Engineering Limited
2023-08-08,750.0,750.0,730.0,736.0999755859375,731.0802612304688,41146,Isgec Heavy Engineering Limited
2023-08-09,743.5,743.7000122070312,720.0,724.6500244140625,719.7083129882812,45613,Isgec Heavy Engineering Limited
2023-08-10,724.7000122070312,764.7999877929688,724.7000122070312,746.4000244140625,741.31005859375,146728,Isgec Heavy Engineering Limited
2023-08-11,750.0,752.7999877929688,722.25,730.2999877929688,725.3197631835938,55109,Isgec Heavy Engineering Limited
2023-08-14,739.0,758.5,721.2999877929688,755.0499877929688,752.9942016601562,156006,Isgec Heavy Engineering Limited
2023-08-16,754.9000244140625,768.4500122070312,739.9000244140625,744.9000244140625,742.8718872070312,70888,Isgec Heavy Engineering Limited
2023-08-17,747.0499877929688,750.6500244140625,698.5499877929688,705.4500122070312,703.529296875,172531,Isgec Heavy Engineering Limited
2023-08-18,700.0,734.3499755859375,700.0,707.3499755859375,705.424072265625,143993,Isgec Heavy Engineering Limited
2023-08-21,712.0,731.5,708.0999755859375,714.3499755859375,712.405029296875,64873,Isgec Heavy Engineering Limited
2023-08-22,717.0,723.75,703.6500244140625,705.0999755859375,703.1802368164062,53023,Isgec Heavy Engineering Limited
2023-08-23,713.0999755859375,715.5999755859375,700.6500244140625,704.9500122070312,703.0306396484375,43221,Isgec Heavy Engineering Limited
2023-08-24,707.75,719.0,705.25,710.9000244140625,708.9644775390625,58888,Isgec Heavy Engineering Limited
2023-08-25,710.75,718.2999877929688,687.3499755859375,701.5999755859375,699.6897583007812,55780,Isgec Heavy Engineering Limited
2023-08-28,701.5999755859375,711.2000122070312,691.0,696.5,694.6036376953125,41494,Isgec Heavy Engineering Limited
2023-08-29,702.0,709.7999877929688,695.7000122070312,700.9000244140625,698.99169921875,47473,Isgec Heavy Engineering Limited
2023-08-30,703.0,713.9500122070312,696.0,701.2000122070312,699.2908935546875,38317,Isgec Heavy Engineering Limited
2023-08-31,708.2999877929688,708.2999877929688,690.0,695.2000122070312,693.3071899414062,61754,Isgec Heavy Engineering Limited
2023-09-01,698.2000122070312,704.0,691.7000122070312,694.4000244140625,692.5093994140625,64993,Isgec Heavy Engineering Limited
2023-09-04,695.0,712.75,691.7000122070312,698.0999755859375,696.1992797851562,98109,Isgec Heavy Engineering Limited
2023-09-05,695.5499877929688,711.7999877929688,692.9500122070312,699.0,697.0968627929688,76888,Isgec Heavy Engineering Limited
2023-09-06,700.0,702.0499877929688,692.0499877929688,695.25,693.3570556640625,43478,Isgec Heavy Engineering Limited
2023-09-07,722.2999877929688,727.5,693.2000122070312,723.5499877929688,721.5800170898438,256278,Isgec Heavy Engineering Limited
2023-09-08,718.0,811.9000244140625,718.0,804.6500244140625,802.459228515625,1040787,Isgec Heavy Engineering Limited
2023-09-11,820.0,837.0,787.0,793.0499877929688,790.8907470703125,403534,Isgec Heavy Engineering Limited
2023-09-12,799.9000244140625,801.7999877929688,751.1500244140625,753.4000244140625,751.3487548828125,179026,Isgec Heavy Engineering Limited
2023-09-13,760.9500122070312,771.0,730.0,738.6500244140625,736.638916015625,137861,Isgec Heavy Engineering Limited
2023-09-14,748.0,754.75,731.0999755859375,737.5499877929688,735.5418701171875,113660,Isgec Heavy Engineering Limited
2023-09-15,744.7999877929688,747.0499877929688,729.1500244140625,735.9500122070312,733.9462280273438,76887,Isgec Heavy Engineering Limited
2023-09-18,745.0,755.0,712.25,736.9500122070312,734.9435424804688,122102,Isgec Heavy Engineering Limited
2023-09-20,736.0,741.9000244140625,714.0,720.5999755859375,718.6380004882812,221311,Isgec Heavy Engineering Limited
2023-09-21,720.5999755859375,749.4000244140625,720.0499877929688,726.0,724.0233154296875,171832,Isgec Heavy Engineering Limited
2023-09-22,726.0,740.0499877929688,722.7000122070312,726.0,724.0233154296875,55359,Isgec Heavy Engineering Limited
2023-09-25,726.0,733.4000244140625,715.0,717.5499877929688,715.5963134765625,45277,Isgec Heavy Engineering Limited
2023-09-26,717.7000122070312,726.8499755859375,710.0999755859375,712.5999755859375,710.6597900390625,44579,Isgec Heavy Engineering Limited
2023-09-27,712.0999755859375,737.9000244140625,712.0999755859375,727.5499877929688,725.569091796875,63910,Isgec Heavy Engineering Limited
2023-09-28,727.9500122070312,733.9000244140625,713.0,714.5499877929688,712.6044921875,56661,Isgec Heavy Engineering Limited
2023-09-29,712.0,731.9000244140625,712.0,727.4500122070312,725.4694213867188,43930,Isgec Heavy Engineering Limited
2023-10-03,730.4500122070312,736.3499755859375,715.0,728.2999877929688,726.3170776367188,68797,Isgec Heavy Engineering Limited
2023-10-04,727.9000244140625,735.0,716.0,718.75,716.7930908203125,87686,Isgec Heavy Engineering Limited
2023-10-05,725.25,731.7999877929688,709.0,710.0999755859375,708.1666259765625,53256,Isgec Heavy Engineering Limited
2023-10-06,711.7999877929688,721.25,704.2000122070312,706.9000244140625,704.975341796875,63077,Isgec Heavy Engineering Limited
2023-10-09,700.0,721.0999755859375,694.0999755859375,715.25,713.3026123046875,81000,Isgec Heavy Engineering Limited
2023-10-10,720.0,720.0,712.0,714.7999877929688,712.8538208007812,39631,Isgec Heavy Engineering Limited
2023-10-11,717.7999877929688,724.5,712.2999877929688,715.5,713.5519409179688,56886,Isgec Heavy Engineering Limited
2023-10-12,719.5,744.0,711.8499755859375,735.75,733.7467651367188,102413,Isgec Heavy Engineering Limited
2023-10-13,730.75,739.9500122070312,722.0499877929688,724.9000244140625,722.9263305664062,38266,Isgec Heavy Engineering Limited
2023-10-16,729.9000244140625,748.9000244140625,727.8499755859375,730.75,728.7603759765625,94558,Isgec Heavy Engineering Limited
2023-10-17,741.7000122070312,742.7000122070312,730.4500122070312,734.9500122070312,732.948974609375,54726,Isgec Heavy Engineering Limited
2023-10-18,744.0,745.0,725.7999877929688,730.0499877929688,728.0623168945312,36813,Isgec Heavy Engineering Limited
2023-10-19,730.0,737.3499755859375,725.0,730.0999755859375,728.1121215820312,37861,Isgec Heavy Engineering Limited
2023-10-20,732.0999755859375,732.8499755859375,722.0499877929688,724.9500122070312,722.9761962890625,35872,Isgec Heavy Engineering Limited
2023-10-23,716.0,726.2000122070312,690.2000122070312,696.75,694.8529663085938,76769,Isgec Heavy Engineering Limited
2023-10-25,714.7999877929688,716.7999877929688,672.5,685.9500122070312,684.0823974609375,121984,Isgec Heavy Engineering Limited
2023-10-26,684.0,690.0,656.0,672.9000244140625,671.0679321289062,80830,Isgec Heavy Engineering Limited
2023-10-27,675.9000244140625,701.5,675.5,689.7999877929688,687.921875,56647,Isgec Heavy Engineering Limited
2023-10-30,691.0,692.6500244140625,668.0999755859375,671.7999877929688,669.9708862304688,72629,Isgec Heavy Engineering Limited
2023-10-31,673.0999755859375,683.75,670.5,673.3499755859375,671.5166625976562,37982,Isgec Heavy Engineering Limited
2023-11-01,667.0,707.2999877929688,667.0,700.7999877929688,698.8919067382812,100650,Isgec Heavy Engineering Limited
2023-11-02,705.0,715.5999755859375,700.3499755859375,709.4000244140625,707.4685668945312,60025,Isgec Heavy Engineering Limited
2023-11-03,720.0499877929688,724.0,701.0,704.2000122070312,702.28271484375,41077,Isgec Heavy Engineering Limited
2023-11-06,712.5,743.9500122070312,708.5999755859375,729.6500244140625,727.6633911132812,125105,Isgec Heavy Engineering Limited
2023-11-07,732.0,746.4000244140625,726.5999755859375,741.4000244140625,739.3814086914062,60177,Isgec Heavy Engineering Limited
2023-11-08,749.0,749.9000244140625,738.0,747.3499755859375,745.315185546875,48609,Isgec Heavy Engineering Limited
2023-11-09,747.3499755859375,758.9000244140625,722.6500244140625,744.5999755859375,742.5726928710938,54640,Isgec Heavy Engineering Limited
2023-11-10,753.0499877929688,753.0499877929688,730.25,733.0499877929688,731.0541381835938,32845,Isgec Heavy Engineering Limited
2023-11-13,762.0,771.0,748.0999755859375,763.2999877929688,761.2217407226562,104712,Isgec Heavy Engineering Limited
2023-11-15,793.9500122070312,810.0,780.0,785.2999877929688,783.161865234375,488683,Isgec Heavy Engineering Limited
2023-11-16,789.75,802.0,770.7000122070312,785.5499877929688,783.4111938476562,193626,Isgec Heavy Engineering Limited
2023-11-17,789.7999877929688,869.0,787.7999877929688,848.0999755859375,845.7908935546875,1073723,Isgec Heavy Engineering Limited
2023-11-20,858.3499755859375,884.9500122070312,854.0,859.3499755859375,857.01025390625,520999,Isgec Heavy Engineering Limited
2023-11-21,859.6500244140625,907.0,859.6500244140625,902.2999877929688,899.8433227539062,482390,Isgec Heavy Engineering Limited
2023-11-22,919.9000244140624,932.4000244140624,877.0,885.6500244140625,883.2387084960938,409205,Isgec Heavy Engineering Limited
2023-11-23,885.5499877929688,909.7000122070312,873.7000122070312,896.5499877929688,894.1089477539062,294074,Isgec Heavy Engineering Limited
2023-11-24,902.0,937.6500244140624,900.6500244140625,907.0999755859376,904.6302490234376,261724,Isgec Heavy Engineering Limited
2023-11-28,910.0499877929688,924.9000244140624,907.0999755859376,913.3499755859376,910.8632202148438,172955,Isgec Heavy Engineering Limited
2023-11-29,913.3499755859376,939.8499755859376,913.2999877929688,920.2000122070312,917.694580078125,132832,Isgec Heavy Engineering Limited
2023-11-30,927.7000122070312,937.0,901.0499877929688,928.4000244140624,925.872314453125,144374,Isgec Heavy Engineering Limited
2023-12-01,929.25,959.4000244140624,929.25,933.2999877929688,930.7589111328124,316700,Isgec Heavy Engineering Limited
2023-12-04,947.4000244140624,974.4000244140624,945.75,959.9000244140624,957.2864990234376,218122,Isgec Heavy Engineering Limited
2023-12-05,969.9500122070312,993.4500122070312,959.8499755859376,965.7999877929688,963.17041015625,296998,Isgec Heavy Engineering Limited
2023-12-06,972.5499877929688,975.0,936.5999755859376,943.8499755859376,941.2801513671876,130365,Isgec Heavy Engineering Limited
2023-12-07,943.8499755859376,956.0,931.0,951.7000122070312,949.1088256835938,111447,Isgec Heavy Engineering Limited
2023-12-08,951.7000122070312,962.0,915.0,927.1500244140624,924.6256713867188,150272,Isgec Heavy Engineering Limited
2023-12-11,927.1500244140624,934.1500244140624,910.0,926.9000244140624,924.3763427734376,90966,Isgec Heavy Engineering Limited
2023-12-12,936.7000122070312,936.7000122070312,900.0,904.7000122070312,902.23681640625,104484,Isgec Heavy Engineering Limited
2023-12-13,902.0,924.5999755859376,894.7999877929688,917.6500244140624,915.1515502929688,127321,Isgec Heavy Engineering Limited
2023-12-14,918.0,958.0,918.0,951.3499755859376,948.759765625,179010,Isgec Heavy Engineering Limited
2023-12-15,951.4500122070312,958.7999877929688,925.0,932.5999755859376,930.060791015625,89675,Isgec Heavy Engineering Limited
2023-12-18,937.4000244140624,950.4000244140624,933.0,944.25,941.6791381835938,126916,Isgec Heavy Engineering Limited
2023-12-19,944.25,949.5,929.5499877929688,947.5499877929688,944.9700927734376,79659,Isgec Heavy Engineering Limited
2023-12-20,947.5499877929688,960.0,890.0,896.2000122070312,893.7599487304688,123547,Isgec Heavy Engineering Limited
2023-12-21,884.0,944.0,878.0499877929688,938.5499877929688,935.99462890625,165557,Isgec Heavy Engineering Limited
2023-12-22,938.5499877929688,945.0,922.3499755859376,928.7999877929688,926.2711791992188,49334,Isgec Heavy Engineering Limited
2023-12-26,937.9500122070312,952.0,927.4000244140624,938.5,935.9447631835938,65235,Isgec Heavy Engineering Limited
2023-12-27,938.5,956.5,936.3499755859376,950.9000244140624,948.31103515625,78708,Isgec Heavy Engineering Limited
2023-12-28,942.8499755859376,996.9000244140624,941.9000244140624,975.2999877929688,972.64453125,281263,Isgec Heavy Engineering Limited
2023-12-29,975.2999877929688,989.0499877929688,961.2999877929688,981.4000244140624,978.7279663085938,96629,Isgec Heavy Engineering Limited
2024-01-01,985.6500244140624,999.0,981.2999877929688,992.4500122070312,989.7478637695312,82290,Isgec Heavy Engineering Limited
2024-01-02,992.4500122070312,997.5,968.0,978.4000244140624,975.7361450195312,54306,Isgec Heavy Engineering Limited
2024-01-03,970.0,982.5,951.0499877929688,955.7999877929688,953.1976318359376,70637,Isgec Heavy Engineering Limited
2024-01-04,969.75,969.75,956.6500244140624,959.0,956.3889770507812,34322,Isgec Heavy Engineering Limited
2024-01-05,959.5999755859376,999.0,949.5,967.5,964.8657836914062,156398,Isgec Heavy Engineering Limited
2024-01-08,967.5,974.5,944.9000244140624,949.4500122070312,946.864990234375,76331,Isgec Heavy Engineering Limited
2024-01-09,964.6500244140624,1008.0,955.0,974.0999755859376,971.4478149414062,195431,Isgec Heavy Engineering Limited
2024-01-10,974.0999755859376,1043.6500244140625,974.0,1021.0499877929688,1018.27001953125,399916,Isgec Heavy Engineering Limited
2024-01-11,1058.0,1058.0,1011.5,1028.949951171875,1026.1484375,197062,Isgec Heavy Engineering Limited
2024-01-12,1029.949951171875,1035.5,995.1500244140624,1004.9000244140624,1002.1640014648438,75557,Isgec Heavy Engineering Limited
2024-01-15,1004.9000244140624,1004.9000244140624,1004.9000244140624,1004.9000244140624,1002.1640014648438,0,Isgec Heavy Engineering Limited
2024-01-16,994.7000122070312,1018.8499755859376,985.0499877929688,991.8499755859376,989.1494750976562,72207,Isgec Heavy Engineering Limited
2024-01-17,990.0499877929688,1012.0999755859376,952.5499877929688,974.2000122070312,971.5475463867188,113379,Isgec Heavy Engineering Limited
2024-01-18,961.9000244140624,997.8499755859376,945.0499877929688,971.5,968.8549194335938,130417,Isgec Heavy Engineering Limited
2024-01-19,971.5,991.9500122070312,966.0499877929688,985.5499877929688,982.8666381835938,61943,Isgec Heavy Engineering Limited
2024-01-23,1006.9500122070312,1019.0,959.9500122070312,965.2999877929688,962.6718139648438,84329,Isgec Heavy Engineering Limited
2024-01-24,973.0,1014.9500122070312,958.75,1010.0499877929688,1007.2999267578124,194028,Isgec Heavy Engineering Limited
2024-01-25,1005.0499877929688,1040.0,1000.0499877929688,1033.199951171875,1030.3868408203125,99786,Isgec Heavy Engineering Limited
2024-01-29,1035.0,1064.8499755859375,1031.1500244140625,1058.3499755859375,1055.4683837890625,98858,Isgec Heavy Engineering Limited
2024-01-30,1058.3499755859375,1069.0,1026.0999755859375,1035.800048828125,1032.9798583984375,146809,Isgec Heavy Engineering Limited
2024-01-31,1037.4000244140625,1053.449951171875,1014.7000122070312,1031.6500244140625,1028.8411865234375,101713,Isgec Heavy Engineering Limited
2024-02-01,1030.0,1042.0,1014.8499755859376,1036.300048828125,1033.478515625,51315,Isgec Heavy Engineering Limited
2024-02-02,1036.199951171875,1048.0,1023.5999755859376,1038.449951171875,1035.62255859375,65548,Isgec Heavy Engineering Limited
2024-02-05,1038.3499755859375,1073.0,1018.75,1048.6500244140625,1045.794921875,72728,Isgec Heavy Engineering Limited
2024-02-06,1048.6500244140625,1147.949951171875,1048.550048828125,1135.5999755859375,1132.508056640625,300757,Isgec Heavy Engineering Limited
2024-02-07,1149.4000244140625,1154.199951171875,1111.949951171875,1130.8499755859375,1127.77099609375,96439,Isgec Heavy Engineering Limited
2024-02-08,1138.8499755859375,1178.25,1131.800048828125,1151.300048828125,1148.1654052734375,156399,Isgec Heavy Engineering Limited
2024-02-09,1150.8499755859375,1163.0999755859375,1085.0,1128.050048828125,1124.978759765625,180715,Isgec Heavy Engineering Limited
2024-02-12,1128.050048828125,1142.949951171875,1031.0,1052.300048828125,1049.4349365234375,103981,Isgec Heavy Engineering Limited
2024-02-13,1054.050048828125,1066.0,913.25,936.25,933.7008666992188,445090,Isgec Heavy Engineering Limited
2024-02-14,911.0,936.25,900.0,910.9500122070312,908.4697875976562,191085,Isgec Heavy Engineering Limited
2024-02-15,910.9500122070312,917.0499877929688,877.8499755859375,881.2999877929688,878.9005126953125,237415,Isgec Heavy Engineering Limited
2024-02-16,886.1500244140625,904.9500122070312,860.0,864.75,862.3955688476562,219818,Isgec Heavy Engineering Limited
2024-02-19,887.9500122070312,904.9000244140624,868.0,872.0,869.6257934570312,165937,Isgec Heavy Engineering Limited
2024-02-20,879.6500244140625,881.4500122070312,852.0,856.8499755859375,854.5170288085938,75439,Isgec Heavy Engineering Limited
2024-02-21,879.75,879.75,827.0,828.9000244140625,826.6431884765625,155493,Isgec Heavy Engineering Limited
2024-02-22,833.0,864.8499755859375,827.0,861.25,858.9050903320312,131835,Isgec Heavy Engineering Limited
2024-02-23,861.25,869.9500122070312,855.4500122070312,864.5499877929688,862.1961059570312,91830,Isgec Heavy Engineering Limited
2024-02-26,870.0,872.5499877929688,844.0,850.0,847.6857299804688,47607,Isgec Heavy Engineering Limited
2024-02-27,844.0,867.2000122070312,844.0,855.0499877929688,852.7219848632812,50064,Isgec Heavy Engineering Limited
2024-02-28,864.0,864.0,829.0499877929688,840.75,838.4608764648438,52447,Isgec Heavy Engineering Limited
2024-02-29,859.0,859.0,828.7000122070312,851.1500244140625,848.8326416015625,81515,Isgec Heavy Engineering Limited
2024-03-01,844.0,892.4000244140625,844.0,882.6500244140625,880.246826171875,77942,Isgec Heavy Engineering Limited
2024-03-04,875.25,954.0,875.25,940.0,937.440673828125,853646,Isgec Heavy Engineering Limited
2024-03-05,944.0,950.0,907.7000122070312,945.1500244140624,942.57666015625,146935,Isgec Heavy Engineering Limited
2024-03-06,945.0999755859376,945.0999755859376,890.4000244140625,932.4000244140624,929.8613891601562,140005,Isgec Heavy Engineering Limited
2024-03-07,923.0999755859376,948.3499755859376,907.0,929.2999877929688,926.769775390625,111984,Isgec Heavy Engineering Limited
2024-03-11,925.0,926.4500122070312,870.0,881.1500244140625,878.7509155273438,78640,Isgec Heavy Engineering Limited
2024-03-12,881.1500244140625,891.3499755859375,853.0,858.9000244140625,856.5615234375,123646,Isgec Heavy Engineering Limited
2024-03-13,862.2000122070312,866.7000122070312,815.7000122070312,822.9500122070312,820.7094116210938,109061,Isgec Heavy Engineering Limited
2024-03-14,810.0,866.75,810.0,863.0,860.6503295898438,53887,Isgec Heavy Engineering Limited
2024-03-15,864.75,885.5999755859375,827.0,875.6500244140625,873.2659301757812,69237,Isgec Heavy Engineering Limited
2024-03-18,875.5,878.9500122070312,838.8499755859375,844.25,841.9513549804688,46353,Isgec Heavy Engineering Limited
2024-03-19,845.0,853.4000244140625,827.1500244140625,835.3499755859375,833.0755615234375,36600,Isgec Heavy Engineering Limited
2024-03-20,839.0499877929688,844.5999755859375,817.6500244140625,833.9000244140625,831.6295776367188,64390,Isgec Heavy Engineering Limited
2024-03-21,850.0,872.0,842.0,868.0499877929688,865.6865844726562,38191,Isgec Heavy Engineering Limited
2024-03-22,869.25,904.5499877929688,866.3499755859375,894.1500244140625,891.7155151367188,120178,Isgec Heavy Engineering Limited
2024-03-26,894.1500244140625,907.0,866.5,877.0499877929688,874.6620483398438,42091,Isgec Heavy Engineering Limited
2024-03-27,877.0499877929688,909.9000244140624,877.0499877929688,903.9500122070312,901.4888305664062,51976,Isgec Heavy Engineering Limited
2024-03-28,924.0,933.0,878.75,897.9000244140625,895.455322265625,85862,Isgec Heavy Engineering Limited
2024-04-01,897.9500122070312,933.8499755859376,897.9500122070312,929.0,926.4706420898438,49234,Isgec Heavy Engineering Limited
2024-04-02,940.0,940.0,920.0499877929688,931.5,928.9638061523438,40719,Isgec Heavy Engineering Limited
2024-04-03,935.0,971.1500244140624,908.8499755859376,966.7999877929688,964.167724609375,110367,Isgec Heavy Engineering Limited
2024-04-04,983.5999755859376,984.7000122070312,956.7999877929688,960.7999877929688,958.1840209960938,63109,Isgec Heavy Engineering Limited
2024-04-05,955.0999755859376,963.5499877929688,952.1500244140624,957.7999877929688,955.1921997070312,34188,Isgec Heavy Engineering Limited
2024-04-08,957.8499755859376,967.5499877929688,927.7999877929688,935.9500122070312,933.4017333984376,42204,Isgec Heavy Engineering Limited
2024-04-09,936.5,989.9000244140624,936.5,942.2999877929688,939.7344360351562,77666,Isgec Heavy Engineering Limited
2024-04-10,947.2999877929688,948.6500244140624,909.9500122070312,921.4500122070312,918.9412231445312,76707,Isgec Heavy Engineering Limited
2024-04-12,933.4500122070312,997.0,931.25,972.6500244140624,970.0018310546876,799620,Isgec Heavy Engineering Limited
2024-04-15,959.9500122070312,1015.0,935.2000122070312,1002.9500122070312,1000.2192993164062,264854,Isgec Heavy Engineering Limited
2024-04-16,1001.0499877929688,1022.0,986.7000122070312,1001.1500244140624,998.4241943359376,119281,Isgec Heavy Engineering Limited
2024-04-18,1006.4000244140624,1015.7000122070312,977.9500122070312,986.2000122070312,983.514892578125,68227,Isgec Heavy Engineering Limited
2024-04-19,986.1500244140624,1019.2000122070312,980.0,1001.0499877929688,998.324462890625,118743,Isgec Heavy Engineering Limited
2024-04-22,1000.0999755859376,1055.0,1000.0999755859376,1030.9000244140625,1028.09326171875,115628,Isgec Heavy Engineering Limited
2024-04-23,1030.949951171875,1049.0,1018.5999755859376,1037.550048828125,1034.72509765625,75029,Isgec Heavy Engineering Limited
2024-04-24,1050.0,1067.4000244140625,1038.699951171875,1050.5,1047.6397705078125,211332,Isgec Heavy Engineering Limited
2024-04-25,1057.800048828125,1080.4000244140625,1045.0,1067.0999755859375,1064.194580078125,93770,Isgec Heavy Engineering Limited
2024-04-26,1071.800048828125,1107.9000244140625,1068.0,1099.550048828125,1096.5562744140625,370084,Isgec Heavy Engineering Limited
2024-04-29,1105.0,1140.0,1094.0,1122.3499755859375,1119.294189453125,156490,Isgec Heavy Engineering Limited
2024-04-30,1121.0,1121.0,1080.0,1097.699951171875,1094.7113037109375,223874,Isgec Heavy Engineering Limited
2024-05-02,1110.0,1113.0,1071.699951171875,1087.8499755859375,1084.8880615234375,134926,Isgec Heavy Engineering Limited
2024-05-03,1087.8499755859375,1087.8499755859375,1045.0,1050.1500244140625,1047.290771484375,73392,Isgec Heavy Engineering Limited
2024-05-06,1056.0,1057.0,1018.4000244140624,1027.1500244140625,1024.3533935546875,59518,Isgec Heavy Engineering Limited
2024-05-07,1020.0,1028.75,965.0999755859376,973.2000122070312,970.55029296875,188353,Isgec Heavy Engineering Limited
2024-05-08,981.25,1027.9000244140625,973.75,1008.75,1006.0034790039062,83004,Isgec Heavy Engineering Limited
2024-05-09,1013.8499755859376,1015.0,963.0,969.5999755859376,966.9600830078124,82604,Isgec Heavy Engineering Limited
2024-05-10,981.25,998.0,965.5,985.9500122070312,983.2655639648438,77430,Isgec Heavy Engineering Limited
2024-05-13,981.6500244140624,1007.9500122070312,959.25,998.9000244140624,996.1803588867188,50063,Isgec Heavy Engineering Limited
2024-05-14,1005.0,1031.0999755859375,996.4500122070312,1021.3499755859376,1018.5691528320312,55958,Isgec Heavy Engineering Limited
2024-05-15,1031.5,1036.1500244140625,1001.75,1009.5999755859376,1006.8511352539062,62863,Isgec Heavy Engineering Limited
2024-05-16,1015.5499877929688,1050.0,1004.4000244140624,1045.8499755859375,1043.00244140625,93390,Isgec Heavy Engineering Limited
2024-05-17,1045.8499755859375,1137.0,1040.25,1108.25,1105.2325439453125,269193,Isgec Heavy Engineering Limited
2024-05-21,1115.800048828125,1131.449951171875,1092.0,1118.6500244140625,1115.604248046875,72108,Isgec Heavy Engineering Limited
2024-05-22,1115.75,1130.0,1095.300048828125,1119.449951171875,1116.402099609375,50455,Isgec Heavy Engineering Limited
2024-05-23,1119.449951171875,1178.0,1095.0,1101.0999755859375,1098.10205078125,124247,Isgec Heavy Engineering Limited
2024-05-24,1101.0999755859375,1200.0,1092.6500244140625,1188.199951171875,1184.96484375,344061,Isgec Heavy Engineering Limited
2024-05-27,1240.0,1247.0,1176.1500244140625,1206.949951171875,1203.663818359375,317965,Isgec Heavy Engineering Limited
2024-05-28,1215.800048828125,1225.5,1162.1500244140625,1174.199951171875,1171.0029296875,116395,Isgec Heavy Engineering Limited
2024-05-29,1170.0,1206.5,1163.25,1173.949951171875,1170.753662109375,113864,Isgec Heavy Engineering Limited
2024-05-30,1088.050048828125,1107.199951171875,961.0,986.5999755859376,983.9137573242188,826992,Isgec Heavy Engineering Limited
2024-05-31,987.9500122070312,1113.6500244140625,987.0,1074.8499755859375,1071.9234619140625,1098332,Isgec Heavy Engineering Limited
2024-06-03,1090.0,1148.949951171875,1080.3499755859375,1129.199951171875,1126.12548828125,229779,Isgec Heavy Engineering Limited
2024-06-04,1109.0,1109.0,963.25,989.7999877929688,987.1051025390624,347305,Isgec Heavy Engineering Limited
2024-06-05,1008.9500122070312,1048.4000244140625,954.0,1036.0999755859375,1033.279052734375,109194,Isgec Heavy Engineering Limited
2024-06-06,1053.5,1125.0,1041.0999755859375,1111.9000244140625,1108.8726806640625,185779,Isgec Heavy Engineering Limited
2024-06-07,1123.449951171875,1152.0,1109.050048828125,1148.050048828125,1144.92431640625,115987,Isgec Heavy Engineering Limited
2024-06-10,1147.0,1175.0,1121.1500244140625,1151.300048828125,1148.1654052734375,191884,Isgec Heavy Engineering Limited
2024-06-11,1149.0,1150.800048828125,1123.0,1132.3499755859375,1129.2669677734375,78706,Isgec Heavy Engineering Limited
2024-06-12,1132.0,1225.0,1131.0,1220.050048828125,1216.728271484375,317002,Isgec Heavy Engineering Limited
2024-06-13,1230.0,1256.0,1206.4000244140625,1231.3499755859375,1227.9974365234375,212588,Isgec Heavy Engineering Limited
2024-06-14,1233.199951171875,1247.0,1200.0,1211.199951171875,1207.9022216796875,108994,Isgec Heavy Engineering Limited
2024-06-18,1211.0,1289.199951171875,1197.0,1281.949951171875,1278.4595947265625,206654,Isgec Heavy Engineering Limited
2024-06-19,1281.949951171875,1283.1500244140625,1225.5999755859375,1256.949951171875,1253.5277099609375,107412,Isgec Heavy Engineering Limited
2024-06-20,1257.449951171875,1296.8499755859375,1235.300048828125,1247.300048828125,1243.904052734375,83873,Isgec Heavy Engineering Limited
2024-06-21,1247.300048828125,1279.4000244140625,1240.0,1255.1500244140625,1251.732666015625,62262,Isgec Heavy Engineering Limited
2024-06-24,1250.0,1284.949951171875,1243.699951171875,1271.5999755859375,1268.1378173828125,46671,Isgec Heavy Engineering Limited
2024-06-25,1274.800048828125,1279.6500244140625,1241.3499755859375,1254.1500244140625,1250.7353515625,46668,Isgec Heavy Engineering Limited
2024-06-26,1270.0,1271.050048828125,1242.0,1252.75,1249.339111328125,37783,Isgec Heavy Engineering Limited
2024-06-27,1255.0,1299.9000244140625,1200.0,1274.5,1271.0299072265625,121174,Isgec Heavy Engineering Limited
2024-06-28,1263.0,1271.4000244140625,1233.3499755859375,1245.0,1241.6102294921875,127901,Isgec Heavy Engineering Limited
2024-07-01,1233.699951171875,1249.949951171875,1215.0,1219.8499755859375,1216.5286865234375,38814,Isgec Heavy Engineering Limited
2024-07-02,1224.0,1259.9000244140625,1217.0,1247.6500244140625,1244.2530517578125,99699,Isgec Heavy Engineering Limited
2024-07-03,1250.1500244140625,1288.800048828125,1244.300048828125,1284.199951171875,1280.7034912109375,140966,Isgec Heavy Engineering Limited
2024-07-04,1284.199951171875,1349.0,1276.0,1321.75,1318.1512451171875,208051,Isgec Heavy Engineering Limited
2024-07-05,1329.300048828125,1377.800048828125,1311.6500244140625,1356.3499755859375,1352.6571044921875,175608,Isgec Heavy Engineering Limited
2024-07-08,1356.3499755859375,1386.5999755859375,1328.0,1382.8499755859375,1379.0849609375,120744,Isgec Heavy Engineering Limited
2024-07-09,1384.949951171875,1404.9000244140625,1366.4000244140625,1395.5999755859375,1391.8001708984375,159206,Isgec Heavy Engineering Limited
2024-07-10,1395.5999755859375,1425.0,1351.550048828125,1401.0,1397.185546875,179727,Isgec Heavy Engineering Limited
2024-07-11,1407.199951171875,1460.1500244140625,1402.050048828125,1450.0,1446.0521240234375,187818,Isgec Heavy Engineering Limited
2024-07-12,1450.0,1523.050048828125,1441.0999755859375,1500.3499755859375,1496.2650146484375,306688,Isgec Heavy Engineering Limited
2024-07-15,1510.0,1513.0,1451.1500244140625,1470.800048828125,1466.7955322265625,89137,Isgec Heavy Engineering Limited
2024-07-16,1470.800048828125,1504.9000244140625,1459.949951171875,1491.5999755859375,1487.538818359375,65861,Isgec Heavy Engineering Limited
2024-07-18,1491.5999755859375,1491.75,1390.949951171875,1406.5,1402.6705322265625,92519,Isgec Heavy Engineering Limited
2024-07-19,1406.0,1406.0,1356.0,1387.949951171875,1384.1710205078125,109627,Isgec Heavy Engineering Limited
2024-07-22,1352.0,1403.4000244140625,1352.0,1385.550048828125,1381.777587890625,50004,Isgec Heavy Engineering Limited
2024-07-23,1383.25,1419.4000244140625,1294.550048828125,1409.550048828125,1405.7122802734375,143255,Isgec Heavy Engineering Limited
2024-07-24,1408.0,1416.5,1372.75,1397.550048828125,1393.7449951171875,137449,Isgec Heavy Engineering Limited
2024-07-25,1381.25,1434.4000244140625,1365.050048828125,1389.75,1385.9661865234375,27118,Isgec Heavy Engineering Limited
2024-07-26,1390.9000244140625,1428.0,1380.25,1413.800048828125,1409.95068359375,23211,Isgec Heavy Engineering Limited
2024-07-29,1414.5,1467.0,1406.0,1455.550048828125,1451.5870361328125,57273,Isgec Heavy Engineering Limited
2024-07-30,1455.0,1565.300048828125,1442.449951171875,1548.25,1544.03466796875,246846,Isgec Heavy Engineering Limited
2024-07-31,1553.1500244140625,1588.4000244140625,1529.75,1562.699951171875,1558.4451904296875,161946,Isgec Heavy Engineering Limited
2024-08-01,1562.699951171875,1591.25,1526.550048828125,1537.0999755859375,1532.9149169921875,176040,Isgec Heavy Engineering Limited
2024-08-02,1523.5,1533.5999755859375,1442.5999755859375,1460.199951171875,1456.2242431640625,287345,Isgec Heavy Engineering Limited
2024-08-05,1433.050048828125,1438.800048828125,1374.550048828125,1401.6500244140625,1397.833740234375,108478,Isgec Heavy Engineering Limited
2024-08-06,1404.5,1430.949951171875,1347.300048828125,1358.4000244140625,1354.7015380859375,135259,Isgec Heavy Engineering Limited
2024-08-07,1374.0999755859375,1424.199951171875,1298.050048828125,1325.949951171875,1322.33984375,142101,Isgec Heavy Engineering Limited
2024-08-08,1338.449951171875,1349.699951171875,1268.0999755859375,1297.550048828125,1294.0172119140625,430681,Isgec Heavy Engineering Limited
2024-08-09,1304.9000244140625,1360.0,1302.0,1355.0,1351.310791015625,301406,Isgec Heavy Engineering Limited
2024-08-12,1350.0,1414.8499755859375,1350.0,1386.199951171875,1382.42578125,200140,Isgec Heavy Engineering Limited
2024-08-13,1389.0,1434.0,1373.0,1390.699951171875,1386.91357421875,148634,Isgec Heavy Engineering Limited
2024-08-14,1390.699951171875,1400.75,1340.050048828125,1360.449951171875,1356.745849609375,88191,Isgec Heavy Engineering Limited
2024-08-16,1376.4000244140625,1535.800048828125,1376.4000244140625,1497.550048828125,1493.47265625,295667,Isgec Heavy Engineering Limited
2024-08-19,1497.550048828125,1516.1500244140625,1466.0999755859375,1501.199951171875,1497.1126708984375,89944,Isgec Heavy Engineering Limited
2024-08-20,1504.800048828125,1524.9000244140625,1460.0,1469.1500244140625,1465.1500244140625,52078,Isgec Heavy Engineering Limited
2024-08-21,1470.25,1498.0,1464.25,1473.699951171875,1473.699951171875,48480,Isgec Heavy Engineering Limited
2024-08-22,1473.699951171875,1481.4000244140625,1431.0,1437.25,1437.25,34706,Isgec Heavy Engineering Limited
2024-08-23,1441.800048828125,1444.6500244140625,1420.800048828125,1423.300048828125,1423.300048828125,26017,Isgec Heavy Engineering Limited
