Date,Open,High,Low,Close,Adj Close,Volume,Company Name
2006-06-19,43.5,51.400001525878906,40.5,49.47499847412109,38.35287857055664,100354,JK Lakshmi Cement Limited
2006-06-20,49.29999923706055,54.0,47.54999923706055,51.92499923706055,40.25211334228516,183752,JK Lakshmi Cement Limited
2006-06-21,52.0,58.75,52.0,57.900001525878906,44.8839225769043,270432,JK Lakshmi Cement Limited
2006-06-22,58.5,62.25,56.04999923706055,58.07500076293945,45.01957321166992,261808,JK Lakshmi Cement Limited
2006-06-23,58.34999847412109,58.34999847412109,52.82500076293945,56.25,43.60484313964844,359614,JK Lakshmi Cement Limited
2006-06-26,56.5,57.72499847412109,53.75,54.025001525878906,41.88003540039063,100708,JK Lakshmi Cement Limited
2006-06-27,54.0,55.0,51.0,52.900001525878906,41.0079345703125,43840,JK Lakshmi Cement Limited
2006-06-28,53.5,53.5,45.84999847412109,50.47499847412109,39.12807083129883,61618,JK Lakshmi Cement Limited
2006-06-29,52.45000076293945,52.5,49.59999847412109,50.34999847412109,39.03117370605469,60732,JK Lakshmi Cement Limited
2006-06-30,52.5,55.0,51.875,53.32500076293945,41.33738327026367,112886,JK Lakshmi Cement Limited
2006-07-03,54.0,54.5,51.54999923706055,52.275001525878906,40.52344131469727,49462,JK Lakshmi Cement Limited
2006-07-04,52.650001525878906,54.20000076293945,51.275001525878906,51.525001525878906,39.94203567504883,62634,JK Lakshmi Cement Limited
2006-07-05,51.84999847412109,53.0,51.84999847412109,52.20000076293945,40.465293884277344,32436,JK Lakshmi Cement Limited
2006-07-06,51.5,54.650001525878906,51.34999847412109,54.17499923706055,41.99629974365234,144846,JK Lakshmi Cement Limited
2006-07-07,55.5,57.5,52.59999847412109,53.32500076293945,41.33738327026367,296272,JK Lakshmi Cement Limited
2006-07-10,53.5,55.79999923706055,52.650001525878906,55.0,42.63584899902344,116662,JK Lakshmi Cement Limited
2006-07-11,54.75,55.625,53.25,54.5,42.24824905395508,120946,JK Lakshmi Cement Limited
2006-07-12,53.525001525878906,56.47499847412109,52.75,55.97499847412109,43.39165878295898,300500,JK Lakshmi Cement Limited
2006-07-13,58.0,59.625,56.20000076293945,57.400001525878906,44.49632263183594,583716,JK Lakshmi Cement Limited
2006-07-14,57.0,57.75,55.5,57.20000076293945,44.34127426147461,183040,JK Lakshmi Cement Limited
2006-07-17,56.54999923706055,58.34999847412109,53.5,53.92499923706055,41.8025016784668,199498,JK Lakshmi Cement Limited
2006-07-18,52.5,55.5,51.025001525878906,51.5,39.92265319824219,150114,JK Lakshmi Cement Limited
2006-07-19,52.5,53.0,48.07500076293945,49.0,37.984657287597656,179340,JK Lakshmi Cement Limited
2006-07-20,49.25,51.70000076293945,49.25,50.72499847412109,39.32187271118164,175322,JK Lakshmi Cement Limited
2006-07-21,50.0,50.0,47.5,48.775001525878906,37.810245513916016,50808,JK Lakshmi Cement Limited
2006-07-24,49.84999847412109,49.84999847412109,46.525001525878906,47.525001525878906,36.84125518798828,40692,JK Lakshmi Cement Limited
2006-07-25,48.95000076293945,51.5,47.84999847412109,50.275001525878906,38.97304916381836,107002,JK Lakshmi Cement Limited
2006-07-26,51.45000076293945,55.84999847412109,50.0,55.07500076293945,42.69398498535156,278818,JK Lakshmi Cement Limited
2006-07-27,56.0,62.25,56.0,60.70000076293945,47.05447006225586,1714368,JK Lakshmi Cement Limited
2006-07-28,65.0,65.625,60.57500076293945,61.875,47.96532440185547,1574022,JK Lakshmi Cement Limited
2006-07-31,63.0,66.5250015258789,62.5,63.75,49.41881942749024,1079266,JK Lakshmi Cement Limited
2006-08-01,63.45000076293945,64.7750015258789,62.09999847412109,63.150001525878906,48.95369720458984,483488,JK Lakshmi Cement Limited
2006-08-02,63.45000076293945,68.44999694824219,63.025001525878906,67.5250015258789,52.3452033996582,1238976,JK Lakshmi Cement Limited
2006-08-03,67.94999694824219,69.44999694824219,65.8499984741211,66.375,51.453712463378906,1066394,JK Lakshmi Cement Limited
2006-08-04,66.5,67.3499984741211,65.05000305175781,66.42500305175781,51.49247360229492,507842,JK Lakshmi Cement Limited
2006-08-07,66.0250015258789,67.0,65.0250015258789,65.5,50.77541732788086,263946,JK Lakshmi Cement Limited
2006-08-08,65.0250015258789,66.94999694824219,65.0250015258789,66.42500305175781,51.49247360229492,354030,JK Lakshmi Cement Limited
2006-08-09,67.0,68.44999694824219,65.94999694824219,67.30000305175781,52.1707763671875,468758,JK Lakshmi Cement Limited
2006-08-10,66.75,68.44999694824219,66.75,67.4749984741211,52.30642318725586,314004,JK Lakshmi Cement Limited
2006-08-11,68.19999694824219,69.8499984741211,66.8499984741211,68.92500305175781,53.43047332763672,561498,JK Lakshmi Cement Limited
2006-08-14,69.69999694824219,70.94999694824219,69.0,69.5,53.8762092590332,342588,JK Lakshmi Cement Limited
2006-08-16,70.3499984741211,71.625,69.75,70.17500305175781,54.39946746826172,402920,JK Lakshmi Cement Limited
2006-08-17,71.0,71.32499694824219,67.5,68.82499694824219,53.35294342041016,441714,JK Lakshmi Cement Limited
2006-08-18,69.3499984741211,73.19999694824219,67.875,72.5,56.20179748535156,566724,JK Lakshmi Cement Limited
2006-08-21,73.4000015258789,74.92500305175781,71.5,73.9000015258789,57.287071228027344,725160,JK Lakshmi Cement Limited
2006-08-22,74.5,74.5,71.0,71.44999694824219,55.38784408569336,366464,JK Lakshmi Cement Limited
2006-08-23,72.25,72.25,68.6500015258789,69.07499694824219,53.54674530029297,177266,JK Lakshmi Cement Limited
2006-08-24,68.625,71.69999694824219,68.05000305175781,71.2249984741211,55.21342849731445,283586,JK Lakshmi Cement Limited
2006-08-25,71.8499984741211,72.5250015258789,70.5999984741211,71.375,55.32970428466797,251538,JK Lakshmi Cement Limited
2006-08-28,71.9000015258789,73.8499984741211,71.05000305175781,72.875,56.49249267578125,371092,JK Lakshmi Cement Limited
2006-08-29,73.0,74.0,72.57499694824219,72.875,56.49249267578125,273442,JK Lakshmi Cement Limited
2006-08-30,73.0,73.75,70.3499984741211,73.5,56.97700500488281,319652,JK Lakshmi Cement Limited
2006-08-31,74.0,76.3499984741211,72.75,74.32499694824219,57.61653137207031,644054,JK Lakshmi Cement Limited
2006-09-01,74.30000305175781,75.5,73.0999984741211,74.0250015258789,57.383975982666016,211186,JK Lakshmi Cement Limited
2006-09-04,74.94999694824219,76.0999984741211,74.55000305175781,75.30000305175781,58.372352600097656,343394,JK Lakshmi Cement Limited
2006-09-05,75.9000015258789,77.94999694824219,75.0,76.5250015258789,59.321964263916016,781868,JK Lakshmi Cement Limited
2006-09-06,76.94999694824219,77.2249984741211,74.5,74.92500305175781,58.0816535949707,321068,JK Lakshmi Cement Limited
2006-09-07,75.125,76.5,74.0,74.80000305175781,57.98476409912109,410234,JK Lakshmi Cement Limited
2006-09-08,75.69999694824219,76.44999694824219,74.25,74.67500305175781,57.88786697387695,244098,JK Lakshmi Cement Limited
2006-09-11,75.0,76.75,71.5,73.2249984741211,56.76380920410156,417186,JK Lakshmi Cement Limited
2006-09-12,73.0,73.44999694824219,70.25,73.19999694824219,56.744441986083984,251310,JK Lakshmi Cement Limited
2006-09-13,73.75,75.2249984741211,73.5,73.8499984741211,57.24831771850586,327320,JK Lakshmi Cement Limited
2006-09-14,74.80000305175781,79.44999694824219,74.25,77.92500305175781,60.4072494506836,954096,JK Lakshmi Cement Limited
2006-09-15,80.0,83.69999694824219,79.5,81.2750015258789,63.004154205322266,2374172,JK Lakshmi Cement Limited
2006-09-18,81.5999984741211,84.25,80.9000015258789,81.42500305175781,63.12044143676758,792352,JK Lakshmi Cement Limited
2006-09-19,81.0,82.07499694824219,75.0250015258789,76.875,59.5932846069336,683200,JK Lakshmi Cement Limited
2006-09-20,76.9000015258789,78.69999694824219,75.55000305175781,77.42500305175781,60.019657135009766,269984,JK Lakshmi Cement Limited
2006-09-21,78.125,79.3499984741211,77.125,78.42500305175781,60.794830322265625,408264,JK Lakshmi Cement Limited
2006-09-22,78.25,81.44999694824219,77.7750015258789,79.5,61.628173828125,655682,JK Lakshmi Cement Limited
2006-09-25,79.80000305175781,80.4749984741211,78.0250015258789,78.55000305175781,60.891727447509766,273482,JK Lakshmi Cement Limited
2006-09-26,79.4000015258789,79.6500015258789,77.57499694824219,78.82499694824219,61.10492706298828,229436,JK Lakshmi Cement Limited
2006-09-27,79.30000305175781,79.8499984741211,76.82499694824219,77.19999694824219,59.84523391723633,256480,JK Lakshmi Cement Limited
2006-09-28,78.0,78.5,75.32499694824219,75.7750015258789,58.74057769775391,326742,JK Lakshmi Cement Limited
2006-09-29,76.6500015258789,78.125,74.55000305175781,75.42500305175781,58.46924209594727,423250,JK Lakshmi Cement Limited
2006-10-03,75.75,77.7249984741211,75.75,77.4749984741211,60.05839538574219,318668,JK Lakshmi Cement Limited
2006-10-04,78.05000305175781,78.05000305175781,76.0,76.57499694824219,59.3607177734375,139990,JK Lakshmi Cement Limited
2006-10-05,77.44999694824219,78.625,77.0,77.9749984741211,60.44600296020508,235734,JK Lakshmi Cement Limited
2006-10-06,78.5,80.0,78.2750015258789,78.94999694824219,61.20181655883789,501268,JK Lakshmi Cement Limited
2006-10-09,79.5,82.4000015258789,77.4000015258789,80.57499694824219,62.461517333984375,680620,JK Lakshmi Cement Limited
2006-10-10,81.5,82.0,79.0,79.75,61.82196807861328,349238,JK Lakshmi Cement Limited
2006-10-11,80.0999984741211,81.5,78.05000305175781,78.4749984741211,60.833595275878906,263350,JK Lakshmi Cement Limited
2006-10-12,78.82499694824219,79.75,77.625,79.5,61.628173828125,181528,JK Lakshmi Cement Limited
2006-10-13,79.94999694824219,80.5,78.5,79.4749984741211,61.60877990722656,262700,JK Lakshmi Cement Limited
2006-10-16,79.9000015258789,80.0,78.0,78.4000015258789,60.77545547485352,229264,JK Lakshmi Cement Limited
2006-10-17,78.82499694824219,78.8499984741211,76.5,77.2249984741211,59.86458969116211,120260,JK Lakshmi Cement Limited
2006-10-18,76.5,77.4000015258789,75.75,76.25,59.10877990722656,103498,JK Lakshmi Cement Limited
2006-10-19,77.5,77.5,76.0999984741211,76.42500305175781,59.24445343017578,114054,JK Lakshmi Cement Limited
2006-10-20,76.7249984741211,77.25,75.80000305175781,76.32499694824219,59.166934967041016,189832,JK Lakshmi Cement Limited
2006-10-23,76.25,76.625,74.8499984741211,75.07499694824219,58.19793701171875,172538,JK Lakshmi Cement Limited
2006-10-26,75.44999694824219,75.75,74.5,75.5,58.527381896972656,143898,JK Lakshmi Cement Limited
2006-10-27,75.5,77.44999694824219,73.5,76.3499984741211,59.186302185058594,787724,JK Lakshmi Cement Limited
2006-10-30,76.0,76.375,72.69999694824219,73.0999984741211,56.66692352294922,380402,JK Lakshmi Cement Limited
2006-10-31,73.94999694824219,73.94999694824219,70.94999694824219,71.30000305175781,55.27156829833984,195368,JK Lakshmi Cement Limited
2006-11-01,71.5,75.42500305175781,70.75,73.75,57.17079544067383,475762,JK Lakshmi Cement Limited
2006-11-02,74.0,74.4749984741211,71.9000015258789,72.44999694824219,56.16303634643555,231884,JK Lakshmi Cement Limited
2006-11-03,72.5,73.9749984741211,71.0250015258789,73.30000305175781,56.82195281982422,251728,JK Lakshmi Cement Limited
2006-11-06,73.0,76.375,73.0,75.9000015258789,58.83748245239258,290692,JK Lakshmi Cement Limited
2006-11-07,76.8499984741211,77.8499984741211,74.5250015258789,75.25,58.33360290527344,323852,JK Lakshmi Cement Limited
2006-11-08,75.0,76.30000305175781,73.0,74.0999984741211,57.442115783691406,228438,JK Lakshmi Cement Limited
2006-11-09,74.57499694824219,75.0,73.5250015258789,74.55000305175781,57.79095458984375,131256,JK Lakshmi Cement Limited
2006-11-10,74.0999984741211,74.44999694824219,72.75,73.05000305175781,56.62815475463867,151780,JK Lakshmi Cement Limited
2006-11-13,73.30000305175781,76.3499984741211,73.0999984741211,74.75,57.94599151611328,233598,JK Lakshmi Cement Limited
2006-11-14,74.0,76.0,73.8499984741211,74.05000305175781,57.403358459472656,150934,JK Lakshmi Cement Limited
2006-11-15,74.125,74.5,72.7750015258789,73.125,56.68629455566406,142892,JK Lakshmi Cement Limited
2006-11-16,72.0,75.5,72.0,73.19999694824219,56.744441986083984,327514,JK Lakshmi Cement Limited
2006-11-17,73.625,73.625,71.25,71.69999694824219,55.58164978027344,180802,JK Lakshmi Cement Limited
2006-11-20,71.2750015258789,72.0,68.5,69.0999984741211,53.56612396240234,152826,JK Lakshmi Cement Limited
2006-11-21,70.69999694824219,71.2249984741211,69.5,69.92500305175781,54.2056770324707,146748,JK Lakshmi Cement Limited
2006-11-22,70.0,70.5,69.19999694824219,69.5999984741211,53.9537239074707,139784,JK Lakshmi Cement Limited
2006-11-23,71.05000305175781,71.55000305175781,68.0,70.0250015258789,54.28317260742188,132464,JK Lakshmi Cement Limited
2006-11-24,70.44999694824219,71.0,69.5250015258789,69.5999984741211,53.9537239074707,102052,JK Lakshmi Cement Limited
2006-11-27,69.9000015258789,70.0999984741211,69.2750015258789,69.4000015258789,53.79868698120117,132624,JK Lakshmi Cement Limited
2006-11-28,68.5,70.25,68.0250015258789,68.9749984741211,53.4692268371582,211576,JK Lakshmi Cement Limited
2006-11-29,69.0,70.9000015258789,69.0,70.05000305175781,54.30257034301758,199648,JK Lakshmi Cement Limited
2006-11-30,72.5,72.5,69.5,69.94999694824219,54.225040435791016,108738,JK Lakshmi Cement Limited
2006-12-01,71.25,71.25,70.0,70.55000305175781,54.69015502929688,143044,JK Lakshmi Cement Limited
2006-12-04,69.0,74.0999984741211,69.0,72.4749984741211,56.18240737915039,408042,JK Lakshmi Cement Limited
2006-12-05,73.0,74.92500305175781,72.32499694824219,72.625,56.2986946105957,242338,JK Lakshmi Cement Limited
2006-12-06,73.44999694824219,74.7249984741211,71.75,72.7249984741211,56.37621688842773,407314,JK Lakshmi Cement Limited
2006-12-07,73.625,73.625,71.75,73.05000305175781,56.62815475463867,135182,JK Lakshmi Cement Limited
2006-12-08,74.0,74.0,69.30000305175781,69.9000015258789,54.186279296875,223672,JK Lakshmi Cement Limited
2006-12-11,70.5,70.5,63.54999923706055,65.375,50.67851257324219,436790,JK Lakshmi Cement Limited
2006-12-12,64.5,68.19999694824219,62.29999923706055,63.125,48.9343147277832,256396,JK Lakshmi Cement Limited
2006-12-13,65.0,65.75,61.0,65.1500015258789,50.50409698486328,117138,JK Lakshmi Cement Limited
2006-12-14,67.0,68.92500305175781,65.75,68.05000305175781,52.75215911865234,186168,JK Lakshmi Cement Limited
2006-12-15,69.0,69.92500305175781,67.0250015258789,67.2750015258789,52.15139389038086,189556,JK Lakshmi Cement Limited
2006-12-18,68.0,68.4749984741211,65.55000305175781,66.125,51.25992202758789,176074,JK Lakshmi Cement Limited
2006-12-19,67.0,69.0,66.0999984741211,66.375,51.453712463378906,126954,JK Lakshmi Cement Limited
2006-12-20,67.44999694824219,68.0,64.55000305175781,66.25,51.35681915283203,118148,JK Lakshmi Cement Limited
2006-12-21,65.75,66.4749984741211,65.55000305175781,65.92500305175781,51.10487365722656,36122,JK Lakshmi Cement Limited
2006-12-22,65.55000305175781,66.94999694824219,65.55000305175781,66.67500305175781,51.686283111572266,143000,JK Lakshmi Cement Limited
2006-12-26,67.67500305175781,69.30000305175781,67.05000305175781,68.6500015258789,53.2172966003418,110166,JK Lakshmi Cement Limited
2006-12-27,68.5,69.80000305175781,67.375,67.82499694824219,52.5777473449707,90290,JK Lakshmi Cement Limited
2006-12-28,68.44999694824219,68.44999694824219,66.875,67.0250015258789,51.95759582519531,90278,JK Lakshmi Cement Limited
2006-12-29,67.4000015258789,68.4000015258789,67.0,67.2249984741211,52.11263275146485,180090,JK Lakshmi Cement Limited
2007-01-02,66.0,71.69999694824219,66.0,71.25,55.2327995300293,202440,JK Lakshmi Cement Limited
2007-01-03,72.0,73.0,70.55000305175781,72.3499984741211,56.08552932739258,218078,JK Lakshmi Cement Limited
2007-01-04,70.57499694824219,72.94999694824219,70.57499694824219,71.57499694824219,55.4847297668457,123322,JK Lakshmi Cement Limited
2007-01-05,66.32499694824219,73.94999694824219,66.32499694824219,72.125,55.91110229492188,193984,JK Lakshmi Cement Limited
2007-01-08,72.05000305175781,72.4000015258789,70.25,71.0999984741211,55.11652755737305,82958,JK Lakshmi Cement Limited
2007-01-09,71.75,71.9749984741211,70.0,70.4000015258789,54.57388687133789,99020,JK Lakshmi Cement Limited
2007-01-10,69.30000305175781,71.69999694824219,69.30000305175781,70.2750015258789,54.47698211669922,171982,JK Lakshmi Cement Limited
2007-01-11,69.5999984741211,72.625,69.5999984741211,72.05000305175781,55.85295867919922,150362,JK Lakshmi Cement Limited
2007-01-12,72.5,74.5999984741211,72.5,73.375,56.88008880615234,297124,JK Lakshmi Cement Limited
2007-01-15,75.0,80.8499984741211,73.5,79.25,61.43436813354492,1002494,JK Lakshmi Cement Limited
2007-01-16,77.5,82.0,75.05000305175781,79.30000305175781,61.4731330871582,542774,JK Lakshmi Cement Limited
2007-01-17,80.4000015258789,84.0,79.05000305175781,83.0250015258789,64.36074829101562,651114,JK Lakshmi Cement Limited
2007-01-18,84.0250015258789,86.32499694824219,82.25,84.2750015258789,65.32974243164062,1018128,JK Lakshmi Cement Limited
2007-01-19,94.0,95.0,86.5,90.3000030517578,70.00032043457031,2914628,JK Lakshmi Cement Limited
2007-01-22,91.5,92.4250030517578,88.5999984741211,90.6500015258789,70.2716293334961,864710,JK Lakshmi Cement Limited
2007-01-23,90.0,90.0,82.9000015258789,86.75,67.24836730957031,1083722,JK Lakshmi Cement Limited
2007-01-24,87.44999694824219,89.44999694824219,85.625,86.94999694824219,67.40340423583984,475090,JK Lakshmi Cement Limited
2007-01-25,87.0,87.75,86.05000305175781,86.2249984741211,66.84138488769531,220652,JK Lakshmi Cement Limited
2007-01-29,86.5,86.5,84.05000305175781,84.2750015258789,65.32974243164062,191016,JK Lakshmi Cement Limited
2007-01-31,84.0,85.25,82.2249984741211,83.2249984741211,64.51579284667969,210198,JK Lakshmi Cement Limited
2007-02-01,84.9000015258789,86.7249984741211,82.7750015258789,85.67500305175781,66.4150161743164,327204,JK Lakshmi Cement Limited
2007-02-02,86.7249984741211,87.125,85.05000305175781,85.82499694824219,66.53130340576172,228344,JK Lakshmi Cement Limited
2007-02-05,85.82499694824219,86.07499694824219,83.1500015258789,83.69999694824219,64.88398742675781,226796,JK Lakshmi Cement Limited
2007-02-06,85.0,85.0,82.05000305175781,82.94999694824219,64.3026123046875,296906,JK Lakshmi Cement Limited
2007-02-07,82.94999694824219,83.94999694824219,82.2750015258789,82.9000015258789,64.26384735107422,236650,JK Lakshmi Cement Limited
2007-02-08,82.9000015258789,83.9749984741211,81.5999984741211,81.94999694824219,63.52740097045898,139456,JK Lakshmi Cement Limited
2007-02-09,81.75,82.69999694824219,72.9000015258789,74.82499694824219,58.00412368774414,627540,JK Lakshmi Cement Limited
2007-02-12,76.94999694824219,77.94999694824219,70.0250015258789,71.05000305175781,55.07776641845703,638760,JK Lakshmi Cement Limited
2007-02-13,71.0,76.69999694824219,70.0,72.05000305175781,55.85295867919922,410804,JK Lakshmi Cement Limited
2007-02-14,70.5,73.25,70.0,72.44999694824219,56.16303634643555,162982,JK Lakshmi Cement Limited
2007-02-15,73.0,77.0,73.0,75.67500305175781,58.66304397583008,196226,JK Lakshmi Cement Limited
2007-02-19,78.0,78.0,75.5,76.05000305175781,58.95374298095703,139946,JK Lakshmi Cement Limited
2007-02-20,76.05000305175781,76.6500015258789,73.30000305175781,73.875,57.26769256591797,94890,JK Lakshmi Cement Limited
2007-02-21,76.0,76.0,73.0,73.44999694824219,56.93822479248047,103290,JK Lakshmi Cement Limited
2007-02-22,74.25,74.5,72.25,72.7249984741211,56.37621688842773,111960,JK Lakshmi Cement Limited
2007-02-23,72.0250015258789,72.69999694824219,66.0,68.25,52.9072151184082,502168,JK Lakshmi Cement Limited
2007-02-26,69.94999694824219,69.94999694824219,66.75,69.0,53.48860931396485,142116,JK Lakshmi Cement Limited
2007-02-27,69.5,71.5,68.75,69.19999694824219,53.64363861083984,221390,JK Lakshmi Cement Limited
2007-02-28,67.55000305175781,69.9000015258789,62.67499923706055,63.97499847412109,49.59323120117188,491700,JK Lakshmi Cement Limited
2007-03-01,67.5,67.5,59.0,60.625,46.99633407592773,620348,JK Lakshmi Cement Limited
2007-03-02,61.54999923706055,64.125,57.09999847412109,59.125,45.83354187011719,466746,JK Lakshmi Cement Limited
2007-03-05,57.625,57.875,53.0,54.75,42.44205093383789,643904,JK Lakshmi Cement Limited
2007-03-06,56.0,57.75,55.025001525878906,56.47499847412109,43.77926254272461,338300,JK Lakshmi Cement Limited
2007-03-07,57.75,58.25,52.25,53.275001525878906,41.29863739013672,510406,JK Lakshmi Cement Limited
2007-03-08,53.57500076293945,58.95000076293945,52.5,57.70000076293945,44.728885650634766,440050,JK Lakshmi Cement Limited
2007-03-09,58.5,62.72499847412109,54.79999923706055,55.525001525878906,43.04281997680664,676680,JK Lakshmi Cement Limited
2007-03-12,55.0,57.5,53.54999923706055,54.150001525878906,41.9769287109375,336636,JK Lakshmi Cement Limited
2007-03-13,54.25,57.75,54.04999923706055,56.59999847412109,43.876163482666016,319418,JK Lakshmi Cement Limited
2007-03-14,54.5,56.900001525878906,53.5,55.84999847412109,43.29476165771485,296436,JK Lakshmi Cement Limited
2007-03-15,57.5,57.95000076293945,56.25,56.67499923706055,43.93429946899414,249590,JK Lakshmi Cement Limited
2007-03-16,57.0,57.0,55.0,55.650001525878906,43.13972473144531,208610,JK Lakshmi Cement Limited
2007-03-19,56.275001525878906,57.22499847412109,55.525001525878906,56.0,43.41105270385742,158184,JK Lakshmi Cement Limited
2007-03-20,57.5,58.04999923706055,55.79999923706055,55.97499847412109,43.39165878295898,224668,JK Lakshmi Cement Limited
2007-03-21,56.04999923706055,56.70000076293945,54.5,55.275001525878906,42.849029541015625,126042,JK Lakshmi Cement Limited
2007-03-22,55.5,56.45000076293945,54.5,54.79999923706055,42.48080062866211,292892,JK Lakshmi Cement Limited
2007-03-23,55.0,57.0,54.09999847412109,55.650001525878906,43.13972473144531,223460,JK Lakshmi Cement Limited
2007-03-26,56.025001525878906,56.75,54.0,54.47499847412109,42.22886276245117,151920,JK Lakshmi Cement Limited
2007-03-28,54.400001525878906,54.400001525878906,52.84999847412109,53.125,41.18234634399414,134856,JK Lakshmi Cement Limited
2007-03-29,53.29999923706055,53.5,51.5,52.07500076293945,40.368385314941406,139354,JK Lakshmi Cement Limited
2007-03-30,53.22499847412109,53.72499847412109,52.0,52.875,40.988555908203125,251000,JK Lakshmi Cement Limited
2007-04-02,52.25,52.84999847412109,51.5,51.84999847412109,40.193973541259766,87510,JK Lakshmi Cement Limited
2007-04-03,52.20000076293945,52.75,51.650001525878906,51.97499847412109,40.29086685180664,62910,JK Lakshmi Cement Limited
2007-04-04,50.04999923706055,51.0,48.5,49.29999923706055,38.21722030639648,521810,JK Lakshmi Cement Limited
2007-04-05,49.29999923706055,50.45000076293945,48.82500076293945,49.125,38.08156204223633,365592,JK Lakshmi Cement Limited
2007-04-09,49.67499923706055,52.84999847412109,49.67499923706055,52.47499847412109,40.67845916748047,371600,JK Lakshmi Cement Limited
2007-04-10,53.25,54.900001525878906,52.25,53.72499847412109,41.64746856689453,243422,JK Lakshmi Cement Limited
2007-04-11,54.20000076293945,54.20000076293945,50.79999923706055,51.275001525878906,39.74824523925781,227830,JK Lakshmi Cement Limited
2007-04-12,51.54999923706055,52.25,51.025001525878906,51.29999923706055,39.76761245727539,106892,JK Lakshmi Cement Limited
2007-04-13,52.25,52.5,51.150001525878906,51.45000076293945,39.8838996887207,376372,JK Lakshmi Cement Limited
2007-04-16,52.54999923706055,54.400001525878906,51.54999923706055,53.150001525878906,41.20173645019531,387928,JK Lakshmi Cement Limited
2007-04-17,54.0,57.125,53.54999923706055,55.84999847412109,43.29476165771485,631152,JK Lakshmi Cement Limited
2007-04-18,56.75,58.5,56.42499923706055,56.67499923706055,43.93429946899414,345224,JK Lakshmi Cement Limited
2007-04-19,56.95000076293945,56.95000076293945,54.625,55.42499923706055,42.965309143066406,146918,JK Lakshmi Cement Limited
2007-04-20,56.17499923706055,57.72499847412109,55.775001525878906,56.20000076293945,43.56607055664063,216172,JK Lakshmi Cement Limited
2007-04-23,58.5,58.5,55.0,55.22499847412109,42.81026840209961,198654,JK Lakshmi Cement Limited
2007-04-24,55.95000076293945,56.42499923706055,55.025001525878906,55.47499847412109,43.00406265258789,151478,JK Lakshmi Cement Limited
2007-04-25,55.375,58.150001525878906,55.375,57.59999847412109,44.6513557434082,271004,JK Lakshmi Cement Limited
2007-04-26,58.97499847412109,59.29999923706055,56.0,56.42499923706055,43.74050521850586,307400,JK Lakshmi Cement Limited
2007-04-27,56.525001525878906,57.0,53.775001525878906,54.275001525878906,42.07382583618164,253312,JK Lakshmi Cement Limited
2007-04-30,54.0,55.5,53.04999923706055,54.625,42.34514236450195,136222,JK Lakshmi Cement Limited
2007-05-03,55.75,55.900001525878906,54.32500076293945,54.59999847412109,42.32577896118164,197700,JK Lakshmi Cement Limited
2007-05-04,56.5,57.400001525878906,54.0,54.47499847412109,42.22886276245117,529226,JK Lakshmi Cement Limited
2007-05-07,55.0,56.0,53.45000076293945,53.72499847412109,41.64746856689453,217586,JK Lakshmi Cement Limited
2007-05-08,54.20000076293945,54.95000076293945,52.875,53.125,41.18234634399414,212134,JK Lakshmi Cement Limited
2007-05-09,53.900001525878906,53.900001525878906,52.125,52.400001525878906,40.62032699584961,133956,JK Lakshmi Cement Limited
2007-05-10,53.75,53.75,51.95000076293945,52.09999847412109,40.38777160644531,215382,JK Lakshmi Cement Limited
2007-05-11,52.34999847412109,54.95000076293945,51.04999923706055,53.59999847412109,41.550567626953125,209632,JK Lakshmi Cement Limited
2007-05-14,55.07500076293945,56.0,54.5,54.95000076293945,42.59709167480469,223730,JK Lakshmi Cement Limited
2007-05-15,54.95000076293945,57.0,54.95000076293945,56.650001525878906,43.91492462158203,300374,JK Lakshmi Cement Limited
2007-05-16,57.84999847412109,58.275001525878906,56.525001525878906,56.84999847412109,44.0699577331543,596778,JK Lakshmi Cement Limited
2007-05-17,59.0,59.29999923706055,57.54999923706055,58.22499847412109,45.13584899902344,660596,JK Lakshmi Cement Limited
2007-05-18,58.70000076293945,62.82500076293945,58.29999923706055,61.70000076293945,47.82966232299805,1101264,JK Lakshmi Cement Limited
2007-05-21,62.900001525878906,64.5,62.07500076293945,62.400001525878906,48.3723030090332,425112,JK Lakshmi Cement Limited
2007-05-22,62.25,62.95000076293945,60.47499847412109,61.34999847412109,47.55834579467773,328062,JK Lakshmi Cement Limited
2007-05-23,61.25,62.400001525878906,60.04999923706055,60.400001525878906,46.82190704345703,246484,JK Lakshmi Cement Limited
2007-05-24,58.150001525878906,60.0,58.0,58.95000076293945,45.697879791259766,130982,JK Lakshmi Cement Limited
2007-05-25,59.5,59.5,57.54999923706055,58.59999847412109,45.426551818847656,128554,JK Lakshmi Cement Limited
2007-05-28,64.25,64.5,58.625,58.95000076293945,45.697879791259766,119388,JK Lakshmi Cement Limited
2007-05-29,59.79999923706055,59.79999923706055,57.525001525878906,58.275001525878906,45.174617767333984,145796,JK Lakshmi Cement Limited
2007-05-30,58.17499923706055,59.59999847412109,58.17499923706055,58.67499923706055,45.48469924926758,179992,JK Lakshmi Cement Limited
2007-05-31,59.0,60.45000076293945,59.0,59.47499847412109,46.10484313964844,276426,JK Lakshmi Cement Limited
2007-06-01,60.0,60.25,59.025001525878906,59.5,46.12423324584961,137498,JK Lakshmi Cement Limited
2007-06-04,56.0,60.5,51.125,57.84999847412109,44.84514617919922,151840,JK Lakshmi Cement Limited
2007-06-05,57.84999847412109,58.5,56.75,57.07500076293945,44.244384765625,66806,JK Lakshmi Cement Limited
2007-06-06,58.75,58.75,54.900001525878906,55.32500076293945,42.88779067993164,149580,JK Lakshmi Cement Limited
2007-06-07,55.125,56.0,53.45000076293945,54.20000076293945,42.01568603515625,187032,JK Lakshmi Cement Limited
2007-06-08,52.5,54.95000076293945,51.09999847412109,51.75,40.11644744873047,361542,JK Lakshmi Cement Limited
2007-06-11,54.5,54.5,51.59999847412109,51.79999923706055,40.15520858764648,152280,JK Lakshmi Cement Limited
2007-06-12,52.29999923706055,53.25,51.150001525878906,52.25,40.504051208496094,213812,JK Lakshmi Cement Limited
2007-06-13,52.625,53.20000076293945,52.125,52.59999847412109,40.77537155151367,103324,JK Lakshmi Cement Limited
2007-06-14,53.20000076293945,54.70000076293945,53.0,54.22499847412109,42.035064697265625,173648,JK Lakshmi Cement Limited
2007-06-15,54.75,55.5,53.75,54.04999923706055,41.89940643310547,157564,JK Lakshmi Cement Limited
2007-06-18,54.72499847412109,55.22499847412109,53.75,53.92499923706055,41.8025016784668,74754,JK Lakshmi Cement Limited
2007-06-19,53.92499923706055,55.09999847412109,53.525001525878906,54.84999847412109,42.51956558227539,80162,JK Lakshmi Cement Limited
2007-06-20,54.97499847412109,56.34999847412109,54.97499847412109,56.025001525878906,43.430423736572266,191434,JK Lakshmi Cement Limited
2007-06-21,56.0,57.29999923706055,55.275001525878906,55.650001525878906,43.13972473144531,349806,JK Lakshmi Cement Limited
2007-06-22,55.875,56.75,54.54999923706055,54.82500076293945,42.500186920166016,221968,JK Lakshmi Cement Limited
2007-06-25,55.45000076293945,58.45000076293945,55.125,58.07500076293945,45.01957321166992,406416,JK Lakshmi Cement Limited
2007-06-26,58.72499847412109,59.97499847412109,58.0,59.17499923706055,45.87229537963867,227238,JK Lakshmi Cement Limited
2007-06-27,59.0,59.5,58.025001525878906,58.54999923706055,45.38779067993164,142860,JK Lakshmi Cement Limited
2007-06-28,60.0,65.94999694824219,59.25,62.34999847412109,48.33354568481445,1000540,JK Lakshmi Cement Limited
2007-06-29,63.0,65.19999694824219,61.79999923706055,62.875,48.740516662597656,670998,JK Lakshmi Cement Limited
2007-07-02,63.45000076293945,65.125,63.0,64.0999984741211,49.69013595581055,449478,JK Lakshmi Cement Limited
2007-07-03,64.75,64.75,62.625,63.72499847412109,49.3994369506836,234274,JK Lakshmi Cement Limited
2007-07-04,63.72499847412109,67.125,63.25,66.5250015258789,51.56998825073242,1098562,JK Lakshmi Cement Limited
2007-07-05,66.55000305175781,67.17500305175781,63.54999923706055,65.2249984741211,50.94514465332031,364640,JK Lakshmi Cement Limited
2007-07-06,65.375,67.9000015258789,64.5,65.7750015258789,51.37472152709961,287194,JK Lakshmi Cement Limited
2007-07-09,66.0,66.6500015258789,64.42500305175781,65.125,50.867034912109375,210544,JK Lakshmi Cement Limited
2007-07-10,64.57499694824219,65.69999694824219,63.34999847412109,63.59999847412109,49.6759033203125,113678,JK Lakshmi Cement Limited
2007-07-11,63.400001525878906,66.0,62.22499847412109,64.875,50.67176818847656,146846,JK Lakshmi Cement Limited
2007-07-12,65.9000015258789,66.0,64.5,64.94999694824219,50.73034286499024,136152,JK Lakshmi Cement Limited
2007-07-13,71.55000305175781,71.55000305175781,65.5250015258789,66.8499984741211,52.21437072753906,445386,JK Lakshmi Cement Limited
2007-07-16,67.5,69.4000015258789,67.0,69.0,53.89366912841797,309928,JK Lakshmi Cement Limited
2007-07-17,69.5,70.9749984741211,66.05000305175781,66.94999694824219,52.2924690246582,471798,JK Lakshmi Cement Limited
2007-07-18,66.94999694824219,69.69999694824219,65.5,68.7750015258789,53.71793746948242,245384,JK Lakshmi Cement Limited
2007-07-19,68.625,73.5,68.625,71.44999694824219,55.80729293823242,629578,JK Lakshmi Cement Limited
2007-07-20,72.8499984741211,76.17500305175781,72.0999984741211,75.4000015258789,58.89249038696289,1235546,JK Lakshmi Cement Limited
2007-07-23,77.5,80.25,76.44999694824219,78.75,61.50905990600586,925082,JK Lakshmi Cement Limited
2007-07-24,79.5,80.4749984741211,78.0999984741211,78.7249984741211,61.489559173583984,776650,JK Lakshmi Cement Limited
2007-07-25,78.0,78.44999694824219,74.5,76.92500305175781,60.08362579345703,564202,JK Lakshmi Cement Limited
2007-07-26,76.5,78.69999694824219,75.5,77.7750015258789,60.74752807617188,296512,JK Lakshmi Cement Limited
2007-07-27,75.0,76.0,72.7750015258789,73.375,57.310848236083984,256572,JK Lakshmi Cement Limited
2007-07-30,74.42500305175781,76.9000015258789,71.5250015258789,74.9749984741211,58.560543060302734,180022,JK Lakshmi Cement Limited
2007-07-31,75.80000305175781,76.69999694824219,74.625,75.875,59.26351165771485,158294,JK Lakshmi Cement Limited
2007-08-01,74.5,74.82499694824219,69.94999694824219,70.57499694824219,55.12384796142578,238412,JK Lakshmi Cement Limited
2007-08-02,71.0,76.75,70.75,75.75,59.16587448120117,358952,JK Lakshmi Cement Limited
2007-08-03,76.5,80.5,76.5,79.625,62.192508697509766,584150,JK Lakshmi Cement Limited
2007-08-06,76.0,78.0,67.55000305175781,76.07499694824219,59.41972732543945,346276,JK Lakshmi Cement Limited
2007-08-07,77.75,78.44999694824219,74.67500305175781,74.92500305175781,58.52148818969727,255144,JK Lakshmi Cement Limited
2007-08-08,76.44999694824219,77.0,76.05000305175781,76.375,59.65404510498047,88474,JK Lakshmi Cement Limited
2007-08-09,80.0,80.0,73.5,74.07499694824219,57.85758209228516,117154,JK Lakshmi Cement Limited
2007-08-10,71.5,74.0,70.25,73.42500305175781,57.34989547729492,201260,JK Lakshmi Cement Limited
2007-08-13,73.5,75.07499694824219,73.25,74.94999694824219,58.54102325439453,117156,JK Lakshmi Cement Limited
2007-08-14,75.05000305175781,75.55000305175781,72.80000305175781,73.2750015258789,57.23273468017578,127914,JK Lakshmi Cement Limited
2007-08-16,69.5,72.9000015258789,69.5,71.07499694824219,55.51437759399414,100370,JK Lakshmi Cement Limited
2007-08-17,72.0,72.0,69.3499984741211,71.4749984741211,55.82680892944336,152920,JK Lakshmi Cement Limited
2007-08-20,74.94999694824219,74.94999694824219,71.32499694824219,71.67500305175781,55.98301696777344,126578,JK Lakshmi Cement Limited
2007-08-21,72.25,72.25,68.07499694824219,68.67500305175781,53.63982772827149,113802,JK Lakshmi Cement Limited
2007-08-22,69.25,70.5999984741211,68.5,69.625,54.3818473815918,86020,JK Lakshmi Cement Limited
2007-08-23,72.5,73.25,69.0,69.4000015258789,54.20610046386719,172034,JK Lakshmi Cement Limited
2007-08-24,70.0,72.25,69.5,71.42500305175781,55.78776931762695,110076,JK Lakshmi Cement Limited
2007-08-27,73.5,73.5,72.0,72.42500305175781,56.56884002685547,93838,JK Lakshmi Cement Limited
2007-08-28,72.5,73.7249984741211,71.75,72.5,56.62740707397461,79340,JK Lakshmi Cement Limited
2007-08-29,71.5,74.3499984741211,70.3499984741211,74.0999984741211,57.87711715698242,117094,JK Lakshmi Cement Limited
2007-08-30,75.94999694824219,75.94999694824219,73.67500305175781,73.9749984741211,57.77946853637695,112360,JK Lakshmi Cement Limited
2007-08-31,73.0,74.05000305175781,73.0,73.625,57.506107330322266,86490,JK Lakshmi Cement Limited
2007-09-03,75.44999694824219,78.6500015258789,74.25,78.17500305175781,61.05997467041016,408748,JK Lakshmi Cement Limited
2007-09-04,79.1500015258789,82.0999984741211,77.80000305175781,81.30000305175781,63.500789642333984,467192,JK Lakshmi Cement Limited
2007-09-05,83.0,84.0,79.32499694824219,79.8499984741211,62.36824798583984,247788,JK Lakshmi Cement Limited
2007-09-06,78.5,83.05000305175781,78.5,81.9000015258789,63.96944427490234,283786,JK Lakshmi Cement Limited
2007-09-07,82.9749984741211,82.9749984741211,77.0,78.75,61.50905990600586,558962,JK Lakshmi Cement Limited
2007-09-10,76.5,82.32499694824219,76.5,81.67500305175781,63.7937126159668,308668,JK Lakshmi Cement Limited
2007-09-11,82.9000015258789,85.0,80.5999984741211,83.5999984741211,65.29727172851562,389304,JK Lakshmi Cement Limited
2007-09-12,84.0,87.4749984741211,84.0,85.2249984741211,66.56649780273438,427160,JK Lakshmi Cement Limited
2007-09-13,85.94999694824219,87.625,84.0,84.3499984741211,65.88304901123047,281476,JK Lakshmi Cement Limited
2007-09-14,86.0,86.44999694824219,81.57499694824219,82.4000015258789,64.35997009277344,222416,JK Lakshmi Cement Limited
2007-09-17,82.5,83.1500015258789,81.25,81.625,63.7546501159668,89382,JK Lakshmi Cement Limited
2007-09-18,82.0,85.17500305175781,81.0,82.82499694824219,64.69192504882812,560148,JK Lakshmi Cement Limited
2007-09-19,84.5,85.5999984741211,83.125,85.0999984741211,66.46885681152344,614178,JK Lakshmi Cement Limited
2007-09-20,86.9000015258789,88.0,84.7750015258789,87.57499694824219,68.40199279785156,388130,JK Lakshmi Cement Limited
2007-09-21,88.5,89.4000015258789,84.9749984741211,85.1500015258789,66.50791931152344,247758,JK Lakshmi Cement Limited
2007-09-24,86.0,87.0,84.25,84.875,66.29314422607422,183700,JK Lakshmi Cement Limited
2007-09-25,85.0,86.19999694824219,84.1500015258789,84.7750015258789,66.21501159667969,177456,JK Lakshmi Cement Limited
2007-09-26,85.5,88.44999694824219,85.5,86.82499694824219,67.81620025634766,206492,JK Lakshmi Cement Limited
2007-09-27,88.44999694824219,93.9499969482422,87.0,92.75,72.44402313232422,897996,JK Lakshmi Cement Limited
2007-09-28,92.75,94.6999969482422,90.4000015258789,93.0749969482422,72.69786071777344,617988,JK Lakshmi Cement Limited
2007-10-01,93.0999984741211,96.25,92.0,94.75,74.00617980957031,324090,JK Lakshmi Cement Limited
2007-10-03,96.4749984741211,97.0,91.0,94.125,73.51798248291016,502682,JK Lakshmi Cement Limited
2007-10-04,88.0,94.9499969482422,85.05000305175781,91.9499969482422,71.81918334960938,204710,JK Lakshmi Cement Limited
2007-10-05,90.75,92.4499969482422,88.5,90.0,70.29608917236328,154698,JK Lakshmi Cement Limited
2007-10-08,90.0,90.5500030517578,82.5,83.6500015258789,65.33631896972656,289090,JK Lakshmi Cement Limited
2007-10-09,82.5,88.75,81.5,85.80000305175781,67.01560974121094,463486,JK Lakshmi Cement Limited
2007-10-10,86.125,88.75,85.55000305175781,86.6500015258789,67.67951965332031,152596,JK Lakshmi Cement Limited
2007-10-11,86.75,88.25,86.0250015258789,87.75,68.53868865966797,66902,JK Lakshmi Cement Limited
2007-10-12,87.4749984741211,93.5999984741211,87.4749984741211,90.75,70.88188934326172,420854,JK Lakshmi Cement Limited
2007-10-15,90.5500030517578,97.125,90.5500030517578,95.8499984741211,74.86532592773438,558574,JK Lakshmi Cement Limited
2007-10-16,96.0,99.9250030517578,94.0,99.125,77.42333221435547,395264,JK Lakshmi Cement Limited
2007-10-17,82.5,96.0,82.5,94.9000015258789,74.1233139038086,242350,JK Lakshmi Cement Limited
2007-10-18,95.9499969482422,99.125,88.0,91.6500015258789,71.58484649658203,380384,JK Lakshmi Cement Limited
2007-10-19,92.5,92.5,86.0,86.7249984741211,67.73809051513672,192024,JK Lakshmi Cement Limited
2007-10-22,85.0,87.4000015258789,83.2750015258789,85.375,66.68364715576172,179042,JK Lakshmi Cement Limited
2007-10-23,88.9000015258789,92.5,88.9000015258789,91.7750015258789,71.6824951171875,145534,JK Lakshmi Cement Limited
2007-10-24,94.0,101.0,91.1750030517578,99.375,77.61859893798828,564134,JK Lakshmi Cement Limited
2007-10-25,101.3499984741211,105.1999969482422,100.0,101.0749969482422,78.9464111328125,504616,JK Lakshmi Cement Limited
2007-10-26,102.9250030517578,102.9250030517578,97.6750030517578,98.25,76.73989868164062,362454,JK Lakshmi Cement Limited
2007-10-29,101.4499969482422,101.4499969482422,94.5500030517578,96.9250030517578,75.70500183105469,575000,JK Lakshmi Cement Limited
2007-10-30,97.0,97.0,88.55000305175781,91.75,71.6629638671875,349230,JK Lakshmi Cement Limited
2007-10-31,96.0,96.0,92.5500030517578,94.4250030517578,73.7523193359375,399358,JK Lakshmi Cement Limited
2007-11-01,97.4000015258789,97.4000015258789,90.75,92.4000015258789,72.170654296875,518394,JK Lakshmi Cement Limited
2007-11-02,92.0,94.4499969482422,90.0,93.9749984741211,73.40083312988281,205288,JK Lakshmi Cement Limited
2007-11-05,95.0,95.5,91.0,91.5500030517578,71.50674438476562,126288,JK Lakshmi Cement Limited
2007-11-06,93.9499969482422,95.5,89.5,90.8499984741211,70.96001434326172,218026,JK Lakshmi Cement Limited
2007-11-07,91.5,92.75,88.75,89.7750015258789,70.12035369873047,347754,JK Lakshmi Cement Limited
2007-11-08,89.5,92.5,89.0,90.3000030517578,70.53042602539062,54030,JK Lakshmi Cement Limited
2007-11-12,89.0,89.5,86.25,88.2750015258789,68.94876098632812,156180,JK Lakshmi Cement Limited
2007-11-13,88.75,89.67500305175781,87.5,88.42500305175781,69.06591033935547,159536,JK Lakshmi Cement Limited
2007-11-14,90.0,93.0,88.7750015258789,92.625,72.34638977050781,264676,JK Lakshmi Cement Limited
2007-11-15,94.5,95.9250030517578,91.5,93.25,72.83455657958984,137848,JK Lakshmi Cement Limited
2007-11-16,92.5,99.5,92.5,96.0999984741211,75.06060791015625,414544,JK Lakshmi Cement Limited
2007-11-19,99.4250030517578,102.5,97.0,99.1999969482422,77.48190307617188,328258,JK Lakshmi Cement Limited
2007-11-20,99.0,103.6999969482422,97.5,98.7249984741211,77.11090850830078,511382,JK Lakshmi Cement Limited
2007-11-21,101.0,101.0,92.0999984741211,92.9499969482422,72.60023498535156,320860,JK Lakshmi Cement Limited
2007-11-22,92.5,93.875,87.5,91.0250015258789,71.09669494628906,355912,JK Lakshmi Cement Limited
2007-11-23,92.5,94.5,91.5,92.375,72.151123046875,170316,JK Lakshmi Cement Limited
2007-11-26,94.5,95.9749984741211,92.5,94.8249969482422,74.06474304199219,182670,JK Lakshmi Cement Limited
2007-11-27,96.0,97.0,95.1500015258789,95.9749984741211,74.96296691894531,136572,JK Lakshmi Cement Limited
2007-11-28,96.25,96.9749984741211,93.5,93.8499984741211,73.3031997680664,74910,JK Lakshmi Cement Limited
2007-11-29,97.0,97.0,92.5,92.8499984741211,72.5221176147461,123438,JK Lakshmi Cement Limited
2007-11-30,95.3499984741211,99.4499969482422,93.125,98.4000015258789,76.85704803466797,391092,JK Lakshmi Cement Limited
2007-12-03,98.4000015258789,103.3249969482422,98.4000015258789,101.3249969482422,79.14167022705078,318570,JK Lakshmi Cement Limited
2007-12-04,102.0,107.0,102.0,103.0500030517578,80.48902893066406,452830,JK Lakshmi Cement Limited
2007-12-05,105.0,105.0,100.0,102.75,80.25470733642578,278506,JK Lakshmi Cement Limited
2007-12-06,104.9250030517578,104.9499969482422,99.5,100.3249969482422,78.36060333251953,286458,JK Lakshmi Cement Limited
2007-12-07,100.3249969482422,102.5,100.3249969482422,101.5999984741211,79.3564682006836,124366,JK Lakshmi Cement Limited
2007-12-10,102.0,104.1999969482422,100.0500030517578,103.2750015258789,80.6647720336914,165700,JK Lakshmi Cement Limited
2007-12-11,105.0,105.9499969482422,103.0,104.125,81.32866668701172,223714,JK Lakshmi Cement Limited
2007-12-12,100.8000030517578,105.5,100.8000030517578,104.6750030517578,81.75826263427734,169990,JK Lakshmi Cement Limited
2007-12-13,107.375,107.375,102.5,103.1750030517578,80.5866470336914,643966,JK Lakshmi Cement Limited
2007-12-14,87.82499694824219,110.5,87.82499694824219,108.5,84.74583435058594,388208,JK Lakshmi Cement Limited
2007-12-17,110.0,111.5,104.0,106.0749969482422,82.85175323486328,447840,JK Lakshmi Cement Limited
2007-12-18,105.5,106.8499984741211,102.5250015258789,103.0,80.4499740600586,126616,JK Lakshmi Cement Limited
2007-12-19,105.0,107.4250030517578,101.5,102.9499969482422,80.41091918945312,163706,JK Lakshmi Cement Limited
2007-12-20,104.0,104.9499969482422,99.6999969482422,100.8499984741211,78.77066040039062,146330,JK Lakshmi Cement Limited
2007-12-24,102.5,102.5,97.5,98.0250015258789,76.56414794921875,273886,JK Lakshmi Cement Limited
2007-12-26,99.9499969482422,101.4000015258789,98.0749969482422,98.7750015258789,77.14995574951172,175994,JK Lakshmi Cement Limited
2007-12-27,100.0500030517578,102.5,98.5,98.9000015258789,77.2475814819336,139486,JK Lakshmi Cement Limited
2007-12-28,99.0,101.5,98.1500015258789,99.6750030517578,77.8529052734375,145212,JK Lakshmi Cement Limited
2007-12-31,100.5,102.2750015258789,100.0,101.0250015258789,78.90735626220703,208702,JK Lakshmi Cement Limited
2008-01-01,102.9749984741211,104.0,101.5,103.2750015258789,80.6647720336914,161866,JK Lakshmi Cement Limited
2008-01-02,104.9000015258789,108.4499969482422,103.0999984741211,105.875,82.69554138183594,360872,JK Lakshmi Cement Limited
2008-01-03,106.0,106.0,100.0,101.8499984741211,79.5517349243164,234804,JK Lakshmi Cement Limited
2008-01-04,105.0,106.0,101.0,101.2750015258789,79.10263061523438,189576,JK Lakshmi Cement Limited
2008-01-07,105.625,105.625,98.875,100.4250030517578,78.43873596191406,170370,JK Lakshmi Cement Limited
2008-01-08,100.5500030517578,102.9250030517578,96.9749984741211,97.3249969482422,76.01741790771484,221090,JK Lakshmi Cement Limited
2008-01-09,97.7249984741211,99.75,96.5,98.0,76.54461669921875,218164,JK Lakshmi Cement Limited
2008-01-10,99.9000015258789,101.0,93.5,93.6999969482422,73.18602752685547,250864,JK Lakshmi Cement Limited
2008-01-11,94.5,95.0,87.55000305175781,90.0749969482422,70.35467529296875,253758,JK Lakshmi Cement Limited
2008-01-14,91.25,95.0,89.9749984741211,94.375,73.7132568359375,114402,JK Lakshmi Cement Limited
2008-01-15,95.0500030517578,96.9000015258789,87.2750015258789,88.42500305175781,69.06591033935547,352618,JK Lakshmi Cement Limited
2008-01-16,87.5,88.5,84.6500015258789,85.57499694824219,66.83985900878906,327516,JK Lakshmi Cement Limited
2008-01-17,86.69999694824219,90.25,83.75,84.42500305175781,65.941650390625,701762,JK Lakshmi Cement Limited
2008-01-18,84.42500305175781,88.44999694824219,82.5999984741211,84.07499694824219,65.66826629638672,259682,JK Lakshmi Cement Limited
2008-01-21,81.05000305175781,83.9000015258789,67.2750015258789,67.9000015258789,53.03449630737305,540628,JK Lakshmi Cement Limited
2008-01-22,62.5,69.0,54.59999847412109,54.59999847412109,42.64630508422852,1086370,JK Lakshmi Cement Limited
2008-01-23,62.5,67.1500015258789,45.0,58.400001525878906,45.614356994628906,1311540,JK Lakshmi Cement Limited
2008-01-24,67.75,68.0,60.47499847412109,61.42499923706055,47.977081298828125,409660,JK Lakshmi Cement Limited
2008-01-25,64.0,69.44999694824219,63.54999923706055,68.42500305175781,53.44456100463867,241420,JK Lakshmi Cement Limited
2008-01-28,70.6500015258789,71.3499984741211,66.5,67.30000305175781,52.565860748291016,400514,JK Lakshmi Cement Limited
2008-01-29,68.94999694824219,71.0,67.5,68.67500305175781,54.04132080078125,241142,JK Lakshmi Cement Limited
2008-01-30,69.5999984741211,70.4749984741211,67.0,67.5250015258789,53.136375427246094,260278,JK Lakshmi Cement Limited
2008-01-31,68.5,70.0,65.5,68.0250015258789,53.52982711791992,222414,JK Lakshmi Cement Limited
2008-02-01,68.9000015258789,78.0999984741211,68.0,68.67500305175781,54.04132080078125,212540,JK Lakshmi Cement Limited
2008-02-04,71.5,72.5,69.94999694824219,70.2750015258789,55.300392150878906,206244,JK Lakshmi Cement Limited
2008-02-05,70.0,70.9749984741211,70.0,70.5,55.47743225097656,94144,JK Lakshmi Cement Limited
2008-02-06,69.5,70.0250015258789,67.55000305175781,69.5,54.690528869628906,134456,JK Lakshmi Cement Limited
2008-02-07,70.0,75.0,69.0,69.375,54.5921516418457,383322,JK Lakshmi Cement Limited
2008-02-08,70.0,70.0,62.82500076293945,66.5,52.329776763916016,315028,JK Lakshmi Cement Limited
2008-02-11,67.0,67.5,62.57500076293945,64.2249984741211,50.539546966552734,144186,JK Lakshmi Cement Limited
2008-02-12,67.5,67.5,62.5,63.0,49.57558441162109,124656,JK Lakshmi Cement Limited
2008-02-13,65.0,65.75,63.275001525878906,63.72499847412109,50.14609909057617,119704,JK Lakshmi Cement Limited
2008-02-14,66.44999694824219,67.4000015258789,65.625,66.9000015258789,52.64454650878906,115768,JK Lakshmi Cement Limited
2008-02-15,65.5,68.75,65.0,68.0999984741211,53.588844299316406,71916,JK Lakshmi Cement Limited
2008-02-18,68.92500305175781,69.5,67.2750015258789,68.69999694824219,54.06099319458008,72226,JK Lakshmi Cement Limited
2008-02-19,69.5,71.0,68.25,69.19999694824219,54.45444488525391,109818,JK Lakshmi Cement Limited
2008-02-20,69.19999694824219,69.44999694824219,67.0,67.5250015258789,53.136375427246094,93452,JK Lakshmi Cement Limited
2008-02-21,69.0,69.5,68.25,68.9000015258789,54.2183837890625,135328,JK Lakshmi Cement Limited
2008-02-22,65.82499694824219,68.75,65.5,68.0,53.51015472412109,70246,JK Lakshmi Cement Limited
2008-02-25,68.94999694824219,68.94999694824219,65.7750015258789,68.17500305175781,53.64787292480469,92408,JK Lakshmi Cement Limited
2008-02-26,68.5,70.25,68.5,69.42500305175781,54.63150787353516,127648,JK Lakshmi Cement Limited
2008-02-27,70.0,71.0,69.0250015258789,69.55000305175781,54.72986602783203,125796,JK Lakshmi Cement Limited
2008-02-28,69.5,69.94999694824219,68.25,69.44999694824219,54.65117263793945,88284,JK Lakshmi Cement Limited
2008-02-29,69.8499984741211,69.92500305175781,67.07499694824219,68.19999694824219,53.66754150390625,79270,JK Lakshmi Cement Limited
2008-03-03,67.5,67.67500305175781,64.80000305175781,65.3499984741211,51.4248275756836,91544,JK Lakshmi Cement Limited
2008-03-04,65.0,66.19999694824219,61.125,62.67499923706055,49.31983184814453,135312,JK Lakshmi Cement Limited
2008-03-05,63.45000076293945,63.5,62.04999923706055,63.20000076293945,49.73297500610352,80622,JK Lakshmi Cement Limited
2008-03-07,60.25,63.0,58.5,58.95000076293945,46.388580322265625,152844,JK Lakshmi Cement Limited
2008-03-10,59.0,59.45000076293945,56.5,57.92499923706055,45.58200073242188,156460,JK Lakshmi Cement Limited
2008-03-11,57.5,59.0,56.0,58.29999923706055,45.87708282470703,330552,JK Lakshmi Cement Limited
2008-03-12,60.0,61.0,58.025001525878906,58.20000076293945,45.79839706420898,193060,JK Lakshmi Cement Limited
2008-03-13,56.82500076293945,57.97499847412109,55.400001525878906,56.04999923706055,44.10652542114258,98922,JK Lakshmi Cement Limited
2008-03-14,54.5,57.22499847412109,54.5,56.900001525878906,44.77540969848633,71740,JK Lakshmi Cement Limited
2008-03-17,55.09999847412109,55.95000076293945,53.0,53.875,42.394996643066406,393866,JK Lakshmi Cement Limited
2008-03-18,53.54999923706055,54.95000076293945,51.0,51.67499923706055,40.66378784179688,180724,JK Lakshmi Cement Limited
2008-03-19,55.0,55.0,50.25,50.900001525878906,40.05392837524414,177658,JK Lakshmi Cement Limited
2008-03-24,51.025001525878906,51.97499847412109,49.54999923706055,50.875,40.03424835205078,104736,JK Lakshmi Cement Limited
2008-03-25,51.5,56.0,51.0,54.625,42.98517608642578,168636,JK Lakshmi Cement Limited
2008-03-26,55.75,59.5,55.5,58.650001525878906,46.15250015258789,182408,JK Lakshmi Cement Limited
2008-03-27,57.54999923706055,58.650001525878906,55.75,58.0,45.64101791381836,137442,JK Lakshmi Cement Limited
2008-03-28,58.75,60.95000076293945,57.775001525878906,60.400001525878906,47.52960586547852,129816,JK Lakshmi Cement Limited
2008-03-31,58.5,61.20000076293945,57.54999923706055,58.20000076293945,45.79839706420898,102272,JK Lakshmi Cement Limited
2008-04-01,59.5,60.0,57.5,58.900001525878906,46.349239349365234,56840,JK Lakshmi Cement Limited
2008-04-02,60.900001525878906,61.75,58.625,59.275001525878906,46.64433288574219,62624,JK Lakshmi Cement Limited
2008-04-03,60.5,60.5,57.45000076293945,57.75,45.44428253173828,55918,JK Lakshmi Cement Limited
2008-04-04,57.04999923706055,58.45000076293945,55.20000076293945,55.625,43.77208709716797,82362,JK Lakshmi Cement Limited
2008-04-07,56.5,56.5,54.775001525878906,55.5,43.67373275756836,59168,JK Lakshmi Cement Limited
2008-04-08,55.5,56.5,55.09999847412109,55.775001525878906,43.89012908935547,69712,JK Lakshmi Cement Limited
2008-04-09,55.20000076293945,58.0,55.20000076293945,57.57500076293945,45.30657577514648,64304,JK Lakshmi Cement Limited
2008-04-10,57.75,59.0,57.0,57.82500076293945,45.5033073425293,63460,JK Lakshmi Cement Limited
2008-04-11,58.5,59.5,56.525001525878906,57.0,44.85409927368164,69058,JK Lakshmi Cement Limited
2008-04-15,56.75,56.75,56.025001525878906,56.25,44.263919830322266,76616,JK Lakshmi Cement Limited
2008-04-16,57.0,57.72499847412109,56.125,56.47499847412109,44.44097137451172,67968,JK Lakshmi Cement Limited
2008-04-17,57.5,57.5,56.5,57.17499923706055,44.99180221557617,126918,JK Lakshmi Cement Limited
2008-04-21,57.5,59.375,56.57500076293945,59.17499923706055,46.56563949584961,144658,JK Lakshmi Cement Limited
2008-04-22,59.5,64.5,59.125,62.775001525878906,49.398529052734375,293072,JK Lakshmi Cement Limited
2008-04-23,63.0,63.75,61.025001525878906,62.09999847412109,48.86735153198242,120806,JK Lakshmi Cement Limited
2008-04-24,62.75,65.0,61.32500076293945,61.47499847412109,48.375526428222656,96984,JK Lakshmi Cement Limited
2008-04-25,62.97499847412109,62.97499847412109,60.025001525878906,60.650001525878906,47.7263298034668,62734,JK Lakshmi Cement Limited
2008-04-28,61.0,61.34999847412109,59.25,59.775001525878906,47.03778076171875,83864,JK Lakshmi Cement Limited
2008-04-29,59.59999847412109,60.400001525878906,59.09999847412109,59.45000076293945,46.78204727172852,73978,JK Lakshmi Cement Limited
2008-04-30,59.54999923706055,59.95000076293945,58.650001525878906,58.79999923706055,46.270538330078125,62436,JK Lakshmi Cement Limited
2008-05-02,59.75,60.45000076293945,58.400001525878906,58.525001525878906,46.054141998291016,105080,JK Lakshmi Cement Limited
2008-05-05,58.75,59.67499923706055,58.0,58.82500076293945,46.29021453857422,68180,JK Lakshmi Cement Limited
2008-05-06,57.650001525878906,59.09999847412109,57.025001525878906,57.42499923706055,45.18853378295898,173388,JK Lakshmi Cement Limited
2008-05-07,57.5,57.82500076293945,56.025001525878906,56.47499847412109,44.44097137451172,153994,JK Lakshmi Cement Limited
2008-05-08,56.0,57.47499847412109,56.0,57.07500076293945,44.913116455078125,48148,JK Lakshmi Cement Limited
2008-05-09,56.75,57.47499847412109,56.0,56.17499923706055,44.20489883422852,68272,JK Lakshmi Cement Limited
2008-05-12,56.150001525878906,56.150001525878906,54.57500076293945,55.0,43.2802734375,92044,JK Lakshmi Cement Limited
2008-05-13,55.5,56.0,53.25,53.54999923706055,42.139251708984375,175162,JK Lakshmi Cement Limited
2008-05-14,53.5,55.92499923706055,53.5,53.70000076293945,42.25728225708008,248194,JK Lakshmi Cement Limited
2008-05-15,54.5,56.0,54.04999923706055,54.34999847412109,42.76877975463867,275040,JK Lakshmi Cement Limited
2008-05-16,55.400001525878906,56.97499847412109,55.125,55.57500076293945,43.73274612426758,372362,JK Lakshmi Cement Limited
2008-05-20,56.400001525878906,57.75,55.0,56.375,44.36227798461914,215802,JK Lakshmi Cement Limited
2008-05-21,55.25,56.0,54.67499923706055,55.29999923706055,43.5163459777832,197192,JK Lakshmi Cement Limited
2008-05-22,55.0,55.5,54.22499847412109,54.34999847412109,42.76877975463867,152432,JK Lakshmi Cement Limited
2008-05-23,55.04999923706055,56.0,53.75,53.875,42.394996643066406,192636,JK Lakshmi Cement Limited
2008-05-26,54.25,54.25,52.34999847412109,52.47499847412109,41.29330062866211,89144,JK Lakshmi Cement Limited
2008-05-27,53.5,54.0,50.59999847412109,50.775001525878906,39.9555549621582,120480,JK Lakshmi Cement Limited
2008-05-28,51.0,52.25,51.0,51.95000076293945,40.880184173583984,109916,JK Lakshmi Cement Limited
2008-05-29,52.45000076293945,53.0,51.29999923706055,51.67499923706055,40.66378784179688,57448,JK Lakshmi Cement Limited
2008-05-30,51.32500076293945,52.42499923706055,50.775001525878906,51.17499923706055,40.270320892333984,53418,JK Lakshmi Cement Limited
2008-06-02,52.0,52.0,49.25,49.525001525878906,38.9719123840332,97142,JK Lakshmi Cement Limited
2008-06-03,49.5,50.0,48.07500076293945,49.54999923706055,38.9915885925293,102688,JK Lakshmi Cement Limited
2008-06-04,49.5,49.900001525878906,48.125,48.400001525878906,38.08664321899414,82566,JK Lakshmi Cement Limited
2008-06-05,48.42499923706055,48.82500076293945,47.04999923706055,47.97499847412109,37.75220489501953,72012,JK Lakshmi Cement Limited
2008-06-06,48.275001525878906,49.0,47.54999923706055,48.09999847412109,37.85055160522461,70194,JK Lakshmi Cement Limited
2008-06-09,46.275001525878906,48.0,45.75,46.17499923706055,36.335750579833984,126510,JK Lakshmi Cement Limited
2008-06-10,46.32500076293945,46.84999847412109,44.0,45.54999923706055,35.84392547607422,103784,JK Lakshmi Cement Limited
2008-06-11,45.75,47.900001525878906,45.75,47.525001525878906,37.398094177246094,63206,JK Lakshmi Cement Limited
2008-06-12,47.775001525878906,47.775001525878906,46.150001525878906,47.125,37.08332061767578,44244,JK Lakshmi Cement Limited
2008-06-13,46.5,48.400001525878906,46.5,47.42499923706055,37.31939697265625,33018,JK Lakshmi Cement Limited
2008-06-16,47.75,48.47499847412109,47.25,47.54999923706055,37.417762756347656,44336,JK Lakshmi Cement Limited
2008-06-17,47.04999923706055,48.375,47.04999923706055,47.70000076293945,37.53579711914063,39410,JK Lakshmi Cement Limited
2008-06-18,47.54999923706055,50.97499847412109,47.54999923706055,49.400001525878906,38.87355041503906,176664,JK Lakshmi Cement Limited
2008-06-19,47.59999847412109,50.900001525878906,47.59999847412109,49.25,38.75552368164063,124808,JK Lakshmi Cement Limited
2008-06-20,47.04999923706055,49.5,47.04999923706055,47.275001525878906,37.20136642456055,51708,JK Lakshmi Cement Limited
2008-06-23,47.25,47.25,44.45000076293945,44.67499923706055,35.1553840637207,79030,JK Lakshmi Cement Limited
2008-06-24,44.375,45.75,44.150001525878906,44.625,35.11603546142578,31394,JK Lakshmi Cement Limited
2008-06-25,44.025001525878906,45.150001525878906,43.5,44.92499923706055,35.352108001708984,32308,JK Lakshmi Cement Limited
2008-06-26,45.07500076293945,46.5,45.07500076293945,45.79999923706055,36.04065704345703,45274,JK Lakshmi Cement Limited
2008-06-27,45.47499847412109,45.70000076293945,43.75,44.45000076293945,34.97832489013672,78414,JK Lakshmi Cement Limited
2008-06-30,44.025001525878906,44.95000076293945,41.75,42.25,33.24711990356445,64786,JK Lakshmi Cement Limited
2008-07-01,42.5,44.45000076293945,39.400001525878906,40.04999923706055,31.515914916992188,74402,JK Lakshmi Cement Limited
2008-07-02,41.0,43.75,38.75,41.900001525878906,32.9716911315918,50422,JK Lakshmi Cement Limited
2008-07-03,42.0,42.75,40.0,41.95000076293945,33.011043548583984,61782,JK Lakshmi Cement Limited
2008-07-04,43.0,43.0,41.0,41.900001525878906,32.9716911315918,25842,JK Lakshmi Cement Limited
2008-07-07,42.07500076293945,44.5,41.84999847412109,44.20000076293945,34.7816047668457,66540,JK Lakshmi Cement Limited
2008-07-08,43.95000076293945,43.95000076293945,41.57500076293945,43.0,33.837310791015625,45726,JK Lakshmi Cement Limited
2008-07-09,44.25,45.22499847412109,44.09999847412109,44.92499923706055,35.352108001708984,63674,JK Lakshmi Cement Limited
2008-07-10,44.875,45.5,43.775001525878906,44.92499923706055,35.352108001708984,56716,JK Lakshmi Cement Limited
2008-07-11,44.875,46.0,44.0,44.70000076293945,35.17505645751953,61576,JK Lakshmi Cement Limited
2008-07-14,43.07500076293945,44.47499847412109,43.07500076293945,44.04999923706055,34.6635627746582,26804,JK Lakshmi Cement Limited
2008-07-15,43.150001525878906,44.0,40.67499923706055,41.04999923706055,32.302825927734375,77242,JK Lakshmi Cement Limited
2008-07-16,41.5,42.09999847412109,39.775001525878906,40.20000076293945,31.63394355773925,61342,JK Lakshmi Cement Limited
2008-07-17,41.5,41.82500076293945,37.57500076293945,39.45000076293945,31.633947372436523,119728,JK Lakshmi Cement Limited
2008-07-18,40.04999923706055,40.95000076293945,39.775001525878906,40.34999847412109,32.35562515258789,98860,JK Lakshmi Cement Limited
2008-07-21,41.0,41.0,39.875,40.32500076293945,32.33558654785156,31118,JK Lakshmi Cement Limited
2008-07-22,40.07500076293945,41.25,39.29999923706055,39.650001525878906,31.794321060180664,137246,JK Lakshmi Cement Limited
2008-07-23,41.0,42.45000076293945,40.04999923706055,41.84999847412109,33.55843734741211,182666,JK Lakshmi Cement Limited
2008-07-24,41.525001525878906,43.5,40.5,40.97499847412109,32.8568000793457,143222,JK Lakshmi Cement Limited
2008-07-25,43.34999847412109,43.34999847412109,40.07500076293945,40.5,32.475921630859375,86424,JK Lakshmi Cement Limited
2008-07-28,40.400001525878906,40.525001525878906,39.54999923706055,40.0,32.074974060058594,150104,JK Lakshmi Cement Limited
2008-07-29,39.5,39.75,38.45000076293945,38.625,30.97239112854004,107220,JK Lakshmi Cement Limited
2008-07-30,38.625,39.70000076293945,38.5,38.97499847412109,31.253053665161133,85066,JK Lakshmi Cement Limited
2008-07-31,39.45000076293945,39.5,38.125,38.84999847412109,31.152812957763672,82394,JK Lakshmi Cement Limited
2008-08-01,39.42499923706055,39.45000076293945,38.45000076293945,39.150001525878906,31.393388748168945,90580,JK Lakshmi Cement Limited
2008-08-04,39.75,40.75,39.25,39.72499847412109,31.854455947875977,88600,JK Lakshmi Cement Limited
2008-08-05,40.47499847412109,42.29999923706055,39.97499847412109,41.54999923706055,33.31787872314453,221924,JK Lakshmi Cement Limited
2008-08-06,42.95000076293945,43.5,41.25,41.525001525878906,33.297828674316406,204432,JK Lakshmi Cement Limited
2008-08-07,42.0,42.67499923706055,41.04999923706055,41.82500076293945,33.53839111328125,91260,JK Lakshmi Cement Limited
2008-08-08,41.5,42.5,41.25,41.97499847412109,33.65867233276367,116526,JK Lakshmi Cement Limited
2008-08-11,42.0,42.82500076293945,42.0,42.375,33.979427337646484,77632,JK Lakshmi Cement Limited
2008-08-12,41.75,42.84999847412109,41.400001525878906,41.59999847412109,33.35797119140625,52546,JK Lakshmi Cement Limited
2008-08-13,41.375,41.5,40.0,40.32500076293945,32.33558654785156,128484,JK Lakshmi Cement Limited
2008-08-14,40.25,40.95000076293945,40.25,40.5,32.475921630859375,53554,JK Lakshmi Cement Limited
2008-08-18,40.5,40.900001525878906,40.125,40.25,32.27543640136719,30082,JK Lakshmi Cement Limited
2008-08-19,40.04999923706055,40.400001525878906,39.5,39.67499923706055,31.814361572265625,33562,JK Lakshmi Cement Limited
2008-08-20,39.775001525878906,40.125,39.5,39.625,31.77427673339844,62454,JK Lakshmi Cement Limited
2008-08-21,38.650001525878906,39.92499923706055,38.54999923706055,38.775001525878906,31.09268569946289,35310,JK Lakshmi Cement Limited
2008-08-22,38.5,39.0,38.29999923706055,38.5,30.872163772583008,45686,JK Lakshmi Cement Limited
2008-08-25,39.84999847412109,41.5,39.34999847412109,39.75,31.874500274658203,119654,JK Lakshmi Cement Limited
2008-08-26,39.32500076293945,40.22499847412109,39.04999923706055,39.92499923706055,32.01483154296875,58122,JK Lakshmi Cement Limited
2008-08-27,40.400001525878906,40.400001525878906,39.125,39.275001525878906,31.49361801147461,30408,JK Lakshmi Cement Limited
2008-08-28,39.25,39.75,38.75,39.20000076293945,31.4334716796875,70638,JK Lakshmi Cement Limited
2008-08-29,40.0,40.5,38.525001525878906,39.0,31.273101806640625,40556,JK Lakshmi Cement Limited
2008-09-01,39.32500076293945,39.70000076293945,38.775001525878906,39.07500076293945,31.333240509033203,14914,JK Lakshmi Cement Limited
2008-09-02,39.59999847412109,40.0,39.09999847412109,39.79999923706055,31.91459846496582,53526,JK Lakshmi Cement Limited
2008-09-04,39.5,39.67499923706055,39.150001525878906,39.25,31.47356605529785,60806,JK Lakshmi Cement Limited
2008-09-05,39.0,39.5,38.79999923706055,38.95000076293945,31.233003616333008,24868,JK Lakshmi Cement Limited
2008-09-08,39.5,39.625,38.775001525878906,39.125,31.37333297729492,39954,JK Lakshmi Cement Limited
2008-09-09,38.875,39.20000076293945,38.875,39.09999847412109,31.35328483581543,18638,JK Lakshmi Cement Limited
2008-09-10,39.04999923706055,39.25,38.75,38.875,31.17286491394043,39424,JK Lakshmi Cement Limited
2008-09-11,38.75,39.125,38.25,38.42499923706055,30.81202507019043,24668,JK Lakshmi Cement Limited
2008-09-12,39.84999847412109,39.84999847412109,38.025001525878906,38.150001525878906,30.59151077270508,30394,JK Lakshmi Cement Limited
2008-09-15,37.97499847412109,37.97499847412109,36.07500076293945,36.400001525878906,29.18822860717773,48010,JK Lakshmi Cement Limited
2008-09-16,35.125,36.34999847412109,35.0,35.95000076293945,28.82738494873047,56248,JK Lakshmi Cement Limited
2008-09-17,36.75,36.75,34.04999923706055,34.650001525878906,27.78495407104492,59900,JK Lakshmi Cement Limited
2008-09-18,31.0,34.5,30.075000762939453,33.57500076293945,26.92293167114257,107912,JK Lakshmi Cement Limited
2008-09-19,34.5,34.92499923706055,33.5,33.82500076293945,27.12340545654297,122932,JK Lakshmi Cement Limited
2008-09-22,33.75,34.75,33.04999923706055,33.5,26.86278915405273,75756,JK Lakshmi Cement Limited
2008-09-23,33.04999923706055,33.75,32.775001525878906,33.0,26.461854934692383,43972,JK Lakshmi Cement Limited
2008-09-24,33.0,34.349998474121094,32.650001525878906,33.67499923706055,27.003116607666016,52680,JK Lakshmi Cement Limited
2008-09-25,33.5,34.375,33.20000076293945,33.45000076293945,26.82269859313965,44300,JK Lakshmi Cement Limited
2008-09-26,34.25,34.25,31.77499961853028,32.07500076293945,25.720117568969727,57380,JK Lakshmi Cement Limited
2008-09-29,32.099998474121094,32.125,29.75,30.075000762939453,24.11637115478516,93620,JK Lakshmi Cement Limited
2008-09-30,27.5,29.875,27.075000762939453,29.02499961853028,23.274402618408203,75360,JK Lakshmi Cement Limited
2008-10-01,31.0,31.5,29.575000762939453,30.299999237060547,24.29679107666016,41850,JK Lakshmi Cement Limited
2008-10-03,30.5,30.5,29.0,29.174999237060547,23.394683837890625,31498,JK Lakshmi Cement Limited
2008-10-06,27.52499961853028,29.450000762939453,27.049999237060547,27.27499961853028,21.871124267578125,73938,JK Lakshmi Cement Limited
2008-10-07,27.27499961853028,28.39999961853028,26.100000381469727,26.27499961853028,21.069250106811523,63338,JK Lakshmi Cement Limited
2008-10-08,25.75,25.75,21.77499961853028,24.100000381469727,19.325172424316406,136628,JK Lakshmi Cement Limited
2008-10-10,23.125,23.125,20.64999961853028,22.225000381469727,17.821659088134766,111234,JK Lakshmi Cement Limited
2008-10-13,23.0,23.200000762939453,21.975000381469727,22.950000762939453,18.403018951416016,120858,JK Lakshmi Cement Limited
2008-10-14,23.549999237060547,24.549999237060547,23.549999237060547,23.950000762939453,19.204893112182617,62488,JK Lakshmi Cement Limited
2008-10-15,23.5,23.950000762939453,22.52499961853028,22.725000381469727,18.22259521484375,24172,JK Lakshmi Cement Limited
2008-10-16,21.5,22.0,20.0,20.975000381469727,16.819316864013672,64976,JK Lakshmi Cement Limited
2008-10-17,20.5,22.424999237060547,18.975000381469727,19.25,15.436081886291504,167166,JK Lakshmi Cement Limited
2008-10-20,19.27499961853028,20.674999237060547,18.0,18.174999237060547,14.574061393737791,203752,JK Lakshmi Cement Limited
2008-10-21,18.25,19.725000381469727,18.0,19.225000381469727,15.416034698486328,69370,JK Lakshmi Cement Limited
2008-10-22,19.0,19.375,18.700000762939453,19.049999237060547,15.275705337524414,36892,JK Lakshmi Cement Limited
2008-10-23,18.375,18.75,18.174999237060547,18.325000762939453,14.69434642791748,41534,JK Lakshmi Cement Limited
2008-10-24,17.774999618530273,18.424999237060547,16.899999618530273,17.075000762939453,13.692005157470703,81412,JK Lakshmi Cement Limited
2008-10-27,16.049999237060547,17.375,15.5,16.100000381469727,12.91017723083496,76208,JK Lakshmi Cement Limited
2008-10-29,18.77499961853028,19.0,18.27499961853028,18.575000762939453,14.894816398620604,62078,JK Lakshmi Cement Limited
2008-10-31,17.549999237060547,19.225000381469727,17.549999237060547,19.02499961853028,15.255661964416504,42232,JK Lakshmi Cement Limited
2008-11-03,19.975000381469727,22.0,19.075000762939453,20.350000381469727,16.318143844604492,54344,JK Lakshmi Cement Limited
2008-11-04,20.0,21.225000381469727,19.5,20.825000762939453,16.69903564453125,55862,JK Lakshmi Cement Limited
2008-11-05,22.225000381469727,22.25,20.375,20.5,16.43842124938965,108514,JK Lakshmi Cement Limited
2008-11-06,19.549999237060547,20.0,19.14999961853028,19.600000381469727,15.71673583984375,59352,JK Lakshmi Cement Limited
2008-11-07,19.049999237060547,20.25,19.049999237060547,19.924999237060547,15.977347373962402,44360,JK Lakshmi Cement Limited
2008-11-10,19.5,20.950000762939453,17.5,20.475000381469727,16.41837501525879,58982,JK Lakshmi Cement Limited
2008-11-11,19.549999237060547,20.02499961853028,19.325000762939453,19.39999961853028,15.556364059448242,64198,JK Lakshmi Cement Limited
2008-11-12,19.325000762939453,19.725000381469727,18.89999961853028,19.299999237060547,15.476176261901855,22050,JK Lakshmi Cement Limited
2008-11-14,19.5,19.950000762939453,19.25,19.350000381469727,15.516268730163574,58146,JK Lakshmi Cement Limited
2008-11-17,19.5,19.5,18.5,18.725000381469727,15.01509952545166,50724,JK Lakshmi Cement Limited
2008-11-18,18.14999961853028,18.674999237060547,17.950000762939453,18.200000762939453,14.594114303588867,20282,JK Lakshmi Cement Limited
2008-11-19,17.75,18.475000381469727,17.5,18.100000381469727,14.513923645019531,28366,JK Lakshmi Cement Limited
2008-11-20,17.5,17.825000762939453,17.25,17.649999618530273,14.153080940246582,31158,JK Lakshmi Cement Limited
2008-11-21,17.25,18.0,17.25,17.575000762939453,14.092941284179688,23462,JK Lakshmi Cement Limited
2008-11-24,17.5,17.674999237060547,16.5,17.325000762939453,13.89247703552246,40368,JK Lakshmi Cement Limited
2008-11-25,18.450000762939453,18.450000762939453,15.850000381469728,16.674999237060547,13.371253967285156,55056,JK Lakshmi Cement Limited
2008-11-26,16.75,16.799999237060547,16.25,16.549999237060547,13.271020889282228,42706,JK Lakshmi Cement Limited
2008-11-27,16.549999237060547,16.549999237060547,16.549999237060547,16.549999237060547,13.271020889282228,0,JK Lakshmi Cement Limited
2008-11-28,16.0,16.924999237060547,16.0,16.674999237060547,13.371253967285156,24272,JK Lakshmi Cement Limited
2008-12-01,16.5,17.350000381469727,16.5,16.975000381469727,13.61181926727295,46350,JK Lakshmi Cement Limited
2008-12-02,16.450000762939453,16.700000762939453,16.25,16.5,13.230927467346191,15412,JK Lakshmi Cement Limited
2008-12-03,16.625,16.625,15.75,16.174999237060547,12.970316886901855,54684,JK Lakshmi Cement Limited
2008-12-04,16.5,16.625,16.125,16.424999237060547,13.170783042907717,65430,JK Lakshmi Cement Limited
2008-12-05,16.549999237060547,16.950000762939453,16.225000381469727,16.325000762939453,13.09060001373291,40400,JK Lakshmi Cement Limited
2008-12-08,17.125,17.399999618530273,16.524999618530273,16.799999237060547,13.471487998962402,49994,JK Lakshmi Cement Limited
2008-12-10,17.0,18.625,16.375,18.0,14.433738708496094,100444,JK Lakshmi Cement Limited
2008-12-11,18.0,20.350000381469727,17.799999237060547,19.27499961853028,15.45612621307373,103032,JK Lakshmi Cement Limited
2008-12-12,18.950000762939453,20.200000762939453,18.125,19.600000381469727,15.71673583984375,108066,JK Lakshmi Cement Limited
2008-12-15,20.0,21.25,20.0,20.625,16.538660049438477,140862,JK Lakshmi Cement Limited
2008-12-16,20.5,21.424999237060547,20.02499961853028,20.549999237060547,16.478517532348633,125434,JK Lakshmi Cement Limited
2008-12-17,22.200000762939453,22.5,19.075000762939453,19.350000381469727,15.516268730163574,131934,JK Lakshmi Cement Limited
2008-12-18,19.5,19.799999237060547,19.049999237060547,19.549999237060547,15.676642417907717,91750,JK Lakshmi Cement Limited
2008-12-19,19.75,19.799999237060547,19.0,19.174999237060547,15.375941276550291,58134,JK Lakshmi Cement Limited
2008-12-22,19.5,20.049999237060547,19.14999961853028,19.299999237060547,15.476176261901855,68332,JK Lakshmi Cement Limited
2008-12-23,19.375,19.725000381469727,18.549999237060547,18.700000762939453,14.995051383972168,41544,JK Lakshmi Cement Limited
2008-12-24,18.75,18.975000381469727,17.975000381469727,18.14999961853028,14.554018020629885,35098,JK Lakshmi Cement Limited
2008-12-26,18.5,18.975000381469727,17.5,17.725000381469727,14.213223457336426,40994,JK Lakshmi Cement Limited
2008-12-29,17.524999618530273,17.75,17.0,17.549999237060547,14.072895050048828,45356,JK Lakshmi Cement Limited
2008-12-30,18.39999961853028,18.39999961853028,17.25,17.475000381469727,14.0127534866333,1645896,JK Lakshmi Cement Limited
2008-12-31,17.950000762939453,18.450000762939453,17.350000381469727,17.450000762939453,13.992706298828123,84348,JK Lakshmi Cement Limited
2009-01-02,18.5,19.424999237060547,18.100000381469727,18.975000381469727,15.215566635131836,88972,JK Lakshmi Cement Limited
2009-01-05,20.225000381469727,20.225000381469727,19.39999961853028,19.549999237060547,15.676642417907717,106030,JK Lakshmi Cement Limited
2009-01-06,19.924999237060547,21.325000762939453,19.200000762939453,21.02499961853028,16.859411239624023,331462,JK Lakshmi Cement Limited
2009-01-07,21.5,22.02499961853028,18.77499961853028,19.174999237060547,15.375941276550291,232306,JK Lakshmi Cement Limited
2009-01-09,17.825000762939453,19.0,17.825000762939453,18.350000381469727,14.714394569396973,61680,JK Lakshmi Cement Limited
2009-01-12,18.0,18.700000762939453,17.825000762939453,17.950000762939453,14.39364528656006,33806,JK Lakshmi Cement Limited
2009-01-13,17.850000381469727,18.875,17.774999618530273,17.850000381469727,14.313457489013672,30132,JK Lakshmi Cement Limited
2009-01-14,18.14999961853028,18.799999237060547,17.850000381469727,18.225000381469727,14.614158630371094,33564,JK Lakshmi Cement Limited
2009-01-15,18.25,18.25,17.5,17.600000381469727,14.112988471984863,40860,JK Lakshmi Cement Limited
2009-01-16,18.950000762939453,20.89999961853028,18.674999237060547,20.075000762939453,16.097627639770508,538030,JK Lakshmi Cement Limited
2009-01-19,20.549999237060547,21.14999961853028,20.25,20.450000762939453,16.398332595825195,245156,JK Lakshmi Cement Limited
2009-01-20,20.14999961853028,20.14999961853028,19.575000762939453,19.875,15.937250137329102,90804,JK Lakshmi Cement Limited
2009-01-21,19.89999961853028,19.950000762939453,18.77499961853028,19.0,15.23561191558838,103052,JK Lakshmi Cement Limited
2009-01-22,19.225000381469727,19.5,18.0,18.225000381469727,14.614158630371094,126154,JK Lakshmi Cement Limited
2009-01-23,18.325000762939453,18.350000381469727,17.5,17.725000381469727,14.213223457336426,91196,JK Lakshmi Cement Limited
2009-01-27,17.799999237060547,18.200000762939453,17.75,18.02499961853028,14.453783988952637,52880,JK Lakshmi Cement Limited
2009-01-28,18.0,18.600000381469727,17.825000762939453,18.424999237060547,14.774537086486816,40300,JK Lakshmi Cement Limited
2009-01-29,18.350000381469727,18.875,18.25,18.475000381469727,14.814629554748535,65550,JK Lakshmi Cement Limited
2009-01-30,18.0,18.924999237060547,18.0,18.825000762939453,15.09528350830078,74354,JK Lakshmi Cement Limited
2009-02-02,18.850000381469727,19.5,18.5,18.625,14.934910774230955,58226,JK Lakshmi Cement Limited
2009-02-03,18.75,19.625,18.625,19.25,15.436081886291504,132730,JK Lakshmi Cement Limited
2009-02-04,19.125,19.850000381469727,18.950000762939453,19.049999237060547,15.275705337524414,69994,JK Lakshmi Cement Limited
2009-02-05,19.475000381469727,19.5,18.89999961853028,19.02499961853028,15.255661964416504,52126,JK Lakshmi Cement Limited
2009-02-06,19.25,20.75,19.125,19.600000381469727,15.71673583984375,194900,JK Lakshmi Cement Limited
2009-02-09,19.89999961853028,20.674999237060547,19.75,20.475000381469727,16.41837501525879,144694,JK Lakshmi Cement Limited
2009-02-10,20.27499961853028,20.850000381469727,19.924999237060547,20.174999237060547,16.177812576293945,194854,JK Lakshmi Cement Limited
2009-02-11,19.75,20.450000762939453,19.625,20.350000381469727,16.318143844604492,56276,JK Lakshmi Cement Limited
2009-02-12,20.600000381469727,20.600000381469727,20.100000381469727,20.299999237060547,16.278047561645508,170522,JK Lakshmi Cement Limited
2009-02-13,20.299999237060547,21.475000381469727,20.25,21.100000381469727,16.919546127319336,202936,JK Lakshmi Cement Limited
2009-02-16,21.0,21.39999961853028,18.02499961853028,19.875,15.937250137329102,137538,JK Lakshmi Cement Limited
2009-02-17,19.475000381469727,19.75,18.799999237060547,19.174999237060547,15.375941276550291,56450,JK Lakshmi Cement Limited
2009-02-18,19.25,19.674999237060547,19.0,19.049999237060547,15.275705337524414,51790,JK Lakshmi Cement Limited
2009-02-19,19.049999237060547,19.450000762939453,19.0,19.049999237060547,15.275705337524414,26270,JK Lakshmi Cement Limited
2009-02-20,18.799999237060547,19.25,18.725000381469727,18.77499961853028,15.055191040039062,49654,JK Lakshmi Cement Limited
2009-02-24,18.575000762939453,19.75,18.25,19.39999961853028,15.556364059448242,64800,JK Lakshmi Cement Limited
2009-02-25,20.39999961853028,20.39999961853028,19.125,19.299999237060547,15.476176261901855,49236,JK Lakshmi Cement Limited
2009-02-26,19.0,19.225000381469727,18.77499961853028,18.924999237060547,15.175474166870115,71726,JK Lakshmi Cement Limited
2009-02-27,18.75,19.14999961853028,17.899999618530273,18.0,14.433738708496094,226420,JK Lakshmi Cement Limited
2009-03-02,17.899999618530273,18.049999237060547,17.549999237060547,17.674999237060547,14.17312717437744,73724,JK Lakshmi Cement Limited
2009-03-03,17.625,18.5,17.575000762939453,17.75,14.233271598815918,78550,JK Lakshmi Cement Limited
2009-03-04,18.0,18.25,17.774999618530273,18.02499961853028,14.453783988952637,72330,JK Lakshmi Cement Limited
2009-03-05,18.700000762939453,20.350000381469727,17.75,19.125,15.335844039916992,199424,JK Lakshmi Cement Limited
2009-03-06,19.575000762939453,19.924999237060547,18.174999237060547,18.600000381469727,14.914859771728516,237360,JK Lakshmi Cement Limited
2009-03-09,18.625,18.75,18.27499961853028,18.5,14.834675788879396,49996,JK Lakshmi Cement Limited
2009-03-12,18.75,18.75,18.27499961853028,18.5,14.834675788879396,40978,JK Lakshmi Cement Limited
2009-03-13,18.75,19.475000381469727,18.600000381469727,19.225000381469727,15.416034698486328,114520,JK Lakshmi Cement Limited
2009-03-16,19.475000381469727,20.049999237060547,19.25,19.825000762939453,15.897160530090332,60168,JK Lakshmi Cement Limited
2009-03-17,19.75,20.174999237060547,19.75,19.924999237060547,15.977347373962402,65236,JK Lakshmi Cement Limited
2009-03-18,20.0,21.0,19.350000381469727,19.700000762939453,15.796926498413086,194494,JK Lakshmi Cement Limited
2009-03-19,20.0,20.25,19.75,20.075000762939453,16.097627639770508,72922,JK Lakshmi Cement Limited
2009-03-20,20.325000762939453,20.700000762939453,19.75,20.475000381469727,16.41837501525879,86374,JK Lakshmi Cement Limited
2009-03-23,20.950000762939453,21.14999961853028,20.049999237060547,20.64999961853028,16.558700561523438,84492,JK Lakshmi Cement Limited
2009-03-24,20.850000381469727,21.174999237060547,20.25,20.375,16.338193893432617,72474,JK Lakshmi Cement Limited
2009-03-25,20.02499961853028,20.700000762939453,20.02499961853028,20.350000381469727,16.318143844604492,62648,JK Lakshmi Cement Limited
2009-03-26,20.5,20.75,20.125,20.475000381469727,16.41837501525879,51012,JK Lakshmi Cement Limited
2009-03-27,20.52499961853028,21.89999961853028,20.475000381469727,21.600000381469727,17.32048797607422,196434,JK Lakshmi Cement Limited
2009-03-30,21.0,22.450000762939453,20.75,20.975000381469727,16.819316864013672,169730,JK Lakshmi Cement Limited
2009-03-31,21.225000381469727,21.875,21.0,21.39999961853028,17.160112380981445,55156,JK Lakshmi Cement Limited
2009-04-01,21.549999237060547,22.77499961853028,21.549999237060547,22.350000381469727,17.921892166137695,171100,JK Lakshmi Cement Limited
2009-04-02,23.0,24.549999237060547,22.850000381469727,24.375,19.54568672180176,295846,JK Lakshmi Cement Limited
2009-04-06,26.200000762939453,29.0,26.0,26.625,21.349903106689453,923424,JK Lakshmi Cement Limited
2009-04-08,25.0,26.75,24.100000381469727,26.575000762939453,21.309812545776367,299870,JK Lakshmi Cement Limited
2009-04-09,27.02499961853028,27.14999961853028,25.674999237060547,26.225000381469727,21.02915573120117,198126,JK Lakshmi Cement Limited
2009-04-13,27.0,29.875,26.75,28.77499961853028,23.07393264770508,662730,JK Lakshmi Cement Limited
2009-04-15,28.5,31.0,27.5,30.424999237060547,24.39702415466309,701030,JK Lakshmi Cement Limited
2009-04-16,31.450000762939453,32.42499923706055,28.049999237060547,28.725000381469727,23.03384017944336,440130,JK Lakshmi Cement Limited
2009-04-17,29.14999961853028,30.0,27.625,27.924999237060547,22.39234161376953,169722,JK Lakshmi Cement Limited
2009-04-20,28.5,30.299999237060547,28.0,28.825000762939453,23.1140251159668,173056,JK Lakshmi Cement Limited
2009-04-21,27.549999237060547,29.5,27.549999237060547,28.5,22.853418350219727,110168,JK Lakshmi Cement Limited
2009-04-22,29.200000762939453,30.225000381469727,28.52499961853028,29.950000762939453,24.0161361694336,328074,JK Lakshmi Cement Limited
2009-04-23,32.20000076293945,32.5,31.100000381469727,32.025001525878906,25.680025100708008,725332,JK Lakshmi Cement Limited
2009-04-24,31.25,33.5,30.0,32.599998474121094,26.141101837158203,436054,JK Lakshmi Cement Limited
2009-04-27,33.099998474121094,33.099998474121094,31.75,32.04999923706055,25.700071334838867,197722,JK Lakshmi Cement Limited
2009-04-28,31.950000762939453,32.5,29.75,30.674999237060547,24.597496032714844,128896,JK Lakshmi Cement Limited
2009-04-29,30.450000762939453,31.475000381469727,30.075000762939453,31.02499961853028,24.87815284729004,91098,JK Lakshmi Cement Limited
2009-04-30,31.25,31.25,31.25,31.25,25.058570861816406,0,JK Lakshmi Cement Limited
2009-05-04,32.75,32.75,30.700000762939453,31.02499961853028,24.87815284729004,365124,JK Lakshmi Cement Limited
2009-05-05,31.049999237060547,32.25,30.64999961853028,30.950000762939453,24.81801414489746,222768,JK Lakshmi Cement Limited
2009-05-06,31.02499961853028,33.17499923706055,31.02499961853028,31.725000381469727,25.4394645690918,462722,JK Lakshmi Cement Limited
2009-05-07,28.25,32.75,28.25,32.54999923706055,26.101009368896484,225298,JK Lakshmi Cement Limited
2009-05-08,32.025001525878906,32.724998474121094,31.0,31.725000381469727,25.4394645690918,210374,JK Lakshmi Cement Limited
2009-05-11,32.0,32.42499923706055,30.64999961853028,30.924999237060547,24.797964096069336,146292,JK Lakshmi Cement Limited
2009-05-12,31.75,32.20000076293945,31.049999237060547,31.5,25.2590446472168,175068,JK Lakshmi Cement Limited
2009-05-13,33.0,33.17499923706055,30.625,31.5,25.2590446472168,610870,JK Lakshmi Cement Limited
2009-05-14,32.45000076293945,37.79999923706055,32.45000076293945,37.67499923706055,30.210613250732425,3593362,JK Lakshmi Cement Limited
2009-05-15,40.0,41.34999847412109,38.09999847412109,38.875,31.17286491394043,3632422,JK Lakshmi Cement Limited
2009-05-18,41.5,42.54999923706055,41.5,42.45000076293945,34.0395622253418,3722,JK Lakshmi Cement Limited
2009-05-19,43.5,44.70000076293945,40.5,42.150001525878906,33.799007415771484,1473290,JK Lakshmi Cement Limited
2009-05-20,41.5,46.0,41.5,44.92499923706055,36.02420425415039,714268,JK Lakshmi Cement Limited
2009-05-21,45.5,49.0,44.04999923706055,44.47499847412109,35.663352966308594,712236,JK Lakshmi Cement Limited
2009-05-22,44.75,46.42499923706055,44.59999847412109,45.92499923706055,36.826080322265625,336264,JK Lakshmi Cement Limited
2009-05-25,46.650001525878906,49.5,46.25,48.650001525878906,39.01118469238281,605090,JK Lakshmi Cement Limited
2009-05-26,49.45000076293945,49.875,45.45000076293945,46.275001525878906,37.10673522949219,422422,JK Lakshmi Cement Limited
2009-05-27,47.29999923706055,48.25,46.5,47.07500076293945,37.748233795166016,264398,JK Lakshmi Cement Limited
2009-05-28,47.0,48.400001525878906,47.0,47.95000076293945,38.44987487792969,216214,JK Lakshmi Cement Limited
2009-05-29,48.45000076293945,49.5,47.775001525878906,48.900001525878906,39.21165084838867,844924,JK Lakshmi Cement Limited
2009-06-01,51.0,53.79999923706055,49.775001525878906,53.625,43.0005111694336,1715440,JK Lakshmi Cement Limited
2009-06-02,55.34999847412109,56.25,53.79999923706055,55.5,44.5040283203125,1065320,JK Lakshmi Cement Limited
2009-06-03,56.5,58.275001525878906,55.34999847412109,56.400001525878906,45.225711822509766,624926,JK Lakshmi Cement Limited
2009-06-04,56.0,56.75,55.0,56.20000076293945,45.06532669067383,293956,JK Lakshmi Cement Limited
2009-06-05,56.5,57.22499847412109,53.5,54.400001525878906,43.62196731567383,404660,JK Lakshmi Cement Limited
2009-06-08,55.0,55.0,49.20000076293945,49.84999847412109,39.97343444824219,327644,JK Lakshmi Cement Limited
2009-06-09,49.5,53.5,47.650001525878906,52.650001525878906,42.21868133544922,367836,JK Lakshmi Cement Limited
2009-06-10,53.5,57.92499923706055,52.70000076293945,56.09999847412109,44.98514938354492,1620348,JK Lakshmi Cement Limited
2009-06-11,56.84999847412109,56.84999847412109,53.25,53.97499847412109,43.28116989135742,490174,JK Lakshmi Cement Limited
2009-06-12,56.5,56.5,52.275001525878906,52.75,42.29887008666992,392508,JK Lakshmi Cement Limited
2009-06-15,54.47499847412109,55.70000076293945,52.59999847412109,53.07500076293945,42.55948638916016,467844,JK Lakshmi Cement Limited
2009-06-16,52.59999847412109,54.17499923706055,51.5,53.650001525878906,43.02055740356445,226190,JK Lakshmi Cement Limited
2009-06-17,54.25,54.400001525878906,50.5,51.54999923706055,41.33662414550781,162568,JK Lakshmi Cement Limited
2009-06-18,51.75,52.5,48.20000076293945,48.900001525878906,39.21165084838867,381594,JK Lakshmi Cement Limited
2009-06-19,49.5,51.75,48.5,50.67499923706055,40.63498306274414,181450,JK Lakshmi Cement Limited
2009-06-22,51.0,52.75,50.54999923706055,51.42499923706055,41.23638916015625,170814,JK Lakshmi Cement Limited
2009-06-23,51.42499923706055,51.42499923706055,49.150001525878906,51.0,40.895599365234375,173620,JK Lakshmi Cement Limited
2009-06-24,51.0,53.650001525878906,50.17499923706055,53.375,42.80004501342773,203740,JK Lakshmi Cement Limited
2009-06-25,55.04999923706055,56.17499923706055,51.650001525878906,52.22499847412109,41.877891540527344,602042,JK Lakshmi Cement Limited
2009-06-26,53.0,53.5,52.07500076293945,52.775001525878906,42.31891632080078,108344,JK Lakshmi Cement Limited
2009-06-29,54.25,54.45000076293945,52.54999923706055,53.400001525878906,42.82008743286133,245864,JK Lakshmi Cement Limited
2009-06-30,53.5,53.95000076293945,52.79999923706055,53.150001525878906,42.619625091552734,257756,JK Lakshmi Cement Limited
2009-07-01,51.5,54.125,51.5,53.025001525878906,42.51938629150391,175208,JK Lakshmi Cement Limited
2009-07-02,53.20000076293945,53.92499923706055,52.82500076293945,53.45000076293945,42.86019134521485,144642,JK Lakshmi Cement Limited
2009-07-03,53.47499847412109,54.84999847412109,52.59999847412109,53.650001525878906,43.02055740356445,140602,JK Lakshmi Cement Limited
2009-07-06,54.45000076293945,54.75,50.5,50.92499923706055,40.835445404052734,298780,JK Lakshmi Cement Limited
2009-07-07,52.0,54.0,51.25,53.625,43.0005111694336,276650,JK Lakshmi Cement Limited
2009-07-08,53.45000076293945,55.67499923706055,52.0,54.29999923706055,43.541778564453125,560474,JK Lakshmi Cement Limited
2009-07-09,55.79999923706055,55.79999923706055,53.57500076293945,54.07500076293945,43.361358642578125,253318,JK Lakshmi Cement Limited
2009-07-10,54.25,55.0,51.25,52.650001525878906,42.21868133544922,164708,JK Lakshmi Cement Limited
2009-07-13,50.5,52.875,48.875,51.0,40.895599365234375,241042,JK Lakshmi Cement Limited
2009-07-14,51.54999923706055,53.95000076293945,51.54999923706055,52.97499847412109,42.47929382324219,174602,JK Lakshmi Cement Limited
2009-07-15,53.75,56.45000076293945,53.57500076293945,55.375,44.40379333496094,367598,JK Lakshmi Cement Limited
2009-07-16,56.09999847412109,57.25,55.125,55.5,44.5040283203125,265888,JK Lakshmi Cement Limited
2009-07-17,55.0,55.34999847412109,53.59999847412109,54.650001525878906,45.46065902709961,183288,JK Lakshmi Cement Limited
2009-07-20,55.25,56.75,55.04999923706055,55.775001525878906,46.396480560302734,207576,JK Lakshmi Cement Limited
2009-07-21,56.79999923706055,64.94999694824219,55.57500076293945,62.5,51.990684509277344,1679088,JK Lakshmi Cement Limited
2009-07-22,63.5,63.84999847412109,59.0,60.54999923706055,50.36857223510742,750360,JK Lakshmi Cement Limited
2009-07-23,61.0,64.25,61.0,63.54999923706055,52.8641242980957,1051882,JK Lakshmi Cement Limited
2009-07-24,65.0,66.5,64.75,65.7750015258789,54.714988708496094,1625596,JK Lakshmi Cement Limited
2009-07-27,67.25,69.69999694824219,66.25,66.4749984741211,55.29729080200195,1450804,JK Lakshmi Cement Limited
2009-07-28,67.5,67.5,65.5,65.82499694824219,54.75658416748047,542644,JK Lakshmi Cement Limited
2009-07-29,65.75,67.44999694824219,63.75,65.30000305175781,54.31986618041992,611758,JK Lakshmi Cement Limited
2009-07-30,64.5,67.44999694824219,64.5,66.32499694824219,55.17251205444336,477464,JK Lakshmi Cement Limited
2009-07-31,67.19999694824219,67.69999694824219,65.42500305175781,66.125,55.006141662597656,317484,JK Lakshmi Cement Limited
2009-08-03,64.05000305175781,67.5,64.05000305175781,66.625,55.422061920166016,333916,JK Lakshmi Cement Limited
2009-08-04,66.625,67.25,65.0,65.9000015258789,54.8189811706543,279564,JK Lakshmi Cement Limited
2009-08-05,65.875,66.5,64.9000015258789,65.30000305175781,54.31986618041992,190150,JK Lakshmi Cement Limited
2009-08-06,66.4749984741211,66.5,64.80000305175781,65.0999984741211,54.15348815917969,286588,JK Lakshmi Cement Limited
2009-08-07,64.94999694824219,67.0,64.0,64.5250015258789,53.6751823425293,570300,JK Lakshmi Cement Limited
2009-08-10,65.5999984741211,65.75,62.17499923706055,63.47499847412109,52.801734924316406,349414,JK Lakshmi Cement Limited
2009-08-11,63.54999923706055,64.44999694824219,60.57500076293945,63.75,53.030494689941406,331146,JK Lakshmi Cement Limited
2009-08-12,63.45000076293945,64.8499984741211,61.5,64.0999984741211,53.32164764404297,240154,JK Lakshmi Cement Limited
2009-08-13,65.0,66.5,63.525001525878906,65.2750015258789,54.299076080322266,489066,JK Lakshmi Cement Limited
2009-08-14,65.8499984741211,68.2249984741211,64.2750015258789,65.125,54.174293518066406,480888,JK Lakshmi Cement Limited
2009-08-17,64.5,66.19999694824219,63.5,64.05000305175781,53.28004455566406,335410,JK Lakshmi Cement Limited
2009-08-18,64.4749984741211,65.94999694824219,64.25,65.69999694824219,54.65259552001953,217930,JK Lakshmi Cement Limited
2009-08-19,65.5250015258789,66.17500305175781,63.82500076293945,65.67500305175781,54.63180923461914,307430,JK Lakshmi Cement Limited
2009-08-20,65.75,65.75,63.70000076293945,64.4000015258789,53.571197509765625,280722,JK Lakshmi Cement Limited
2009-08-21,62.04999923706055,66.0,62.04999923706055,65.7249984741211,54.67340087890625,306836,JK Lakshmi Cement Limited
2009-08-24,66.0,66.82499694824219,64.2750015258789,65.57499694824219,54.54862594604492,352838,JK Lakshmi Cement Limited
2009-08-25,64.5250015258789,66.0999984741211,64.5250015258789,65.6500015258789,54.61101531982422,128954,JK Lakshmi Cement Limited
2009-08-26,66.0,66.5,65.69999694824219,66.1500015258789,55.02693176269531,191872,JK Lakshmi Cement Limited
2009-08-27,66.4749984741211,66.4749984741211,64.92500305175781,64.92500305175781,54.0079231262207,93666,JK Lakshmi Cement Limited
2009-08-28,64.5250015258789,70.94999694824219,64.5250015258789,68.4000015258789,56.89860916137695,1483794,JK Lakshmi Cement Limited
2009-08-31,68.94999694824219,71.44999694824219,67.5,70.75,58.85345458984375,1042768,JK Lakshmi Cement Limited
2009-09-01,67.625,72.0,67.625,68.2750015258789,56.79461288452149,421218,JK Lakshmi Cement Limited
2009-09-02,68.25,68.9749984741211,65.57499694824219,67.7249984741211,56.33710861206055,198558,JK Lakshmi Cement Limited
2009-09-03,69.4749984741211,69.4749984741211,67.0,67.17500305175781,55.87957382202149,157474,JK Lakshmi Cement Limited
2009-09-04,67.125,69.0,66.75,67.75,56.35791015625,121300,JK Lakshmi Cement Limited
2009-09-07,68.9000015258789,70.0,68.0250015258789,68.875,57.293731689453125,233816,JK Lakshmi Cement Limited
2009-09-08,69.0250015258789,69.92500305175781,67.25,67.5250015258789,56.170745849609375,120160,JK Lakshmi Cement Limited
2009-09-09,66.5999984741211,67.5,66.5,67.125,55.8380012512207,72654,JK Lakshmi Cement Limited
2009-09-10,67.5999984741211,68.5,65.0250015258789,65.5999984741211,54.56942367553711,227678,JK Lakshmi Cement Limited
2009-09-11,66.75,67.0,66.125,66.5250015258789,55.33887481689453,142224,JK Lakshmi Cement Limited
2009-09-14,66.0999984741211,67.3499984741211,61.04999923706055,66.30000305175781,55.15171051025391,70890,JK Lakshmi Cement Limited
2009-09-15,67.375,67.375,65.25,65.4749984741211,54.46543884277344,99928,JK Lakshmi Cement Limited
2009-09-16,66.0,67.0,65.75,66.5250015258789,55.33887481689453,115822,JK Lakshmi Cement Limited
2009-09-17,66.5,68.92500305175781,66.5,67.875,56.461891174316406,244838,JK Lakshmi Cement Limited
2009-09-18,67.0,73.44999694824219,67.0,72.80000305175781,60.55875396728516,1412592,JK Lakshmi Cement Limited
2009-09-22,73.44999694824219,73.9000015258789,71.0250015258789,71.92500305175781,59.83087921142578,721522,JK Lakshmi Cement Limited
2009-09-23,72.0,73.5,70.32499694824219,70.80000305175781,58.89504623413086,297458,JK Lakshmi Cement Limited
2009-09-24,70.5,70.5250015258789,69.2750015258789,69.92500305175781,58.16718292236328,102026,JK Lakshmi Cement Limited
2009-09-25,69.30000305175781,73.9000015258789,69.0,71.32499694824219,59.33175659179688,435626,JK Lakshmi Cement Limited
2009-09-29,72.4749984741211,72.7249984741211,69.6500015258789,70.4000015258789,58.56230545043945,179848,JK Lakshmi Cement Limited
2009-09-30,70.5,71.75,69.7750015258789,69.9749984741211,58.20876693725586,111596,JK Lakshmi Cement Limited
2009-10-01,71.0,74.5999984741211,70.0,71.75,59.68531036376953,723358,JK Lakshmi Cement Limited
2009-10-05,69.6500015258789,72.5,69.5,69.7750015258789,58.042388916015625,191124,JK Lakshmi Cement Limited
2009-10-06,70.0,71.69999694824219,67.0,68.2249984741211,56.75302505493164,248632,JK Lakshmi Cement Limited
2009-10-07,69.0,69.75,66.75,67.6500015258789,56.27472686767578,140728,JK Lakshmi Cement Limited
2009-10-08,69.3499984741211,69.94999694824219,67.0,67.0999984741211,55.81720352172852,159716,JK Lakshmi Cement Limited
2009-10-09,67.69999694824219,68.44999694824219,66.9000015258789,67.17500305175781,55.87957382202149,128034,JK Lakshmi Cement Limited
2009-10-12,67.5,68.4000015258789,67.0999984741211,67.69999694824219,56.31629943847656,89354,JK Lakshmi Cement Limited
2009-10-13,67.6500015258789,67.6500015258789,67.6500015258789,67.6500015258789,56.27472686767578,0,JK Lakshmi Cement Limited
2009-10-14,65.69999694824219,68.75,65.69999694824219,67.82499694824219,56.4202880859375,156898,JK Lakshmi Cement Limited
2009-10-15,67.94999694824219,69.44999694824219,67.94999694824219,68.07499694824219,56.62825393676758,120944,JK Lakshmi Cement Limited
2009-10-16,68.9000015258789,69.4000015258789,67.55000305175781,68.125,56.66984558105469,139894,JK Lakshmi Cement Limited
2009-10-20,69.75,70.9000015258789,67.8499984741211,68.32499694824219,56.83622360229492,193730,JK Lakshmi Cement Limited
2009-10-21,69.4749984741211,70.0,67.5,67.7750015258789,56.378692626953125,114264,JK Lakshmi Cement Limited
2009-10-22,68.0,68.0,65.9000015258789,66.07499694824219,54.96454620361328,185022,JK Lakshmi Cement Limited
2009-10-23,66.125,67.25,64.4000015258789,64.57499694824219,53.71676635742188,183236,JK Lakshmi Cement Limited
2009-10-26,65.25,65.25,64.0,64.3499984741211,53.52960586547852,168678,JK Lakshmi Cement Limited
2009-10-27,64.0,64.5,60.25,60.775001525878906,50.55574035644531,183246,JK Lakshmi Cement Limited
2009-10-28,62.0,65.42500305175781,59.25,61.275001525878906,50.9716682434082,1136138,JK Lakshmi Cement Limited
2009-10-29,62.0,62.97499847412109,60.0,61.5,51.15882873535156,348196,JK Lakshmi Cement Limited
2009-10-30,63.84999847412109,64.0,60.75,61.29999923706055,50.99245834350586,305474,JK Lakshmi Cement Limited
2009-11-03,60.5,63.0,60.5,60.92499923706055,50.68051528930664,303392,JK Lakshmi Cement Limited
2009-11-04,62.0,62.375,60.5,62.09999847412109,51.65794372558594,135122,JK Lakshmi Cement Limited
2009-11-05,62.34999847412109,62.79999923706055,61.0,62.525001525878906,52.01148986816406,143100,JK Lakshmi Cement Limited
2009-11-06,64.0,64.0,62.45000076293945,62.70000076293945,52.15705108642578,147272,JK Lakshmi Cement Limited
2009-11-09,62.5,63.75,62.5,63.42499923706055,52.7601432800293,102030,JK Lakshmi Cement Limited
2009-11-10,63.5,64.0,61.650001525878906,62.275001525878906,52.63337326049805,362268,JK Lakshmi Cement Limited
2009-11-11,62.34999847412109,63.45000076293945,62.275001525878906,62.47499847412109,52.80239868164063,137436,JK Lakshmi Cement Limited
2009-11-12,61.5,63.0,61.5,62.04999923706055,52.44320297241211,113320,JK Lakshmi Cement Limited
2009-11-13,62.04999923706055,62.5,60.875,61.17499923706055,51.70367431640625,124244,JK Lakshmi Cement Limited
2009-11-16,61.47499847412109,62.5,61.32500076293945,61.5,51.978363037109375,77290,JK Lakshmi Cement Limited
2009-11-17,61.57500076293945,62.0,61.0,61.775001525878906,52.21078872680664,83920,JK Lakshmi Cement Limited
2009-11-18,64.0,64.0,62.125,62.34999847412109,52.69676208496094,153892,JK Lakshmi Cement Limited
2009-11-19,61.625,62.5,60.0,61.400001525878906,51.89384460449219,95526,JK Lakshmi Cement Limited
2009-11-20,61.5,62.29999923706055,60.525001525878906,61.84999847412109,52.274173736572266,109612,JK Lakshmi Cement Limited
2009-11-23,63.04999923706055,63.79999923706055,62.09999847412109,62.650001525878906,52.9503173828125,231018,JK Lakshmi Cement Limited
2009-11-24,63.45000076293945,63.5,61.95000076293945,62.17499923706055,52.5488510131836,148160,JK Lakshmi Cement Limited
2009-11-25,62.5,63.125,62.0,62.09999847412109,52.4854621887207,144024,JK Lakshmi Cement Limited
2009-11-26,62.97499847412109,64.9000015258789,62.70000076293945,62.97499847412109,53.22499465942383,378940,JK Lakshmi Cement Limited
2009-11-27,62.5,63.97499847412109,61.5,63.025001525878906,53.26725769042969,328926,JK Lakshmi Cement Limited
2009-11-30,63.5,65.2249984741211,63.5,64.17500305175781,54.23920822143555,326670,JK Lakshmi Cement Limited
2009-12-01,64.42500305175781,67.8499984741211,64.42500305175781,66.42500305175781,56.1408576965332,495572,JK Lakshmi Cement Limited
2009-12-02,67.2249984741211,67.42500305175781,66.30000305175781,66.69999694824219,56.37327194213867,193176,JK Lakshmi Cement Limited
2009-12-03,68.0,69.0,66.5250015258789,67.19999694824219,56.79585647583008,347744,JK Lakshmi Cement Limited
2009-12-04,66.57499694824219,68.3499984741211,66.32499694824219,67.7750015258789,57.281837463378906,369280,JK Lakshmi Cement Limited
2009-12-07,68.25,68.9000015258789,67.25,67.5250015258789,57.0705451965332,148934,JK Lakshmi Cement Limited
2009-12-08,68.25,68.8499984741211,67.5,68.4749984741211,57.87347030639648,166112,JK Lakshmi Cement Limited
2009-12-09,68.5,69.0,68.05000305175781,68.2750015258789,57.70442962646485,170080,JK Lakshmi Cement Limited
2009-12-10,68.5,68.82499694824219,67.55000305175781,67.8499984741211,57.3452262878418,94782,JK Lakshmi Cement Limited
2009-12-11,68.5,68.5,67.25,67.5,57.04942321777344,120936,JK Lakshmi Cement Limited
2009-12-14,67.5,69.3499984741211,67.44999694824219,68.3499984741211,57.76781845092773,404790,JK Lakshmi Cement Limited
2009-12-15,68.5,69.8499984741211,67.5,67.69999694824219,57.218448638916016,585866,JK Lakshmi Cement Limited
2009-12-16,68.0,68.0,66.80000305175781,67.07499694824219,56.690216064453125,167850,JK Lakshmi Cement Limited
2009-12-17,67.0,69.25,67.0,69.0,58.31718444824219,170282,JK Lakshmi Cement Limited
2009-12-18,69.0,70.44999694824219,68.19999694824219,68.5,57.89460372924805,146359,JK Lakshmi Cement Limited
2009-12-21,68.94999694824219,70.19999694824219,67.55000305175781,67.94999694824219,57.42973709106445,114359,JK Lakshmi Cement Limited
2009-12-22,69.44999694824219,70.19999694824219,67.5,67.80000305175781,57.30297088623047,88919,JK Lakshmi Cement Limited
2009-12-23,68.05000305175781,69.0,68.0,68.55000305175781,57.93684387207031,74275,JK Lakshmi Cement Limited
2009-12-24,68.9000015258789,69.4000015258789,68.0,68.6500015258789,58.02136993408203,83751,JK Lakshmi Cement Limited
2009-12-29,69.5,70.0,68.55000305175781,69.19999694824219,58.48622512817383,86272,JK Lakshmi Cement Limited
2009-12-30,69.30000305175781,69.94999694824219,69.19999694824219,69.5,58.73977279663086,98960,JK Lakshmi Cement Limited
2009-12-31,70.25,72.0,69.5,70.5999984741211,59.66946792602539,218583,JK Lakshmi Cement Limited
2010-01-04,71.0,75.0,71.0,74.5,62.96565628051758,502507,JK Lakshmi Cement Limited
2010-01-05,76.19999694824219,78.25,74.0999984741211,76.30000305175781,64.48696899414062,1530704,JK Lakshmi Cement Limited
2010-01-06,76.0,77.4000015258789,74.5,75.3499984741211,63.68406677246094,431301,JK Lakshmi Cement Limited
2010-01-07,75.80000305175781,77.69999694824219,75.05000305175781,75.8499984741211,64.10663604736328,516451,JK Lakshmi Cement Limited
2010-01-08,76.5,77.19999694824219,75.5,76.9000015258789,64.99407196044922,643605,JK Lakshmi Cement Limited
2010-01-11,77.5,79.25,77.05000305175781,78.80000305175781,66.59991455078125,927525,JK Lakshmi Cement Limited
2010-01-12,79.0,79.80000305175781,77.0999984741211,77.75,65.71247100830078,449958,JK Lakshmi Cement Limited
2010-01-13,76.94999694824219,77.94999694824219,75.69999694824219,76.75,64.86729431152344,309836,JK Lakshmi Cement Limited
2010-01-14,78.0,80.9000015258789,78.0,80.30000305175781,67.86767578125,862073,JK Lakshmi Cement Limited
2010-01-15,81.0,81.5,79.69999694824219,80.69999694824219,68.20576477050781,508715,JK Lakshmi Cement Limited
2010-01-18,82.0,83.25,80.5,82.94999694824219,70.10740661621094,752932,JK Lakshmi Cement Limited
2010-01-19,83.9000015258789,84.80000305175781,80.0,80.6500015258789,68.16348266601562,514588,JK Lakshmi Cement Limited
2010-01-20,81.0,81.69999694824219,74.55000305175781,77.1500015258789,65.20537567138672,806131,JK Lakshmi Cement Limited
2010-01-21,75.19999694824219,77.0,74.0,74.55000305175781,63.00791549682617,295964,JK Lakshmi Cement Limited
2010-01-22,70.30000305175781,74.0,69.25,73.0,61.697898864746094,245065,JK Lakshmi Cement Limited
2010-01-25,73.0,74.30000305175781,71.05000305175781,73.30000305175781,61.95143127441406,226544,JK Lakshmi Cement Limited
2010-01-27,72.94999694824219,73.69999694824219,68.0999984741211,68.9000015258789,58.232669830322266,382452,JK Lakshmi Cement Limited
2010-01-28,68.0,70.5999984741211,65.25,65.55000305175781,55.40131759643555,219788,JK Lakshmi Cement Limited
2010-01-29,64.5,68.30000305175781,62.650001525878906,67.5,57.04942321777344,329848,JK Lakshmi Cement Limited
2010-02-01,69.0,70.9000015258789,68.0,70.5,59.58494186401367,154281,JK Lakshmi Cement Limited
2010-02-02,75.69999694824219,76.0,72.4000015258789,74.55000305175781,63.00791549682617,604170,JK Lakshmi Cement Limited
2010-02-03,75.3499984741211,76.4000015258789,74.5,76.0,64.2334213256836,321725,JK Lakshmi Cement Limited
2010-02-04,76.5,76.69999694824219,73.5,73.9000015258789,62.45854187011719,199487,JK Lakshmi Cement Limited
2010-02-05,72.0,72.0,67.69999694824219,70.75,59.79624938964844,310638,JK Lakshmi Cement Limited
2010-02-08,72.9000015258789,73.5,69.05000305175781,73.05000305175781,61.74015426635742,354260,JK Lakshmi Cement Limited
2010-02-09,72.0,76.75,71.75,74.55000305175781,63.00791549682617,439854,JK Lakshmi Cement Limited
2010-02-10,75.0999984741211,77.6500015258789,74.1500015258789,76.9000015258789,64.99407196044922,429875,JK Lakshmi Cement Limited
2010-02-11,78.0,78.1500015258789,76.0,76.6500015258789,64.78278350830078,353212,JK Lakshmi Cement Limited
2010-02-15,77.0999984741211,77.0999984741211,74.55000305175781,74.94999694824219,63.34597396850586,123760,JK Lakshmi Cement Limited
2010-02-16,74.25,77.25,74.25,76.5,64.65601348876953,143387,JK Lakshmi Cement Limited
2010-02-17,77.5999984741211,78.9000015258789,74.5,74.94999694824219,63.34597396850586,546561,JK Lakshmi Cement Limited
2010-02-18,76.94999694824219,77.4000015258789,74.69999694824219,75.6500015258789,63.93760299682617,545709,JK Lakshmi Cement Limited
2010-02-19,74.80000305175781,76.69999694824219,72.5,72.94999694824219,61.65561676025391,138885,JK Lakshmi Cement Limited
2010-02-22,74.80000305175781,76.80000305175781,72.5,72.80000305175781,61.52886962890625,268773,JK Lakshmi Cement Limited
2010-02-23,73.19999694824219,73.19999694824219,71.30000305175781,71.80000305175781,60.68367767333984,90348,JK Lakshmi Cement Limited
2010-02-24,70.5999984741211,72.69999694824219,69.0999984741211,70.9000015258789,59.92301177978516,87727,JK Lakshmi Cement Limited
2010-02-25,71.25,71.69999694824219,70.9000015258789,71.1500015258789,60.134307861328125,65464,JK Lakshmi Cement Limited
2010-02-26,72.0,74.80000305175781,71.30000305175781,73.9000015258789,62.45854187011719,219650,JK Lakshmi Cement Limited
2010-03-02,75.0,78.8499984741211,74.25,75.0,63.38825225830078,290548,JK Lakshmi Cement Limited
2010-03-03,75.94999694824219,76.3499984741211,74.5999984741211,75.0,63.38825225830078,141430,JK Lakshmi Cement Limited
2010-03-04,75.0999984741211,76.9000015258789,74.69999694824219,75.5,63.81083297729492,227068,JK Lakshmi Cement Limited
2010-03-05,76.1500015258789,78.19999694824219,75.5999984741211,76.69999694824219,64.82503509521484,331076,JK Lakshmi Cement Limited
2010-03-08,77.44999694824219,78.0999984741211,75.55000305175781,76.8499984741211,64.95182800292969,327779,JK Lakshmi Cement Limited
2010-03-09,78.0,79.0,76.8499984741211,77.19999694824219,65.24763488769531,442430,JK Lakshmi Cement Limited
2010-03-10,76.30000305175781,77.6500015258789,75.44999694824219,76.0,64.2334213256836,125392,JK Lakshmi Cement Limited
2010-03-11,75.8499984741211,76.30000305175781,74.80000305175781,75.05000305175781,63.43051528930664,69862,JK Lakshmi Cement Limited
2010-03-12,75.05000305175781,75.5999984741211,73.8499984741211,74.0999984741211,62.62758255004883,80400,JK Lakshmi Cement Limited
2010-03-15,75.0,75.5999984741211,73.0999984741211,74.5,62.96565628051758,182361,JK Lakshmi Cement Limited
2010-03-16,74.8499984741211,75.19999694824219,73.5,74.5,62.96565628051758,158967,JK Lakshmi Cement Limited
2010-03-17,75.5,75.5,73.6500015258789,73.80000305175781,62.37404251098633,175337,JK Lakshmi Cement Limited
2010-03-18,74.1500015258789,74.44999694824219,72.6500015258789,73.4000015258789,62.03598403930664,66971,JK Lakshmi Cement Limited
2010-03-19,73.5,74.55000305175781,73.5,74.0999984741211,62.62758255004883,116158,JK Lakshmi Cement Limited
2010-03-22,71.0999984741211,74.5,71.0999984741211,72.4000015258789,61.1907844543457,110759,JK Lakshmi Cement Limited
2010-03-23,72.55000305175781,73.6500015258789,71.5,71.9000015258789,60.768192291259766,112544,JK Lakshmi Cement Limited
2010-03-25,71.5999984741211,72.30000305175781,71.0999984741211,71.4000015258789,60.34560775756836,87989,JK Lakshmi Cement Limited
2010-03-26,72.0,72.30000305175781,71.0999984741211,71.25,60.21882247924805,106378,JK Lakshmi Cement Limited
2010-03-29,71.0,74.0,71.0,72.94999694824219,61.65561676025391,209389,JK Lakshmi Cement Limited
2010-03-30,74.0,80.0,72.0,72.19999694824219,61.02173614501953,260785,JK Lakshmi Cement Limited
2010-03-31,73.80000305175781,73.8499984741211,71.6500015258789,71.9000015258789,60.768192291259766,110272,JK Lakshmi Cement Limited
2010-04-01,72.80000305175781,74.0,72.55000305175781,73.05000305175781,61.74015426635742,154498,JK Lakshmi Cement Limited
2010-04-05,74.5999984741211,74.5999984741211,73.4000015258789,73.94999694824219,62.50081253051758,214666,JK Lakshmi Cement Limited
2010-04-06,74.1500015258789,74.3499984741211,72.9000015258789,73.19999694824219,61.86692428588867,239218,JK Lakshmi Cement Limited
2010-04-07,73.9000015258789,76.5,73.3499984741211,75.5999984741211,63.89533996582031,467076,JK Lakshmi Cement Limited
2010-04-08,76.5,78.3499984741211,75.80000305175781,76.25,64.44470977783203,545648,JK Lakshmi Cement Limited
2010-04-09,76.5,77.5999984741211,76.5,77.3499984741211,65.3744125366211,228435,JK Lakshmi Cement Limited
2010-04-12,78.19999694824219,79.80000305175781,77.5999984741211,78.05000305175781,65.9660415649414,257473,JK Lakshmi Cement Limited
2010-04-13,78.0,78.25,77.05000305175781,77.5999984741211,65.58570861816406,79996,JK Lakshmi Cement Limited
2010-04-15,78.5,78.80000305175781,76.0999984741211,76.6500015258789,64.78278350830078,180671,JK Lakshmi Cement Limited
2010-04-16,76.6500015258789,77.0,74.25,74.44999694824219,62.92338562011719,99338,JK Lakshmi Cement Limited
2010-04-19,72.8499984741211,74.9000015258789,72.25,74.05000305175781,62.58534240722656,105697,JK Lakshmi Cement Limited
2010-04-20,74.05000305175781,75.30000305175781,74.05000305175781,74.5,62.96565628051758,103919,JK Lakshmi Cement Limited
2010-04-21,74.94999694824219,76.19999694824219,74.9000015258789,75.0999984741211,63.47275924682617,146009,JK Lakshmi Cement Limited
2010-04-22,75.05000305175781,76.30000305175781,74.94999694824219,75.6500015258789,63.93760299682617,142525,JK Lakshmi Cement Limited
2010-04-23,76.0,76.0,72.75,73.05000305175781,61.74015426635742,240870,JK Lakshmi Cement Limited
2010-04-26,74.0,75.05000305175781,73.5,74.0,62.54305648803711,175157,JK Lakshmi Cement Limited
2010-04-27,74.3499984741211,74.4000015258789,73.0,73.3499984741211,61.99370193481445,83739,JK Lakshmi Cement Limited
2010-04-28,71.05000305175781,73.0,71.05000305175781,72.05000305175781,60.894981384277344,92826,JK Lakshmi Cement Limited
2010-04-29,72.5,79.30000305175781,71.55000305175781,71.75,60.64140701293945,96390,JK Lakshmi Cement Limited
2010-04-30,73.0,73.94999694824219,72.0,72.3499984741211,61.148536682128906,184346,JK Lakshmi Cement Limited
2010-05-03,72.44999694824219,72.5,69.4000015258789,70.0,59.16236114501953,190325,JK Lakshmi Cement Limited
2010-05-04,70.9000015258789,71.0,68.5,68.80000305175781,58.14814376831055,103270,JK Lakshmi Cement Limited
2010-05-05,67.5,68.3499984741211,66.0,67.80000305175781,57.30297088623047,146078,JK Lakshmi Cement Limited
2010-05-06,64.25,68.05000305175781,64.25,67.69999694824219,57.218448638916016,87161,JK Lakshmi Cement Limited
2010-05-07,66.9000015258789,67.0,64.0,64.8499984741211,54.809696197509766,186087,JK Lakshmi Cement Limited
2010-05-10,65.8499984741211,66.6500015258789,65.3499984741211,65.8499984741211,55.654876708984375,157591,JK Lakshmi Cement Limited
2010-05-11,66.4000015258789,66.8499984741211,64.4000015258789,64.80000305175781,54.7674446105957,82322,JK Lakshmi Cement Limited
2010-05-12,64.6500015258789,65.75,64.5,64.94999694824219,54.89421463012695,113606,JK Lakshmi Cement Limited
2010-05-13,65.1500015258789,66.5999984741211,64.5999984741211,65.9000015258789,55.6971321105957,206522,JK Lakshmi Cement Limited
2010-05-14,64.55000305175781,66.44999694824219,64.55000305175781,66.05000305175781,55.82391357421875,143198,JK Lakshmi Cement Limited
2010-05-17,66.0999984741211,66.0999984741211,64.1500015258789,65.05000305175781,54.97874069213867,149160,JK Lakshmi Cement Limited
2010-05-18,66.0,66.9000015258789,65.19999694824219,65.9000015258789,55.6971321105957,182858,JK Lakshmi Cement Limited
2010-05-19,64.9000015258789,66.0,63.09999847412109,64.75,54.72518539428711,317760,JK Lakshmi Cement Limited
2010-05-20,64.55000305175781,65.94999694824219,63.79999923706055,64.25,54.30259323120117,314885,JK Lakshmi Cement Limited
2010-05-21,64.9000015258789,64.9000015258789,62.45000076293945,63.04999923706055,53.28837966918945,203784,JK Lakshmi Cement Limited
2010-05-24,64.0999984741211,65.69999694824219,62.150001525878906,62.900001525878906,53.16160202026367,285668,JK Lakshmi Cement Limited
2010-05-25,62.09999847412109,63.5,61.29999923706055,61.70000076293945,52.14739990234375,87026,JK Lakshmi Cement Limited
2010-05-26,62.900001525878906,63.34999847412109,61.79999923706055,62.04999923706055,52.44320297241211,81067,JK Lakshmi Cement Limited
2010-05-27,62.34999847412109,62.34999847412109,60.84999847412109,61.45000076293945,51.93610000610352,95313,JK Lakshmi Cement Limited
2010-05-28,62.650001525878906,63.54999923706055,62.0,62.59999847412109,52.908050537109375,85619,JK Lakshmi Cement Limited
2010-05-31,63.0,63.150001525878906,62.04999923706055,62.400001525878906,52.73902130126953,55518,JK Lakshmi Cement Limited
2010-06-01,62.400001525878906,63.0,61.79999923706055,62.150001525878906,52.5277214050293,112856,JK Lakshmi Cement Limited
2010-06-02,62.150001525878906,62.95000076293945,62.0,62.5,52.82353973388672,109035,JK Lakshmi Cement Limited
2010-06-03,63.09999847412109,63.20000076293945,62.5,62.79999923706055,53.077091217041016,163571,JK Lakshmi Cement Limited
2010-06-04,62.70000076293945,63.0,62.09999847412109,62.54999923706055,52.86578750610352,108433,JK Lakshmi Cement Limited
2010-06-07,62.20000076293945,62.54999923706055,61.0,61.54999923706055,52.02061462402344,113133,JK Lakshmi Cement Limited
2010-06-08,61.59999847412109,62.0,60.900001525878906,61.09999847412109,51.64028549194336,166724,JK Lakshmi Cement Limited
2010-06-09,61.150001525878906,62.79999923706055,61.0,62.45000076293945,52.781280517578125,116220,JK Lakshmi Cement Limited
2010-06-10,62.900001525878906,63.0,62.09999847412109,62.400001525878906,52.73902130126953,92034,JK Lakshmi Cement Limited
2010-06-11,62.79999923706055,64.9000015258789,62.70000076293945,63.25,53.45741271972656,196176,JK Lakshmi Cement Limited
2010-06-14,64.0,64.0999984741211,63.04999923706055,63.29999923706055,53.49967956542969,92113,JK Lakshmi Cement Limited
2010-06-15,64.30000305175781,66.5,62.79999923706055,62.95000076293945,53.20386505126953,160768,JK Lakshmi Cement Limited
2010-06-16,63.54999923706055,64.0,62.5,62.70000076293945,52.99256896972656,85238,JK Lakshmi Cement Limited
2010-06-17,63.400001525878906,63.400001525878906,62.400001525878906,62.75,53.03482437133789,89429,JK Lakshmi Cement Limited
2010-06-18,63.04999923706055,63.400001525878906,62.09999847412109,62.400001525878906,52.73902130126953,79776,JK Lakshmi Cement Limited
2010-06-21,63.09999847412109,63.29999923706055,62.400001525878906,62.54999923706055,52.86578750610352,87462,JK Lakshmi Cement Limited
2010-06-22,62.70000076293945,62.70000076293945,62.04999923706055,62.150001525878906,52.5277214050293,57893,JK Lakshmi Cement Limited
2010-06-23,62.04999923706055,62.70000076293945,61.54999923706055,62.20000076293945,52.56998443603516,69107,JK Lakshmi Cement Limited
2010-06-24,62.5,62.5,61.59999847412109,62.04999923706055,52.44320297241211,140085,JK Lakshmi Cement Limited
2010-06-25,61.54999923706055,62.900001525878906,61.25,61.59999847412109,52.06287384033203,127086,JK Lakshmi Cement Limited
2010-06-28,62.0,62.45000076293945,61.5,62.25,52.612247467041016,66532,JK Lakshmi Cement Limited
2010-06-29,62.20000076293945,62.54999923706055,62.0,62.150001525878906,52.5277214050293,64073,JK Lakshmi Cement Limited
2010-06-30,61.95000076293945,63.5,61.650001525878906,63.0,53.24612808227539,99961,JK Lakshmi Cement Limited
2010-07-01,64.0,67.9000015258789,62.54999923706055,67.0999984741211,56.71134567260742,591638,JK Lakshmi Cement Limited
2010-07-02,68.0,68.0,66.25,67.0999984741211,56.71134567260742,460861,JK Lakshmi Cement Limited
2010-07-05,67.75,68.30000305175781,66.9000015258789,67.75,57.26071548461914,169405,JK Lakshmi Cement Limited
2010-07-06,66.94999694824219,67.30000305175781,66.1500015258789,66.6500015258789,57.60643768310547,137921,JK Lakshmi Cement Limited
2010-07-07,66.75,67.05000305175781,65.55000305175781,65.9000015258789,56.95820236206055,101969,JK Lakshmi Cement Limited
2010-07-08,66.30000305175781,67.0,65.55000305175781,66.0999984741211,57.13105773925781,117645,JK Lakshmi Cement Limited
2010-07-09,66.25,66.80000305175781,65.0,65.1500015258789,56.30997085571289,81347,JK Lakshmi Cement Limited
2010-07-12,65.5,65.80000305175781,64.75,65.05000305175781,56.22353744506836,70473,JK Lakshmi Cement Limited
2010-07-13,65.05000305175781,65.0999984741211,64.0999984741211,64.69999694824219,55.921024322509766,70585,JK Lakshmi Cement Limited
2010-07-14,66.0,66.0,64.5999984741211,64.75,55.96424865722656,107238,JK Lakshmi Cement Limited
2010-07-15,65.4000015258789,65.4000015258789,64.55000305175781,64.69999694824219,55.921024322509766,51479,JK Lakshmi Cement Limited
2010-07-16,64.9000015258789,65.25,64.19999694824219,64.30000305175781,55.57530212402344,81363,JK Lakshmi Cement Limited
2010-07-19,67.69999694824219,73.19999694824219,67.69999694824219,69.1500015258789,59.7672119140625,1346210,JK Lakshmi Cement Limited
2010-07-20,69.5,70.6500015258789,67.80000305175781,68.25,58.98933410644531,357842,JK Lakshmi Cement Limited
2010-07-21,68.75,69.0,67.0999984741211,67.69999694824219,58.51396179199219,168588,JK Lakshmi Cement Limited
2010-07-22,68.0,69.0,67.0,67.69999694824219,58.51396179199219,221183,JK Lakshmi Cement Limited
2010-07-23,68.0,68.5999984741211,67.19999694824219,67.5999984741211,58.427528381347656,172221,JK Lakshmi Cement Limited
2010-07-26,67.55000305175781,67.9000015258789,66.0999984741211,66.55000305175781,57.52001190185547,111852,JK Lakshmi Cement Limited
2010-07-27,66.05000305175781,68.25,66.05000305175781,67.8499984741211,58.64360427856445,142981,JK Lakshmi Cement Limited
2010-07-28,67.0999984741211,67.0999984741211,62.04999923706055,62.70000076293945,54.19240188598633,992538,JK Lakshmi Cement Limited
2010-07-29,62.150001525878906,62.900001525878906,61.5,61.650001525878906,53.28487396240234,277569,JK Lakshmi Cement Limited
2010-07-30,61.84999847412109,62.34999847412109,61.29999923706055,61.54999923706055,53.19844055175781,170998,JK Lakshmi Cement Limited
2010-08-02,62.95000076293945,62.95000076293945,60.75,61.20000076293945,52.89593124389648,168542,JK Lakshmi Cement Limited
2010-08-03,62.0,62.0,60.5,60.59999847412109,52.37733840942383,220027,JK Lakshmi Cement Limited
2010-08-04,60.59999847412109,60.84999847412109,59.900001525878906,60.09999847412109,51.945194244384766,153788,JK Lakshmi Cement Limited
2010-08-05,60.59999847412109,60.84999847412109,59.0,59.150001525878906,51.12409210205078,206692,JK Lakshmi Cement Limited
2010-08-06,59.04999923706055,60.75,59.0,59.70000076293945,51.59946060180664,147656,JK Lakshmi Cement Limited
2010-08-09,59.25,60.75,59.25,59.900001525878906,51.77233123779297,155937,JK Lakshmi Cement Limited
2010-08-10,60.400001525878906,61.5,59.79999923706055,60.0,51.85876083374024,258931,JK Lakshmi Cement Limited
2010-08-11,60.20000076293945,60.75,59.59999847412109,59.95000076293945,51.815547943115234,141776,JK Lakshmi Cement Limited
2010-08-12,59.900001525878906,60.0,59.09999847412109,59.5,51.42659378051758,91091,JK Lakshmi Cement Limited
2010-08-13,59.45000076293945,60.0,59.20000076293945,59.29999923706055,51.25373458862305,111262,JK Lakshmi Cement Limited
2010-08-16,59.150001525878906,59.70000076293945,59.0,59.20000076293945,51.16730880737305,85003,JK Lakshmi Cement Limited
2010-08-17,59.20000076293945,59.400001525878906,58.400001525878906,58.59999847412109,50.64871597290039,148937,JK Lakshmi Cement Limited
2010-08-18,58.5,62.20000076293945,58.25,60.150001525878906,51.9884147644043,334661,JK Lakshmi Cement Limited
2010-08-19,60.900001525878906,62.70000076293945,60.0,62.29999923706055,53.84667205810547,310698,JK Lakshmi Cement Limited
2010-08-20,62.75,64.1500015258789,62.54999923706055,62.95000076293945,54.40848159790039,370988,JK Lakshmi Cement Limited
2010-08-23,63.0,63.5,61.5,61.95000076293945,53.54417037963867,127652,JK Lakshmi Cement Limited
2010-08-24,62.0,62.5,60.70000076293945,60.95000076293945,52.67985153198242,94891,JK Lakshmi Cement Limited
2010-08-25,61.09999847412109,61.400001525878906,60.04999923706055,60.20000076293945,52.0316162109375,73540,JK Lakshmi Cement Limited
2010-08-26,60.34999847412109,60.59999847412109,60.04999923706055,60.20000076293945,52.0316162109375,67468,JK Lakshmi Cement Limited
2010-08-27,60.5,63.25,60.04999923706055,60.34999847412109,52.16126251220703,185423,JK Lakshmi Cement Limited
2010-08-30,58.34999847412109,62.0,58.34999847412109,60.09999847412109,51.945194244384766,81202,JK Lakshmi Cement Limited
2010-08-31,60.20000076293945,60.29999923706055,58.79999923706055,59.400001525878906,51.34017181396485,126505,JK Lakshmi Cement Limited
2010-09-01,59.900001525878906,59.900001525878906,58.0,58.79999923706055,50.82157897949219,298749,JK Lakshmi Cement Limited
2010-09-02,59.20000076293945,60.34999847412109,59.20000076293945,59.95000076293945,51.815547943115234,114731,JK Lakshmi Cement Limited
2010-09-03,60.09999847412109,60.400001525878906,59.59999847412109,59.900001525878906,51.77233123779297,92650,JK Lakshmi Cement Limited
2010-09-06,61.5,61.5,60.20000076293945,61.0,52.72307586669922,132854,JK Lakshmi Cement Limited
2010-09-07,61.0,67.9000015258789,60.84999847412109,65.69999694824219,56.78533554077149,1963779,JK Lakshmi Cement Limited
2010-09-08,65.0,66.19999694824219,64.19999694824219,64.4000015258789,55.661739349365234,396146,JK Lakshmi Cement Limited
2010-09-09,64.94999694824219,64.94999694824219,63.29999923706055,63.650001525878906,55.01349639892578,157732,JK Lakshmi Cement Limited
2010-09-13,61.0,64.8499984741211,61.0,63.400001525878906,54.79742050170898,194791,JK Lakshmi Cement Limited
2010-09-14,63.20000076293945,63.900001525878906,61.84999847412109,62.20000076293945,53.7602424621582,182277,JK Lakshmi Cement Limited
2010-09-15,61.650001525878906,62.95000076293945,61.0,62.150001525878906,53.71702194213867,198916,JK Lakshmi Cement Limited
2010-09-16,61.95000076293945,62.400001525878906,61.400001525878906,61.59999847412109,53.241661071777344,88453,JK Lakshmi Cement Limited
2010-09-17,61.400001525878906,64.1500015258789,61.400001525878906,62.54999923706055,54.062747955322266,310505,JK Lakshmi Cement Limited
2010-09-20,63.95000076293945,64.5,63.29999923706055,63.54999923706055,54.92706680297852,241128,JK Lakshmi Cement Limited
2010-09-21,64.5,65.0,62.5,62.95000076293945,54.40848159790039,153614,JK Lakshmi Cement Limited
2010-09-22,64.30000305175781,64.9000015258789,62.900001525878906,63.45000076293945,54.840633392333984,323407,JK Lakshmi Cement Limited
2010-09-23,63.5,63.54999923706055,62.400001525878906,62.75,54.235618591308594,172878,JK Lakshmi Cement Limited
2010-09-24,63.400001525878906,63.70000076293945,62.79999923706055,63.09999847412109,54.53812789916992,125458,JK Lakshmi Cement Limited
2010-09-27,63.400001525878906,63.900001525878906,62.70000076293945,63.34999847412109,54.75420379638672,101587,JK Lakshmi Cement Limited
2010-09-28,64.19999694824219,66.0,64.19999694824219,64.3499984741211,55.6185188293457,377506,JK Lakshmi Cement Limited
2010-09-29,65.0999984741211,66.0,64.5,65.55000305175781,56.65568923950195,341367,JK Lakshmi Cement Limited
2010-09-30,65.80000305175781,65.80000305175781,64.5,65.1500015258789,56.30997085571289,143988,JK Lakshmi Cement Limited
2010-10-01,65.30000305175781,66.5,65.0999984741211,66.1500015258789,57.17428207397461,236327,JK Lakshmi Cement Limited
2010-10-04,66.5999984741211,66.9000015258789,65.0,65.25,56.39640045166016,126008,JK Lakshmi Cement Limited
2010-10-05,64.55000305175781,65.5,64.55000305175781,65.19999694824219,56.35317611694336,83720,JK Lakshmi Cement Limited
2010-10-06,65.5,67.0,65.0,66.6500015258789,57.60643768310547,285150,JK Lakshmi Cement Limited
2010-10-07,67.0,67.0,64.80000305175781,65.0999984741211,56.26673889160156,228593,JK Lakshmi Cement Limited
2010-10-08,64.9000015258789,65.80000305175781,64.0999984741211,64.30000305175781,55.57530212402344,102208,JK Lakshmi Cement Limited
2010-10-11,65.5,65.5,63.34999847412109,63.900001525878906,55.22957611083984,147912,JK Lakshmi Cement Limited
2010-10-12,64.0,64.19999694824219,63.20000076293945,63.5,54.88385772705078,100135,JK Lakshmi Cement Limited
2010-10-13,63.900001525878906,63.900001525878906,62.5,63.5,54.88385772705078,255285,JK Lakshmi Cement Limited
2010-10-14,63.70000076293945,64.0999984741211,63.34999847412109,63.59999847412109,54.97027206420898,181843,JK Lakshmi Cement Limited
2010-10-15,64.0,64.5999984741211,62.59999847412109,62.75,54.235618591308594,156399,JK Lakshmi Cement Limited
2010-10-18,63.20000076293945,63.20000076293945,61.650001525878906,62.25,53.803466796875,141036,JK Lakshmi Cement Limited
2010-10-19,62.09999847412109,64.75,62.04999923706055,62.20000076293945,53.7602424621582,281213,JK Lakshmi Cement Limited
2010-10-20,62.79999923706055,63.20000076293945,62.0,62.04999923706055,53.6306037902832,66849,JK Lakshmi Cement Limited
2010-10-21,62.75,62.75,61.54999923706055,62.04999923706055,53.6306037902832,129267,JK Lakshmi Cement Limited
2010-10-22,62.34999847412109,62.59999847412109,61.900001525878906,62.0,53.58737564086914,89894,JK Lakshmi Cement Limited
2010-10-25,62.5,62.79999923706055,62.0,62.25,53.803466796875,161221,JK Lakshmi Cement Limited
2010-10-26,61.400001525878906,63.0,61.400001525878906,62.29999923706055,53.84667205810547,112186,JK Lakshmi Cement Limited
2010-10-27,62.0,62.75,62.0,62.400001525878906,53.9331169128418,89206,JK Lakshmi Cement Limited
2010-10-28,62.09999847412109,62.84999847412109,62.09999847412109,62.20000076293945,53.7602424621582,51911,JK Lakshmi Cement Limited
2010-10-29,62.0,62.25,61.20000076293945,61.400001525878906,53.06880187988281,99799,JK Lakshmi Cement Limited
2010-11-01,62.0,62.0,61.09999847412109,61.400001525878906,53.06880187988281,73551,JK Lakshmi Cement Limited
2010-11-02,61.20000076293945,63.59999847412109,61.0,63.20000076293945,54.62456512451172,213354,JK Lakshmi Cement Limited
2010-11-03,63.79999923706055,64.80000305175781,63.25,63.45000076293945,54.840633392333984,149079,JK Lakshmi Cement Limited
2010-11-04,64.30000305175781,64.75,63.5,64.0999984741211,55.40243911743164,129343,JK Lakshmi Cement Limited
2010-11-08,65.0,66.4000015258789,64.3499984741211,65.94999694824219,57.001407623291016,310503,JK Lakshmi Cement Limited
2010-11-09,66.4000015258789,66.55000305175781,65.3499984741211,65.5999984741211,56.69890594482422,204598,JK Lakshmi Cement Limited
2010-11-10,65.55000305175781,68.0,65.0,66.55000305175781,57.52001190185547,364990,JK Lakshmi Cement Limited
2010-11-11,67.4000015258789,67.5,65.0,65.55000305175781,56.65568923950195,274201,JK Lakshmi Cement Limited
2010-11-12,65.0,65.94999694824219,55.0,58.400001525878906,50.47585678100586,1097428,JK Lakshmi Cement Limited
2010-11-15,59.5,60.900001525878906,58.400001525878906,60.150001525878906,51.9884147644043,302924,JK Lakshmi Cement Limited
2010-11-16,60.59999847412109,60.59999847412109,58.70000076293945,59.29999923706055,51.25373458862305,245339,JK Lakshmi Cement Limited
2010-11-18,60.04999923706055,60.09999847412109,55.900001525878906,56.650001525878906,48.96331405639648,408502,JK Lakshmi Cement Limited
2010-11-19,58.0,60.0,57.0,57.400001525878906,49.61154556274414,488337,JK Lakshmi Cement Limited
2010-11-22,58.59999847412109,59.25,58.0,59.0,50.994441986083984,134426,JK Lakshmi Cement Limited
2010-11-23,57.70000076293945,58.79999923706055,57.20000076293945,57.59999847412109,49.78440475463867,116302,JK Lakshmi Cement Limited
2010-11-24,57.25,58.79999923706055,57.04999923706055,57.70000076293945,49.87084197998047,72454,JK Lakshmi Cement Limited
2010-11-25,58.0,58.34999847412109,53.0,54.45000076293945,47.061824798583984,306007,JK Lakshmi Cement Limited
2010-11-26,54.95000076293945,54.95000076293945,48.0,49.150001525878906,42.48096466064453,728140,JK Lakshmi Cement Limited
2010-11-29,50.400001525878906,52.70000076293945,50.0,52.45000076293945,45.333194732666016,254104,JK Lakshmi Cement Limited
2010-11-30,52.79999923706055,53.900001525878906,51.5,53.400001525878906,46.154296875,99224,JK Lakshmi Cement Limited
2010-12-01,53.09999847412109,56.45000076293945,53.04999923706055,55.45000076293945,47.92613983154297,146852,JK Lakshmi Cement Limited
2010-12-02,56.29999923706055,57.54999923706055,55.54999923706055,55.84999847412109,48.2718620300293,150043,JK Lakshmi Cement Limited
2010-12-03,55.150001525878906,56.09999847412109,53.84999847412109,54.29999923706055,46.93217086791992,99226,JK Lakshmi Cement Limited
2010-12-06,54.5,55.0,54.0,54.150001525878906,46.80253219604492,70990,JK Lakshmi Cement Limited
2010-12-07,54.0,54.09999847412109,53.09999847412109,53.400001525878906,46.154296875,68529,JK Lakshmi Cement Limited
2010-12-08,52.150001525878906,53.54999923706055,52.150001525878906,52.54999923706055,45.41962432861328,48863,JK Lakshmi Cement Limited
2010-12-09,55.0,55.0,51.09999847412109,51.59999847412109,44.59852981567383,63020,JK Lakshmi Cement Limited
2010-12-10,51.09999847412109,53.150001525878906,50.54999923706055,52.79999923706055,45.635704040527344,85630,JK Lakshmi Cement Limited
2010-12-13,53.09999847412109,54.400001525878906,52.59999847412109,53.20000076293945,45.9814338684082,54404,JK Lakshmi Cement Limited
2010-12-14,53.04999923706055,54.900001525878906,53.04999923706055,54.75,47.32111740112305,166700,JK Lakshmi Cement Limited
2010-12-15,54.5,55.0,53.5,54.29999923706055,46.93217086791992,51266,JK Lakshmi Cement Limited
2010-12-16,54.150001525878906,54.79999923706055,53.900001525878906,54.25,46.88896179199219,40747,JK Lakshmi Cement Limited
2010-12-20,54.5,58.0,54.0,56.95000076293945,49.22260665893555,278842,JK Lakshmi Cement Limited
2010-12-21,57.5,57.59999847412109,55.75,56.25,48.617584228515625,66817,JK Lakshmi Cement Limited
2010-12-22,56.900001525878906,56.900001525878906,54.79999923706055,55.20000076293945,47.710052490234375,57133,JK Lakshmi Cement Limited
2010-12-23,55.79999923706055,55.95000076293945,54.79999923706055,55.09999847412109,47.62362289428711,41013,JK Lakshmi Cement Limited
2010-12-24,55.09999847412109,59.400001525878906,54.20000076293945,56.150001525878906,48.53115463256836,351601,JK Lakshmi Cement Limited
2010-12-27,56.04999923706055,56.20000076293945,55.150001525878906,55.34999847412109,47.83970260620117,68882,JK Lakshmi Cement Limited
2010-12-28,56.900001525878906,56.900001525878906,55.400001525878906,55.75,48.185428619384766,37835,JK Lakshmi Cement Limited
2010-12-29,56.900001525878906,57.0,55.09999847412109,55.70000076293945,48.1422119140625,62691,JK Lakshmi Cement Limited
2010-12-30,55.54999923706055,56.75,55.25,55.70000076293945,48.1422119140625,54772,JK Lakshmi Cement Limited
2010-12-31,59.0,59.0,54.84999847412109,55.34999847412109,47.83970260620117,97125,JK Lakshmi Cement Limited
2011-01-03,55.25,57.0,55.25,56.70000076293945,49.00652313232422,84718,JK Lakshmi Cement Limited
2011-01-04,57.0,58.45000076293945,57.0,57.95000076293945,50.08691787719727,179144,JK Lakshmi Cement Limited
2011-01-05,58.95000076293945,59.400001525878906,58.09999847412109,58.75,50.77836608886719,263836,JK Lakshmi Cement Limited
2011-01-06,59.0,59.20000076293945,58.25,58.650001525878906,50.69192886352539,102687,JK Lakshmi Cement Limited
2011-01-07,58.0,58.09999847412109,56.0,56.20000076293945,48.57437896728516,56885,JK Lakshmi Cement Limited
2011-01-10,56.79999923706055,56.79999923706055,52.0,53.04999923706055,45.85177612304688,101827,JK Lakshmi Cement Limited
2011-01-11,53.650001525878906,54.150001525878906,52.70000076293945,53.09999847412109,45.89500045776367,111745,JK Lakshmi Cement Limited
2011-01-12,53.0,54.0,52.20000076293945,53.09999847412109,45.89500045776367,103213,JK Lakshmi Cement Limited
2011-01-13,53.150001525878906,56.79999923706055,52.5,52.75,45.59249114990234,224707,JK Lakshmi Cement Limited
2011-01-14,53.09999847412109,53.5,52.20000076293945,52.34999847412109,45.24676513671875,50283,JK Lakshmi Cement Limited
2011-01-17,52.04999923706055,52.79999923706055,51.0,51.150001525878906,44.2095947265625,57002,JK Lakshmi Cement Limited
2011-01-18,51.900001525878906,52.0,51.0,51.54999923706055,44.55531311035156,53800,JK Lakshmi Cement Limited
2011-01-19,52.34999847412109,52.34999847412109,51.20000076293945,51.79999923706055,44.77138900756836,29388,JK Lakshmi Cement Limited
2011-01-20,52.0,52.0,50.59999847412109,50.900001525878906,43.99351501464844,75362,JK Lakshmi Cement Limited
2011-01-21,51.0,51.34999847412109,50.150001525878906,50.75,43.863861083984375,53048,JK Lakshmi Cement Limited
2011-01-24,51.0,51.0,50.0,50.29999923706055,43.47492599487305,79935,JK Lakshmi Cement Limited
2011-01-25,50.5,51.59999847412109,50.5,51.29999923706055,44.3392333984375,71044,JK Lakshmi Cement Limited
2011-01-27,51.5,51.5,50.25,50.59999847412109,43.73421478271485,41160,JK Lakshmi Cement Limited
2011-01-28,49.5,50.04999923706055,47.900001525878906,48.400001525878906,41.83272552490234,231216,JK Lakshmi Cement Limited
2011-01-31,47.5,48.34999847412109,47.0,47.25,40.83878326416016,107850,JK Lakshmi Cement Limited
2011-02-01,47.20000076293945,47.95000076293945,47.09999847412109,47.5,41.05484771728516,63728,JK Lakshmi Cement Limited
2011-02-02,48.900001525878906,48.900001525878906,46.59999847412109,47.25,40.83878326416016,80240,JK Lakshmi Cement Limited
2011-02-03,47.45000076293945,47.59999847412109,46.0,47.04999923706055,40.66590881347656,70823,JK Lakshmi Cement Limited
2011-02-04,47.59999847412109,49.79999923706055,47.0,47.5,41.05484771728516,117017,JK Lakshmi Cement Limited
2011-02-07,47.70000076293945,48.400001525878906,47.0,47.25,40.83878326416016,30232,JK Lakshmi Cement Limited
2011-02-08,47.79999923706055,47.79999923706055,45.20000076293945,45.59999847412109,39.41265106201172,65587,JK Lakshmi Cement Limited
2011-02-09,45.0,45.5,43.900001525878906,44.09999847412109,38.11617660522461,100574,JK Lakshmi Cement Limited
2011-02-10,44.0,44.79999923706055,41.5,42.150001525878906,36.430782318115234,141107,JK Lakshmi Cement Limited
2011-02-11,41.900001525878906,42.59999847412109,40.25,41.650001525878906,35.998619079589844,205891,JK Lakshmi Cement Limited
2011-02-14,42.900001525878906,43.900001525878906,41.70000076293945,43.400001525878906,37.51116561889648,183602,JK Lakshmi Cement Limited
2011-02-15,45.20000076293945,45.20000076293945,43.45000076293945,44.25,38.2458381652832,66413,JK Lakshmi Cement Limited
2011-02-16,44.0,45.400001525878906,44.0,45.0,38.89406967163086,73253,JK Lakshmi Cement Limited
2011-02-17,45.04999923706055,48.20000076293945,44.25,47.5,41.05484771728516,162128,JK Lakshmi Cement Limited
2011-02-18,48.20000076293945,49.400001525878906,46.70000076293945,47.25,40.83878326416016,132524,JK Lakshmi Cement Limited
2011-02-21,47.09999847412109,48.29999923706055,47.0,48.0,41.48701095581055,122953,JK Lakshmi Cement Limited
2011-02-22,48.0,48.0,46.5,47.45000076293945,41.01164245605469,35050,JK Lakshmi Cement Limited
2011-02-23,47.150001525878906,48.29999923706055,47.09999847412109,47.70000076293945,41.22770690917969,57656,JK Lakshmi Cement Limited
2011-02-24,47.75,48.25,44.900001525878906,45.59999847412109,39.41265106201172,102430,JK Lakshmi Cement Limited
2011-02-25,45.5,45.54999923706055,44.150001525878906,45.04999923706055,38.93728256225586,59614,JK Lakshmi Cement Limited
2011-02-28,45.150001525878906,46.79999923706055,43.70000076293945,44.04999923706055,38.07297134399414,104305,JK Lakshmi Cement Limited
2011-03-01,44.650001525878906,47.0,44.5,45.400001525878906,39.23979187011719,464376,JK Lakshmi Cement Limited
2011-03-03,46.0,47.0,45.5,46.5,40.19053649902344,224144,JK Lakshmi Cement Limited
2011-03-04,44.400001525878906,47.0,44.400001525878906,46.59999847412109,40.27696990966797,46783,JK Lakshmi Cement Limited
2011-03-07,46.0,46.0,45.25,45.25,39.110137939453125,33788,JK Lakshmi Cement Limited
2011-03-08,45.09999847412109,46.0,45.0,45.45000076293945,39.283016204833984,37653,JK Lakshmi Cement Limited
2011-03-09,45.25,45.79999923706055,44.59999847412109,45.54999923706055,39.369441986083984,43366,JK Lakshmi Cement Limited
2011-03-10,45.70000076293945,45.900001525878906,45.25,45.400001525878906,39.23979187011719,24332,JK Lakshmi Cement Limited
2011-03-11,45.5,45.75,44.150001525878906,44.34999847412109,38.33226013183594,48994,JK Lakshmi Cement Limited
2011-03-14,44.900001525878906,45.84999847412109,44.20000076293945,45.400001525878906,39.23979187011719,54239,JK Lakshmi Cement Limited
2011-03-15,44.5,46.0,43.900001525878906,44.900001525878906,38.80763626098633,36519,JK Lakshmi Cement Limited
2011-03-16,44.900001525878906,45.59999847412109,44.09999847412109,45.04999923706055,38.93728256225586,41008,JK Lakshmi Cement Limited
2011-03-17,44.650001525878906,45.900001525878906,44.650001525878906,44.900001525878906,38.80763626098633,41362,JK Lakshmi Cement Limited
2011-03-18,44.79999923706055,45.900001525878906,44.400001525878906,44.59999847412109,38.5483512878418,25613,JK Lakshmi Cement Limited
2011-03-21,45.54999923706055,45.54999923706055,44.29999923706055,44.5,38.46190643310547,31294,JK Lakshmi Cement Limited
2011-03-22,44.0,45.45000076293945,44.0,44.95000076293945,38.850860595703125,46052,JK Lakshmi Cement Limited
2011-03-23,44.95000076293945,45.5,44.59999847412109,45.04999923706055,38.93728256225586,110438,JK Lakshmi Cement Limited
2011-03-24,45.45000076293945,46.09999847412109,45.20000076293945,45.59999847412109,39.41265106201172,59701,JK Lakshmi Cement Limited
2011-03-25,46.0,46.70000076293945,45.59999847412109,46.25,39.97445297241211,64411,JK Lakshmi Cement Limited
2011-03-28,47.79999923706055,47.79999923706055,45.79999923706055,46.25,39.97445297241211,56295,JK Lakshmi Cement Limited
2011-03-29,46.25,47.650001525878906,46.0,47.09999847412109,40.70913314819336,91819,JK Lakshmi Cement Limited
2011-03-30,52.5,52.5,51.900001525878906,51.900001525878906,44.85782623291016,240286,JK Lakshmi Cement Limited
2011-03-31,52.0,52.04999923706055,50.29999923706055,50.900001525878906,43.99351501464844,92789,JK Lakshmi Cement Limited
2011-04-01,51.04999923706055,51.70000076293945,50.54999923706055,51.34999847412109,44.3824577331543,45394,JK Lakshmi Cement Limited
2011-04-04,52.0,53.900001525878906,52.0,53.25,46.0246467590332,96216,JK Lakshmi Cement Limited
2011-04-05,54.5,54.5,52.09999847412109,53.09999847412109,45.89500045776367,60734,JK Lakshmi Cement Limited
2011-04-06,53.5,54.5,53.0,54.29999923706055,46.93217086791992,76722,JK Lakshmi Cement Limited
2011-04-07,54.400001525878906,57.0,54.20000076293945,55.79999923706055,48.22864532470703,144776,JK Lakshmi Cement Limited
2011-04-08,53.29999923706055,56.650001525878906,53.29999923706055,54.29999923706055,46.93217086791992,103680,JK Lakshmi Cement Limited
2011-04-11,54.45000076293945,55.45000076293945,53.25,54.20000076293945,46.845741271972656,54425,JK Lakshmi Cement Limited
2011-04-13,54.09999847412109,55.20000076293945,52.59999847412109,54.20000076293945,46.845741271972656,68658,JK Lakshmi Cement Limited
2011-04-15,54.20000076293945,55.34999847412109,53.0,53.79999923706055,46.50001907348633,99889,JK Lakshmi Cement Limited
2011-04-18,53.79999923706055,54.70000076293945,52.25,53.09999847412109,45.89500045776367,67748,JK Lakshmi Cement Limited
2011-04-19,53.0,53.20000076293945,52.400001525878906,52.59999847412109,45.46284103393555,17246,JK Lakshmi Cement Limited
2011-04-20,52.09999847412109,53.29999923706055,52.0,52.900001525878906,45.722129821777344,46461,JK Lakshmi Cement Limited
2011-04-21,53.400001525878906,56.5,53.20000076293945,55.79999923706055,48.22864532470703,290097,JK Lakshmi Cement Limited
2011-04-25,54.75,55.5,54.0,54.150001525878906,46.80253219604492,44577,JK Lakshmi Cement Limited
2011-04-26,54.150001525878906,54.400001525878906,53.5,53.79999923706055,46.50001907348633,32758,JK Lakshmi Cement Limited
2011-04-27,54.0,54.20000076293945,52.5,52.79999923706055,45.635704040527344,37235,JK Lakshmi Cement Limited
2011-04-28,52.59999847412109,53.400001525878906,52.04999923706055,52.5,45.37641143798828,33577,JK Lakshmi Cement Limited
2011-04-29,52.0,52.54999923706055,50.79999923706055,51.09999847412109,44.1663703918457,31566,JK Lakshmi Cement Limited
2011-05-02,52.0,52.5,50.25,50.54999923706055,43.69099807739258,29374,JK Lakshmi Cement Limited
2011-05-03,51.900001525878906,51.900001525878906,49.25,49.29999923706055,42.610618591308594,24043,JK Lakshmi Cement Limited
2011-05-04,49.09999847412109,49.20000076293945,48.20000076293945,48.400001525878906,41.83272552490234,25302,JK Lakshmi Cement Limited
2011-05-05,49.79999923706055,49.79999923706055,46.650001525878906,47.400001525878906,40.96841430664063,42804,JK Lakshmi Cement Limited
2011-05-06,48.45000076293945,48.900001525878906,47.20000076293945,47.70000076293945,41.22770690917969,44993,JK Lakshmi Cement Limited
2011-05-09,47.20000076293945,48.900001525878906,47.0,47.34999847412109,40.925201416015625,22335,JK Lakshmi Cement Limited
2011-05-10,47.34999847412109,48.04999923706055,47.29999923706055,47.650001525878906,41.18449783325195,21621,JK Lakshmi Cement Limited
2011-05-11,47.34999847412109,47.95000076293945,47.29999923706055,47.84999847412109,41.35735321044922,18164,JK Lakshmi Cement Limited
2011-05-12,47.70000076293945,49.150001525878906,47.70000076293945,48.400001525878906,41.83272552490234,29416,JK Lakshmi Cement Limited
2011-05-13,48.0,48.95000076293945,46.5,46.75,40.4066162109375,114924,JK Lakshmi Cement Limited
2011-05-16,47.0,47.0,44.400001525878906,44.54999923706055,38.505130767822266,107875,JK Lakshmi Cement Limited
2011-05-17,45.29999923706055,45.400001525878906,43.84999847412109,44.34999847412109,38.33226013183594,54720,JK Lakshmi Cement Limited
2011-05-18,44.5,45.400001525878906,44.04999923706055,44.20000076293945,38.20261764526367,14775,JK Lakshmi Cement Limited
2011-05-19,44.0,44.70000076293945,43.150001525878906,43.79999923706055,37.85689163208008,25644,JK Lakshmi Cement Limited
2011-05-20,43.0,44.5,41.84999847412109,43.79999923706055,37.85689163208008,28824,JK Lakshmi Cement Limited
2011-05-23,44.0,44.0,43.25,43.45000076293945,37.55438232421875,20539,JK Lakshmi Cement Limited
2011-05-24,44.0,44.0,43.09999847412109,43.45000076293945,37.55438232421875,28406,JK Lakshmi Cement Limited
2011-05-25,43.900001525878906,44.45000076293945,43.0,43.75,37.81367492675781,27558,JK Lakshmi Cement Limited
2011-05-26,45.5,45.5,43.400001525878906,45.04999923706055,38.93728256225586,70829,JK Lakshmi Cement Limited
2011-05-27,45.09999847412109,47.150001525878906,44.84999847412109,46.75,40.4066162109375,112752,JK Lakshmi Cement Limited
2011-05-30,47.79999923706055,47.79999923706055,45.09999847412109,46.54999923706055,40.2337532043457,36565,JK Lakshmi Cement Limited
2011-05-31,46.79999923706055,47.79999923706055,45.650001525878906,47.400001525878906,40.96841430664063,63399,JK Lakshmi Cement Limited
2011-06-01,47.29999923706055,48.0,46.5,47.45000076293945,41.01164245605469,28011,JK Lakshmi Cement Limited
2011-06-02,47.0,49.650001525878906,46.09999847412109,48.84999847412109,42.221675872802734,123266,JK Lakshmi Cement Limited
2011-06-03,48.75,48.75,47.5,47.95000076293945,41.443790435791016,141983,JK Lakshmi Cement Limited
2011-06-06,48.900001525878906,48.900001525878906,47.09999847412109,47.5,41.05484771728516,29984,JK Lakshmi Cement Limited
2011-06-07,47.20000076293945,47.900001525878906,46.0,46.79999923706055,40.449832916259766,27467,JK Lakshmi Cement Limited
2011-06-08,46.25,47.25,46.0,46.29999923706055,40.01767349243164,47937,JK Lakshmi Cement Limited
2011-06-09,46.20000076293945,46.900001525878906,46.0,46.34999847412109,40.06089019775391,14585,JK Lakshmi Cement Limited
2011-06-10,46.29999923706055,46.59999847412109,45.34999847412109,46.04999923706055,39.80159378051758,15384,JK Lakshmi Cement Limited
2011-06-13,45.400001525878906,46.400001525878906,45.29999923706055,45.84999847412109,39.62873458862305,19279,JK Lakshmi Cement Limited
2011-06-14,45.84999847412109,46.54999923706055,45.45000076293945,45.59999847412109,39.41265106201172,42515,JK Lakshmi Cement Limited
2011-06-15,46.900001525878906,46.900001525878906,45.20000076293945,45.29999923706055,39.15336227416992,21502,JK Lakshmi Cement Limited
2011-06-16,44.75,45.70000076293945,44.59999847412109,44.84999847412109,38.76441955566406,18747,JK Lakshmi Cement Limited
2011-06-17,45.900001525878906,46.0,44.09999847412109,44.5,38.46190643310547,23560,JK Lakshmi Cement Limited
2011-06-20,44.09999847412109,44.59999847412109,43.0,43.650001525878906,37.72724151611328,31820,JK Lakshmi Cement Limited
2011-06-21,43.5,45.0,43.04999923706055,44.79999923706055,38.72120666503906,36379,JK Lakshmi Cement Limited
2011-06-22,44.04999923706055,45.34999847412109,43.54999923706055,44.45000076293945,38.41869354248047,87712,JK Lakshmi Cement Limited
2011-06-23,45.54999923706055,45.54999923706055,43.20000076293945,44.20000076293945,38.20261764526367,82647,JK Lakshmi Cement Limited
2011-06-24,44.09999847412109,45.150001525878906,43.650001525878906,44.70000076293945,38.6347770690918,51398,JK Lakshmi Cement Limited
2011-06-27,43.04999923706055,46.25,42.29999923706055,45.04999923706055,38.93728256225586,54047,JK Lakshmi Cement Limited
2011-06-28,44.5,45.45000076293945,44.0,44.34999847412109,38.33226013183594,57662,JK Lakshmi Cement Limited
2011-06-29,44.400001525878906,45.150001525878906,44.400001525878906,44.59999847412109,38.5483512878418,29861,JK Lakshmi Cement Limited
2011-06-30,44.900001525878906,45.5,43.84999847412109,44.0,38.02975463867188,67304,JK Lakshmi Cement Limited
2011-07-01,44.09999847412109,44.79999923706055,43.70000076293945,43.900001525878906,37.94332504272461,28203,JK Lakshmi Cement Limited
2011-07-04,43.09999847412109,45.75,43.09999847412109,43.650001525878906,37.72724151611328,97452,JK Lakshmi Cement Limited
2011-07-05,43.34999847412109,44.5,43.0,43.20000076293945,37.33831024169922,248362,JK Lakshmi Cement Limited
2011-07-06,43.95000076293945,43.95000076293945,43.25,43.45000076293945,37.55438232421875,65498,JK Lakshmi Cement Limited
2011-07-07,44.0,44.79999923706055,43.25,44.25,38.2458381652832,244358,JK Lakshmi Cement Limited
2011-07-08,43.59999847412109,43.650001525878906,43.09999847412109,43.150001525878906,38.37924957275391,65503,JK Lakshmi Cement Limited
2011-07-11,43.150001525878906,43.95000076293945,42.900001525878906,43.0,38.2458381652832,34631,JK Lakshmi Cement Limited
2011-07-12,43.0,43.04999923706055,42.5,42.84999847412109,38.11241912841797,33835,JK Lakshmi Cement Limited
2011-07-13,42.70000076293945,45.5,42.09999847412109,44.29999923706055,39.402103424072266,180611,JK Lakshmi Cement Limited
2011-07-14,44.650001525878906,44.650001525878906,43.25,43.95000076293945,39.090797424316406,41840,JK Lakshmi Cement Limited
2011-07-15,44.650001525878906,44.650001525878906,43.20000076293945,43.75,38.91291427612305,30003,JK Lakshmi Cement Limited
2011-07-18,43.04999923706055,44.29999923706055,42.09999847412109,44.0,39.13526916503906,32044,JK Lakshmi Cement Limited
2011-07-19,43.54999923706055,44.400001525878906,43.54999923706055,43.900001525878906,39.04633331298828,15112,JK Lakshmi Cement Limited
2011-07-20,43.900001525878906,44.45000076293945,43.650001525878906,43.84999847412109,39.00185012817383,29712,JK Lakshmi Cement Limited
2011-07-21,44.0,44.0,43.29999923706055,43.45000076293945,38.64608001708984,36161,JK Lakshmi Cement Limited
2011-07-22,43.400001525878906,44.95000076293945,43.400001525878906,43.95000076293945,39.090797424316406,71019,JK Lakshmi Cement Limited
2011-07-25,44.0,44.29999923706055,43.650001525878906,44.0,39.13526916503906,20173,JK Lakshmi Cement Limited
2011-07-26,43.59999847412109,45.20000076293945,43.59999847412109,44.54999923706055,39.62445831298828,105926,JK Lakshmi Cement Limited
2011-07-27,44.54999923706055,45.0,43.900001525878906,44.84999847412109,39.89128112792969,71627,JK Lakshmi Cement Limited
2011-07-28,44.84999847412109,46.09999847412109,44.150001525878906,45.59999847412109,40.558372497558594,125626,JK Lakshmi Cement Limited
2011-07-29,45.0,46.70000076293945,44.0,44.20000076293945,39.31316375732422,127673,JK Lakshmi Cement Limited
2011-08-01,43.59999847412109,45.650001525878906,43.59999847412109,44.59999847412109,39.66893768310547,49903,JK Lakshmi Cement Limited
2011-08-02,44.900001525878906,45.25,43.400001525878906,43.79999923706055,38.9573860168457,49454,JK Lakshmi Cement Limited
2011-08-03,43.70000076293945,43.75,43.09999847412109,43.59999847412109,38.77949523925781,28247,JK Lakshmi Cement Limited
2011-08-04,43.25,45.29999923706055,43.25,44.34999847412109,39.44657516479492,87120,JK Lakshmi Cement Limited
2011-08-05,43.59999847412109,44.0,42.0,42.75,38.023475646972656,84305,JK Lakshmi Cement Limited
2011-08-08,42.0,42.0,40.400001525878906,41.25,36.6893196105957,115430,JK Lakshmi Cement Limited
2011-08-09,40.400001525878906,43.0,39.79999923706055,40.79999923706055,36.28906631469727,101452,JK Lakshmi Cement Limited
2011-08-10,41.20000076293945,42.400001525878906,41.0,41.400001525878906,36.82273483276367,38560,JK Lakshmi Cement Limited
2011-08-11,41.400001525878906,43.34999847412109,41.150001525878906,42.54999923706055,37.84558868408203,54297,JK Lakshmi Cement Limited
2011-08-12,43.84999847412109,43.84999847412109,41.5,42.0,37.35639953613281,47994,JK Lakshmi Cement Limited
2011-08-16,42.54999923706055,43.400001525878906,40.75,41.04999923706055,36.51142883300781,33726,JK Lakshmi Cement Limited
2011-08-17,41.04999923706055,41.400001525878906,40.150001525878906,40.900001525878906,36.37801361083984,46325,JK Lakshmi Cement Limited
2011-08-18,40.84999847412109,40.900001525878906,39.59999847412109,40.09999847412109,35.66646194458008,44341,JK Lakshmi Cement Limited
2011-08-19,39.09999847412109,40.45000076293945,38.29999923706055,39.84999847412109,35.44409942626953,66337,JK Lakshmi Cement Limited
2011-08-22,38.84999847412109,40.400001525878906,38.79999923706055,40.150001525878906,35.71092987060547,28056,JK Lakshmi Cement Limited
2011-08-23,40.04999923706055,40.5,39.75,40.20000076293945,35.75540542602539,34450,JK Lakshmi Cement Limited
2011-08-24,40.150001525878906,40.900001525878906,38.34999847412109,38.900001525878906,34.599143981933594,62915,JK Lakshmi Cement Limited
2011-08-25,39.25,40.0,38.5,39.09999847412109,34.77701950073242,192372,JK Lakshmi Cement Limited
2011-08-26,39.45000076293945,39.45000076293945,35.599998474121094,36.29999923706055,32.286598205566406,120769,JK Lakshmi Cement Limited
2011-08-29,37.79999923706055,38.20000076293945,36.20000076293945,38.04999923706055,33.843116760253906,40661,JK Lakshmi Cement Limited
2011-08-30,38.84999847412109,39.95000076293945,37.54999923706055,39.400001525878906,35.04384994506836,34826,JK Lakshmi Cement Limited
2011-09-02,39.95000076293945,39.95000076293945,39.04999923706055,39.59999847412109,35.22175216674805,19481,JK Lakshmi Cement Limited
2011-09-05,39.59999847412109,39.79999923706055,39.09999847412109,39.54999923706055,35.177268981933594,23353,JK Lakshmi Cement Limited
2011-09-06,39.0,39.70000076293945,38.59999847412109,39.25,34.910438537597656,78619,JK Lakshmi Cement Limited
2011-09-07,40.0,43.0,39.400001525878906,42.25,37.57875442504883,217218,JK Lakshmi Cement Limited
2011-09-08,43.09999847412109,45.0,42.5,42.84999847412109,38.11241912841797,204627,JK Lakshmi Cement Limited
2011-09-09,42.79999923706055,43.400001525878906,41.0,41.25,36.6893196105957,51322,JK Lakshmi Cement Limited
2011-09-12,41.0,41.25,39.70000076293945,40.45000076293945,35.977760314941406,55572,JK Lakshmi Cement Limited
2011-09-13,43.75,43.75,41.0,41.25,36.6893196105957,91124,JK Lakshmi Cement Limited
2011-09-14,42.0,42.95000076293945,41.400001525878906,41.75,37.134037017822266,73083,JK Lakshmi Cement Limited
2011-09-15,42.5,42.5,41.25,41.5,36.91168212890625,28971,JK Lakshmi Cement Limited
2011-09-16,42.150001525878906,42.150001525878906,40.70000076293945,40.900001525878906,36.37801361083984,32639,JK Lakshmi Cement Limited
2011-09-19,40.25,41.54999923706055,40.25,41.400001525878906,36.82273483276367,18785,JK Lakshmi Cement Limited
2011-09-20,41.45000076293945,42.150001525878906,41.04999923706055,41.79999923706055,37.178504943847656,44647,JK Lakshmi Cement Limited
2011-09-21,41.5,44.0,41.20000076293945,43.45000076293945,38.64608001708984,163554,JK Lakshmi Cement Limited
2011-09-22,43.0,43.0,41.09999847412109,41.20000076293945,36.64484786987305,65836,JK Lakshmi Cement Limited
2011-09-23,40.0,41.70000076293945,40.0,41.70000076293945,37.08956909179688,127709,JK Lakshmi Cement Limited
2011-09-26,41.650001525878906,41.650001525878906,40.09999847412109,41.04999923706055,36.51142883300781,35497,JK Lakshmi Cement Limited
2011-09-27,41.0,42.34999847412109,41.0,41.900001525878906,37.26745223999024,56530,JK Lakshmi Cement Limited
2011-09-28,41.20000076293945,42.400001525878906,41.0,41.150001525878906,36.600372314453125,27735,JK Lakshmi Cement Limited
2011-09-29,41.79999923706055,41.79999923706055,40.54999923706055,40.84999847412109,36.33354568481445,28781,JK Lakshmi Cement Limited
2011-09-30,40.75,42.0,40.0,41.900001525878906,37.26745223999024,91806,JK Lakshmi Cement Limited
2011-10-03,41.09999847412109,41.5,40.34999847412109,40.59999847412109,36.11118698120117,29552,JK Lakshmi Cement Limited
2011-10-04,40.400001525878906,41.20000076293945,38.79999923706055,39.25,34.910438537597656,66269,JK Lakshmi Cement Limited
2011-10-05,40.0,40.0,39.0,39.20000076293945,34.865966796875,32391,JK Lakshmi Cement Limited
2011-10-07,39.5,41.0,39.5,40.75,36.24460220336914,44018,JK Lakshmi Cement Limited
2011-10-10,42.0,42.0,40.5,40.95000076293945,36.42249298095703,39465,JK Lakshmi Cement Limited
2011-10-11,40.5,41.70000076293945,40.5,41.0,36.46694946289063,32717,JK Lakshmi Cement Limited
2011-10-12,41.04999923706055,42.09999847412109,41.0,41.75,37.134037017822266,54102,JK Lakshmi Cement Limited
2011-10-13,42.5,42.5,41.150001525878906,41.5,36.91168212890625,20065,JK Lakshmi Cement Limited
2011-10-14,41.20000076293945,42.09999847412109,41.0,41.09999847412109,36.555908203125,12608,JK Lakshmi Cement Limited
2011-10-17,41.25,41.59999847412109,41.25,41.5,36.91168212890625,22236,JK Lakshmi Cement Limited
2011-10-18,41.29999923706055,41.650001525878906,41.20000076293945,41.5,36.91168212890625,20145,JK Lakshmi Cement Limited
2011-10-19,41.5,41.84999847412109,41.25,41.34999847412109,36.77825546264648,10973,JK Lakshmi Cement Limited
2011-10-20,41.0,41.900001525878906,41.0,41.650001525878906,37.04509353637695,37678,JK Lakshmi Cement Limited
2011-10-21,42.0,42.0,41.400001525878906,41.5,36.91168212890625,25357,JK Lakshmi Cement Limited
2011-10-24,41.5,43.0,41.5,42.0,37.35639953613281,108162,JK Lakshmi Cement Limited
2011-10-25,41.650001525878906,42.09999847412109,41.25,41.59999847412109,37.00061798095703,50087,JK Lakshmi Cement Limited
2011-10-28,42.09999847412109,43.59999847412109,42.0,42.79999923706055,38.06793975830078,191027,JK Lakshmi Cement Limited
2011-10-31,43.09999847412109,44.0,41.95000076293945,43.29999923706055,38.512672424316406,145211,JK Lakshmi Cement Limited
2011-11-01,43.5,43.79999923706055,42.84999847412109,43.150001525878906,38.37924957275391,83843,JK Lakshmi Cement Limited
2011-11-02,43.400001525878906,44.29999923706055,42.75,44.04999923706055,39.17974472045898,104456,JK Lakshmi Cement Limited
2011-11-03,44.29999923706055,46.70000076293945,43.70000076293945,46.20000076293945,41.0920295715332,159196,JK Lakshmi Cement Limited
2011-11-04,47.20000076293945,48.79999923706055,46.75,46.900001525878906,41.71464538574219,231854,JK Lakshmi Cement Limited
2011-11-08,46.25,47.29999923706055,45.84999847412109,46.04999923706055,40.958614349365234,52439,JK Lakshmi Cement Limited
2011-11-09,46.900001525878906,47.09999847412109,45.25,45.34999847412109,40.33601379394531,43096,JK Lakshmi Cement Limited
2011-11-11,45.5,45.5,44.400001525878906,44.84999847412109,39.89128112792969,34133,JK Lakshmi Cement Limited
2011-11-14,45.04999923706055,45.84999847412109,44.5,44.70000076293945,39.75787734985352,84951,JK Lakshmi Cement Limited
2011-11-15,44.650001525878906,47.04999923706055,43.5,43.650001525878906,38.82397079467773,171958,JK Lakshmi Cement Limited
2011-11-16,43.95000076293945,44.5,43.0,43.900001525878906,39.04633331298828,54244,JK Lakshmi Cement Limited
2011-11-17,43.70000076293945,44.5,43.0,43.34999847412109,38.55713272094727,30953,JK Lakshmi Cement Limited
2011-11-18,42.25,43.900001525878906,42.25,42.59999847412109,37.89006042480469,38746,JK Lakshmi Cement Limited
2011-11-21,43.0,43.650001525878906,42.25,42.5,37.80110931396485,29691,JK Lakshmi Cement Limited
2011-11-22,42.54999923706055,43.04999923706055,42.54999923706055,43.0,38.2458381652832,32687,JK Lakshmi Cement Limited
2011-11-23,42.75,42.79999923706055,41.150001525878906,41.34999847412109,36.77825546264648,59725,JK Lakshmi Cement Limited
2011-11-24,42.09999847412109,42.20000076293945,40.25,40.900001525878906,36.37801361083984,55532,JK Lakshmi Cement Limited
2011-11-25,40.5,42.54999923706055,40.400001525878906,40.70000076293945,36.20012664794922,20460,JK Lakshmi Cement Limited
2011-11-28,40.70000076293945,42.150001525878906,40.70000076293945,41.84999847412109,37.22298049926758,14056,JK Lakshmi Cement Limited
2011-11-29,42.0,42.0,40.95000076293945,41.29999923706055,36.73378753662109,30709,JK Lakshmi Cement Limited
2011-11-30,41.0,41.5,40.75,41.04999923706055,36.51142883300781,24467,JK Lakshmi Cement Limited
2011-12-01,42.0,42.29999923706055,41.09999847412109,41.5,36.91168212890625,24794,JK Lakshmi Cement Limited
2011-12-02,41.150001525878906,43.0,41.150001525878906,42.84999847412109,38.11241912841797,50703,JK Lakshmi Cement Limited
2011-12-05,42.54999923706055,43.29999923706055,41.79999923706055,42.150001525878906,37.48981857299805,19199,JK Lakshmi Cement Limited
2011-12-07,42.150001525878906,43.5,42.150001525878906,43.25,38.46819686889648,49569,JK Lakshmi Cement Limited
2011-12-08,43.0,43.400001525878906,42.150001525878906,42.59999847412109,37.89006042480469,90540,JK Lakshmi Cement Limited
2011-12-09,42.0,42.5,41.0,41.70000076293945,37.08956909179688,18244,JK Lakshmi Cement Limited
2011-12-12,42.400001525878906,43.0,40.79999923706055,41.0,36.46694946289063,52680,JK Lakshmi Cement Limited
2011-12-13,41.20000076293945,41.25,40.5,40.95000076293945,36.42249298095703,21100,JK Lakshmi Cement Limited
2011-12-14,40.54999923706055,41.25,40.400001525878906,40.54999923706055,36.06671142578125,38631,JK Lakshmi Cement Limited
2011-12-15,40.59999847412109,41.79999923706055,40.0,40.650001525878906,36.15565872192383,26543,JK Lakshmi Cement Limited
2011-12-16,40.400001525878906,41.5,38.59999847412109,39.5,35.1328010559082,36165,JK Lakshmi Cement Limited
2011-12-19,39.5,39.5,37.70000076293945,38.75,34.46572494506836,28506,JK Lakshmi Cement Limited
2011-12-20,38.04999923706055,38.95000076293945,37.900001525878906,38.400001525878906,34.1544189453125,31983,JK Lakshmi Cement Limited
2011-12-21,38.5,39.84999847412109,38.5,39.25,34.910438537597656,36105,JK Lakshmi Cement Limited
2011-12-22,38.04999923706055,40.59999847412109,38.04999923706055,40.150001525878906,35.71092987060547,66359,JK Lakshmi Cement Limited
2011-12-23,39.84999847412109,41.5,39.5,40.75,36.24460220336914,27244,JK Lakshmi Cement Limited
2011-12-26,40.150001525878906,40.79999923706055,39.75,39.95000076293945,35.533050537109375,23207,JK Lakshmi Cement Limited
2011-12-27,40.34999847412109,40.45000076293945,39.04999923706055,39.45000076293945,35.08833312988281,13424,JK Lakshmi Cement Limited
2011-12-28,39.25,39.25,36.59999847412109,37.84999847412109,33.66522216796875,149814,JK Lakshmi Cement Limited
2011-12-29,37.34999847412109,38.34999847412109,36.59999847412109,37.79999923706055,33.62076187133789,38172,JK Lakshmi Cement Limited
2011-12-30,37.150001525878906,38.09999847412109,36.75,37.20000076293945,33.087093353271484,19292,JK Lakshmi Cement Limited
2012-01-02,36.54999923706055,38.04999923706055,36.54999923706055,37.79999923706055,33.62076187133789,18174,JK Lakshmi Cement Limited
2012-01-03,38.150001525878906,38.79999923706055,37.59999847412109,38.45000076293945,34.19889450073242,35081,JK Lakshmi Cement Limited
2012-01-04,38.75,39.45000076293945,38.0,38.45000076293945,34.19889450073242,13939,JK Lakshmi Cement Limited
2012-01-05,38.900001525878906,39.0,38.20000076293945,38.400001525878906,34.1544189453125,15492,JK Lakshmi Cement Limited
2012-01-06,38.09999847412109,41.84999847412109,38.0,40.59999847412109,36.11118698120117,228345,JK Lakshmi Cement Limited
2012-01-09,41.650001525878906,41.650001525878906,39.54999923706055,40.150001525878906,35.71092987060547,56814,JK Lakshmi Cement Limited
2012-01-10,40.20000076293945,41.75,40.09999847412109,41.400001525878906,36.82273483276367,59998,JK Lakshmi Cement Limited
2012-01-11,41.95000076293945,42.0,40.75,41.5,36.91168212890625,55006,JK Lakshmi Cement Limited
2012-01-12,41.5,42.5,41.400001525878906,42.150001525878906,37.48981857299805,34050,JK Lakshmi Cement Limited
2012-01-13,42.20000076293945,43.5,42.0,43.04999923706055,38.290306091308594,51369,JK Lakshmi Cement Limited
2012-01-16,43.0,44.20000076293945,42.34999847412109,43.70000076293945,38.868446350097656,27820,JK Lakshmi Cement Limited
2012-01-17,43.5,44.54999923706055,43.5,43.650001525878906,38.82397079467773,49880,JK Lakshmi Cement Limited
2012-01-18,43.0,44.0,42.70000076293945,42.900001525878906,38.15689849853516,37151,JK Lakshmi Cement Limited
2012-01-19,42.54999923706055,44.5,42.34999847412109,44.04999923706055,39.17974472045898,76738,JK Lakshmi Cement Limited
2012-01-20,44.5,46.25,43.79999923706055,45.900001525878906,40.8252067565918,199761,JK Lakshmi Cement Limited
2012-01-23,46.0,46.79999923706055,44.400001525878906,44.84999847412109,39.89128112792969,63791,JK Lakshmi Cement Limited
2012-01-24,46.25,46.45000076293945,44.75,45.59999847412109,40.558372497558594,192366,JK Lakshmi Cement Limited
2012-01-25,45.70000076293945,47.20000076293945,45.70000076293945,46.900001525878906,41.71464538574219,149067,JK Lakshmi Cement Limited
2012-01-27,46.29999923706055,47.34999847412109,46.09999847412109,46.84999847412109,41.670169830322266,112557,JK Lakshmi Cement Limited
2012-01-30,46.75,48.0,45.84999847412109,45.900001525878906,40.8252067565918,31472,JK Lakshmi Cement Limited
2012-01-31,46.25,47.5,45.29999923706055,47.04999923706055,41.848052978515625,41439,JK Lakshmi Cement Limited
2012-02-01,47.70000076293945,48.79999923706055,47.54999923706055,48.09999847412109,42.7819709777832,189435,JK Lakshmi Cement Limited
2012-02-02,48.79999923706055,49.0,47.5,48.25,42.91538238525391,112876,JK Lakshmi Cement Limited
2012-02-03,49.25,57.900001525878906,49.25,56.20000076293945,49.98641204833984,2253249,JK Lakshmi Cement Limited
2012-02-06,66.75,66.75,56.5,62.59999847412109,55.67881393432617,1446337,JK Lakshmi Cement Limited
2012-02-07,64.5,65.44999694824219,60.70000076293945,61.400001525878906,54.61149597167969,1771894,JK Lakshmi Cement Limited
2012-02-08,65.5,67.0,63.650001525878906,64.80000305175781,57.63558197021485,1850556,JK Lakshmi Cement Limited
2012-02-09,65.1500015258789,65.69999694824219,62.34999847412109,62.95000076293945,55.99013519287109,392677,JK Lakshmi Cement Limited
2012-02-10,61.79999923706055,63.54999923706055,60.59999847412109,61.79999923706055,54.96726608276367,412530,JK Lakshmi Cement Limited
2012-02-13,62.04999923706055,63.900001525878906,61.59999847412109,62.04999923706055,55.18962860107422,314256,JK Lakshmi Cement Limited
2012-02-14,62.54999923706055,63.0,60.79999923706055,62.5,55.589874267578125,337030,JK Lakshmi Cement Limited
2012-02-15,61.25,65.25,61.25,63.95000076293945,56.87956619262695,1028764,JK Lakshmi Cement Limited
2012-02-16,64.30000305175781,65.30000305175781,63.5,64.3499984741211,57.23533630371094,266871,JK Lakshmi Cement Limited
2012-02-17,64.5,65.0,56.0,63.84999847412109,56.79061508178711,370656,JK Lakshmi Cement Limited
2012-02-21,60.20000076293945,64.44999694824219,60.20000076293945,63.59999847412109,56.56824493408203,204778,JK Lakshmi Cement Limited
2012-02-22,62.5,63.79999923706055,61.45000076293945,61.900001525878906,55.05622100830078,206490,JK Lakshmi Cement Limited
2012-02-23,61.20000076293945,62.400001525878906,59.400001525878906,60.29999923706055,53.633113861083984,150202,JK Lakshmi Cement Limited
2012-02-24,56.29999923706055,61.95000076293945,56.29999923706055,59.84999847412109,53.23286819458008,88856,JK Lakshmi Cement Limited
2012-02-27,58.29999923706055,63.400001525878906,58.29999923706055,58.900001525878906,52.38789367675781,324198,JK Lakshmi Cement Limited
2012-02-28,59.04999923706055,60.5,59.04999923706055,60.09999847412109,53.455223083496094,81086,JK Lakshmi Cement Limited
2012-02-29,58.54999923706055,61.09999847412109,58.54999923706055,60.0,53.36629104614258,146478,JK Lakshmi Cement Limited
2012-03-01,58.5,60.900001525878906,58.5,60.400001525878906,53.72205352783203,82797,JK Lakshmi Cement Limited
2012-03-02,60.45000076293945,61.900001525878906,59.84999847412109,60.150001525878906,53.49969482421875,113221,JK Lakshmi Cement Limited
2012-03-05,59.59999847412109,60.75,59.29999923706055,59.79999923706055,53.18838882446289,98788,JK Lakshmi Cement Limited
2012-03-06,57.150001525878906,60.29999923706055,57.150001525878906,59.25,52.6992073059082,58472,JK Lakshmi Cement Limited
2012-03-07,58.25,60.0,58.25,59.150001525878906,52.610260009765625,53511,JK Lakshmi Cement Limited
2012-03-09,59.20000076293945,60.5,59.04999923706055,59.54999923706055,52.96603775024414,56362,JK Lakshmi Cement Limited
2012-03-12,58.29999923706055,60.79999923706055,58.29999923706055,60.45000076293945,53.76652908325195,69349,JK Lakshmi Cement Limited
2012-03-13,58.5,66.80000305175781,58.5,65.19999694824219,57.991355895996094,572704,JK Lakshmi Cement Limited
2012-03-14,65.5,66.69999694824219,64.6500015258789,65.0,57.81348037719727,1363314,JK Lakshmi Cement Limited
2012-03-15,62.54999923706055,65.0,62.54999923706055,63.5,56.47932052612305,87892,JK Lakshmi Cement Limited
2012-03-16,61.400001525878906,64.5,61.400001525878906,62.45000076293945,55.545406341552734,58304,JK Lakshmi Cement Limited
2012-03-19,62.5,64.80000305175781,61.59999847412109,63.0,56.03458786010742,255352,JK Lakshmi Cement Limited
2012-03-20,62.09999847412109,64.0,62.09999847412109,62.79999923706055,55.85670852661133,318747,JK Lakshmi Cement Limited
2012-03-21,61.54999923706055,66.0999984741211,61.54999923706055,65.9000015258789,58.61397171020508,562802,JK Lakshmi Cement Limited
2012-03-22,66.75,66.80000305175781,64.6500015258789,65.0,57.81348037719727,244468,JK Lakshmi Cement Limited
2012-03-23,65.25,66.4000015258789,64.5,66.19999694824219,58.88079452514648,135243,JK Lakshmi Cement Limited
2012-03-26,66.4000015258789,67.5,64.3499984741211,64.9000015258789,57.72453689575195,263187,JK Lakshmi Cement Limited
2012-03-27,58.0,66.6500015258789,58.0,66.25,58.9252815246582,111219,JK Lakshmi Cement Limited
2012-03-28,65.0,66.75,64.19999694824219,65.4000015258789,58.16923522949219,89981,JK Lakshmi Cement Limited
2012-03-29,64.5,66.25,64.05000305175781,65.94999694824219,58.65843200683594,88922,JK Lakshmi Cement Limited
2012-03-30,65.3499984741211,67.0,62.95000076293945,65.3499984741211,58.12477493286133,387519,JK Lakshmi Cement Limited
2012-04-02,63.5,68.0,63.5,67.80000305175781,60.30389404296875,544521,JK Lakshmi Cement Limited
2012-04-03,68.5999984741211,69.69999694824219,67.19999694824219,67.8499984741211,60.34836959838867,202779,JK Lakshmi Cement Limited
2012-04-04,66.4000015258789,68.44999694824219,66.4000015258789,67.9000015258789,60.39284896850586,55561,JK Lakshmi Cement Limited
2012-04-09,66.4000015258789,67.75,65.30000305175781,66.05000305175781,58.74737930297852,85123,JK Lakshmi Cement Limited
2012-04-10,65.0999984741211,66.5,65.0999984741211,66.0999984741211,58.79184341430664,41679,JK Lakshmi Cement Limited
2012-04-11,64.0,68.0,64.0,64.9000015258789,57.72453689575195,142932,JK Lakshmi Cement Limited
2012-04-12,56.34999847412109,65.5,56.34999847412109,65.05000305175781,57.85795211791992,62428,JK Lakshmi Cement Limited
2012-04-13,64.75,65.69999694824219,64.5,64.6500015258789,57.50216674804688,35753,JK Lakshmi Cement Limited
2012-04-16,65.0,65.3499984741211,64.4000015258789,64.69999694824219,57.54663848876953,21324,JK Lakshmi Cement Limited
2012-04-17,67.94999694824219,69.5,64.0999984741211,65.0999984741211,57.90240478515625,36716,JK Lakshmi Cement Limited
2012-04-18,64.0999984741211,68.19999694824219,64.0999984741211,66.69999694824219,59.32551574707031,406760,JK Lakshmi Cement Limited
2012-04-19,67.5,67.94999694824219,65.1500015258789,65.94999694824219,58.65843200683594,198382,JK Lakshmi Cement Limited
2012-04-20,66.75,66.75,65.19999694824219,66.05000305175781,58.74737930297852,154060,JK Lakshmi Cement Limited
2012-04-23,66.25,66.25,65.1500015258789,66.05000305175781,58.74737930297852,104238,JK Lakshmi Cement Limited
2012-04-24,65.5,66.0,64.5,65.44999694824219,58.213714599609375,724689,JK Lakshmi Cement Limited
2012-04-25,65.05000305175781,66.1500015258789,65.05000305175781,65.94999694824219,58.65843200683594,709499,JK Lakshmi Cement Limited
2012-04-26,66.0,66.80000305175781,65.69999694824219,66.0,58.702911376953125,573094,JK Lakshmi Cement Limited
2012-04-27,66.0,66.30000305175781,65.0999984741211,65.69999694824219,58.43606948852539,1022631,JK Lakshmi Cement Limited
2012-04-30,66.0,66.3499984741211,64.5999984741211,65.0,57.81348037719727,72468,JK Lakshmi Cement Limited
2012-05-02,65.4000015258789,65.5999984741211,63.95000076293945,64.0999984741211,57.01298141479492,23092,JK Lakshmi Cement Limited
2012-05-03,64.0,66.5,64.0,65.69999694824219,58.43606948852539,131885,JK Lakshmi Cement Limited
2012-05-04,65.0,65.0,63.34999847412109,63.79999923706055,56.74615478515625,696831,JK Lakshmi Cement Limited
2012-05-07,64.9000015258789,64.9000015258789,61.0,62.95000076293945,55.99013519287109,112408,JK Lakshmi Cement Limited
2012-05-08,63.0,63.400001525878906,61.0,61.650001525878906,54.8338508605957,54270,JK Lakshmi Cement Limited
2012-05-09,61.09999847412109,61.75,60.54999923706055,60.900001525878906,54.16678237915039,174217,JK Lakshmi Cement Limited
2012-05-10,60.0,61.900001525878906,59.25,61.09999847412109,54.34465789794922,129597,JK Lakshmi Cement Limited
2012-05-11,60.09999847412109,61.34999847412109,60.0,60.70000076293945,53.9888801574707,133387,JK Lakshmi Cement Limited
2012-05-14,61.0,61.29999923706055,59.650001525878906,60.0,53.36629104614258,67568,JK Lakshmi Cement Limited
2012-05-15,59.09999847412109,62.29999923706055,59.09999847412109,61.04999923706055,54.30018997192383,49239,JK Lakshmi Cement Limited
2012-05-16,62.0,62.0,60.150001525878906,60.29999923706055,53.633113861083984,88027,JK Lakshmi Cement Limited
2012-05-17,60.5,64.5,60.29999923706055,63.75,56.70166778564453,393380,JK Lakshmi Cement Limited
2012-05-18,63.5,64.25,61.20000076293945,63.75,56.70166778564453,91620,JK Lakshmi Cement Limited
2012-05-21,64.19999694824219,64.8499984741211,63.59999847412109,64.0,56.92402648925781,50916,JK Lakshmi Cement Limited
2012-05-22,63.25,64.0,62.900001525878906,63.04999923706055,56.07906723022461,62612,JK Lakshmi Cement Limited
2012-05-23,64.8499984741211,65.1500015258789,61.20000076293945,62.09999847412109,55.23409652709961,153418,JK Lakshmi Cement Limited
2012-05-24,61.5,63.400001525878906,61.25,63.0,56.03458786010742,48412,JK Lakshmi Cement Limited
2012-05-25,63.150001525878906,63.45000076293945,62.20000076293945,63.09999847412109,56.12353515625,37736,JK Lakshmi Cement Limited
2012-05-28,63.09999847412109,64.9000015258789,62.29999923706055,63.25,56.2569580078125,52269,JK Lakshmi Cement Limited
2012-05-29,63.0,63.5,62.400001525878906,62.5,55.589874267578125,11765,JK Lakshmi Cement Limited
2012-05-30,62.150001525878906,62.20000076293945,61.54999923706055,61.79999923706055,54.96726608276367,76657,JK Lakshmi Cement Limited
2012-05-31,62.5,62.84999847412109,60.79999923706055,61.45000076293945,54.65596771240234,109066,JK Lakshmi Cement Limited
2012-06-01,61.09999847412109,62.29999923706055,61.04999923706055,61.45000076293945,54.65596771240234,317357,JK Lakshmi Cement Limited
2012-06-04,60.45000076293945,61.75,60.45000076293945,61.29999923706055,54.52254486083984,34581,JK Lakshmi Cement Limited
2012-06-05,61.29999923706055,62.25,61.20000076293945,62.150001525878906,55.27857208251953,102134,JK Lakshmi Cement Limited
2012-06-06,62.0,64.0999984741211,62.0,63.84999847412109,56.79061508178711,72558,JK Lakshmi Cement Limited
2012-06-07,63.0,65.0,62.25,64.25,57.14638900756836,123957,JK Lakshmi Cement Limited
2012-06-08,64.0,65.0999984741211,63.59999847412109,64.6500015258789,57.50216674804688,137429,JK Lakshmi Cement Limited
2012-06-11,64.19999694824219,65.4000015258789,64.19999694824219,64.75,57.59111404418945,67780,JK Lakshmi Cement Limited
2012-06-12,64.0,65.0,63.900001525878906,64.5999984741211,57.45769119262695,89885,JK Lakshmi Cement Limited
2012-06-13,64.94999694824219,64.94999694824219,63.75,64.05000305175781,56.968509674072266,16831,JK Lakshmi Cement Limited
2012-06-14,64.0,64.4000015258789,63.650001525878906,64.0,56.92402648925781,40441,JK Lakshmi Cement Limited
2012-06-15,63.900001525878906,64.69999694824219,62.45000076293945,63.95000076293945,56.87956619262695,59883,JK Lakshmi Cement Limited
2012-06-18,63.900001525878906,64.75,62.25,64.0,56.92402648925781,367798,JK Lakshmi Cement Limited
2012-06-19,64.05000305175781,64.44999694824219,63.0,64.05000305175781,56.968509674072266,67809,JK Lakshmi Cement Limited
2012-06-20,63.0,64.80000305175781,62.34999847412109,64.3499984741211,57.23533630371094,67135,JK Lakshmi Cement Limited
2012-06-21,63.900001525878906,64.5,63.34999847412109,64.0,56.92402648925781,30051,JK Lakshmi Cement Limited
2012-06-22,59.84999847412109,64.80000305175781,56.20000076293945,64.25,57.14638900756836,380501,JK Lakshmi Cement Limited
2012-06-25,64.5,67.0,64.0,66.4000015258789,59.05868911743164,199964,JK Lakshmi Cement Limited
2012-06-26,66.30000305175781,67.5,66.30000305175781,67.0,59.59235000610352,110548,JK Lakshmi Cement Limited
2012-06-27,67.5,67.80000305175781,66.1500015258789,66.9000015258789,59.503395080566406,74737,JK Lakshmi Cement Limited
2012-06-28,66.5,67.5,66.1500015258789,67.05000305175781,59.63682174682617,21511,JK Lakshmi Cement Limited
2012-06-29,66.80000305175781,68.4000015258789,66.5,67.69999694824219,60.2149543762207,97195,JK Lakshmi Cement Limited
2012-07-02,67.75,70.8499984741211,67.69999694824219,70.25,62.48301696777344,202148,JK Lakshmi Cement Limited
2012-07-03,71.0,75.5,71.0,74.9000015258789,66.61891174316406,446976,JK Lakshmi Cement Limited
2012-07-04,77.0,83.25,75.80000305175781,81.80000305175781,72.75602722167969,964232,JK Lakshmi Cement Limited
2012-07-05,77.30000305175781,82.69999694824219,77.30000305175781,81.80000305175781,72.75602722167969,377428,JK Lakshmi Cement Limited
2012-07-06,81.0,82.69999694824219,79.8499984741211,82.19999694824219,73.11181640625,220924,JK Lakshmi Cement Limited
2012-07-09,81.25,81.75,78.0999984741211,79.25,70.48796081542969,235028,JK Lakshmi Cement Limited
2012-07-10,79.9000015258789,81.19999694824219,78.19999694824219,80.94999694824219,71.99999237060547,109177,JK Lakshmi Cement Limited
2012-07-11,80.5,81.6500015258789,78.6500015258789,79.19999694824219,70.4435043334961,116062,JK Lakshmi Cement Limited
2012-07-12,79.94999694824219,80.4000015258789,77.94999694824219,79.3499984741211,70.57691192626953,80964,JK Lakshmi Cement Limited
2012-07-13,78.8499984741211,81.0,78.8499984741211,80.5,71.5997543334961,99449,JK Lakshmi Cement Limited
2012-07-16,80.0,80.69999694824219,78.0,80.0,71.15504455566406,106697,JK Lakshmi Cement Limited
2012-07-17,80.6500015258789,80.6500015258789,79.0,79.94999694824219,71.11056518554688,76074,JK Lakshmi Cement Limited
2012-07-18,80.0,80.9000015258789,79.3499984741211,80.05000305175781,71.19951629638672,72416,JK Lakshmi Cement Limited
2012-07-19,80.05000305175781,80.80000305175781,80.0,80.0,71.15504455566406,47439,JK Lakshmi Cement Limited
2012-07-20,80.0,81.30000305175781,79.0,80.75,71.82211303710938,87125,JK Lakshmi Cement Limited
2012-07-23,79.05000305175781,81.5,79.05000305175781,80.19999694824219,71.33292388916016,93179,JK Lakshmi Cement Limited
2012-07-24,80.05000305175781,85.19999694824219,80.05000305175781,84.05000305175781,74.75727844238281,274246,JK Lakshmi Cement Limited
2012-07-25,84.75,85.44999694824219,83.0,84.94999694824219,75.55776977539062,216651,JK Lakshmi Cement Limited
2012-07-26,85.0,86.69999694824219,83.55000305175781,85.3499984741211,75.91352844238281,365944,JK Lakshmi Cement Limited
2012-07-27,89.94999694824219,92.0,84.69999694824219,86.19999694824219,76.6695556640625,685960,JK Lakshmi Cement Limited
2012-07-30,85.0,85.9000015258789,83.0,85.0999984741211,77.48906707763672,143097,JK Lakshmi Cement Limited
2012-07-31,87.0,88.69999694824219,84.0999984741211,88.0,80.12969970703125,214044,JK Lakshmi Cement Limited
2012-08-01,87.0,89.4000015258789,86.69999694824219,88.80000305175781,80.85814666748047,138241,JK Lakshmi Cement Limited
2012-08-02,88.0999984741211,96.5500030517578,88.0999984741211,95.5,86.95895385742188,537415,JK Lakshmi Cement Limited
2012-08-03,94.8499984741211,95.1999969482422,93.0999984741211,94.6500015258789,86.1849594116211,244861,JK Lakshmi Cement Limited
2012-08-06,95.5,100.3499984741211,94.1999969482422,100.0999984741211,91.14752960205078,527617,JK Lakshmi Cement Limited
2012-08-07,99.1999969482422,101.0,99.1999969482422,100.3000030517578,91.3296356201172,420985,JK Lakshmi Cement Limited
2012-08-08,100.8499984741211,101.3499984741211,95.0,96.5,87.8695068359375,281961,JK Lakshmi Cement Limited
2012-08-09,96.5,98.0,95.5,97.1999969482422,88.50691223144531,109490,JK Lakshmi Cement Limited
2012-08-10,97.75,97.75,93.1999969482422,94.4499969482422,86.00283813476562,70231,JK Lakshmi Cement Limited
2012-08-13,94.5999984741211,94.5999984741211,90.8000030517578,93.6500015258789,85.2743911743164,115823,JK Lakshmi Cement Limited
2012-08-14,94.5999984741211,98.1999969482422,93.0,97.5,88.78007507324219,382604,JK Lakshmi Cement Limited
2012-08-16,97.0,98.3000030517578,95.0,97.0500030517578,88.37030792236328,110138,JK Lakshmi Cement Limited
2012-08-17,98.0,98.0,94.3000030517578,94.5999984741211,86.13943481445312,78652,JK Lakshmi Cement Limited
2012-08-21,92.3000030517578,97.0,92.3000030517578,96.3000030517578,87.68739318847656,118591,JK Lakshmi Cement Limited
2012-08-22,96.4499969482422,97.6999969482422,94.0,96.3499984741211,87.73291778564453,259080,JK Lakshmi Cement Limited
2012-08-23,96.3499984741211,97.25,95.0,96.3499984741211,87.73291778564453,161045,JK Lakshmi Cement Limited
2012-08-24,95.9000015258789,97.75,94.3000030517578,97.5,88.78007507324219,232659,JK Lakshmi Cement Limited
2012-08-27,98.0,99.1999969482422,95.5500030517578,96.3000030517578,87.68739318847656,243659,JK Lakshmi Cement Limited
2012-08-28,96.0,97.0,93.5,95.0999984741211,86.59471893310547,99398,JK Lakshmi Cement Limited
2012-08-29,97.0,97.0,91.0500030517578,93.8499984741211,85.45651245117188,48330,JK Lakshmi Cement Limited
2012-08-30,91.0999984741211,94.5,91.0,94.1500015258789,85.72969055175781,53675,JK Lakshmi Cement Limited
2012-08-31,91.6500015258789,99.4000015258789,91.6500015258789,97.5500030517578,88.82559967041016,224015,JK Lakshmi Cement Limited
2012-09-03,98.0,99.5,94.5999984741211,96.3000030517578,87.68739318847656,112239,JK Lakshmi Cement Limited
2012-09-04,96.0,96.5,94.0,94.6500015258789,86.1849594116211,27638,JK Lakshmi Cement Limited
2012-09-05,92.3000030517578,97.0,91.0,95.5,86.95895385742188,112504,JK Lakshmi Cement Limited
2012-09-06,93.9000015258789,96.9000015258789,93.9000015258789,94.5999984741211,86.13943481445312,80346,JK Lakshmi Cement Limited
2012-09-07,94.5999984741211,96.9000015258789,93.3499984741211,94.0500030517578,85.63861846923828,39195,JK Lakshmi Cement Limited
2012-09-10,95.0,97.5500030517578,93.6500015258789,97.0500030517578,88.37030792236328,78620,JK Lakshmi Cement Limited
2012-09-11,98.0,102.75,95.5,101.6500015258789,92.55892181396484,264440,JK Lakshmi Cement Limited
2012-09-12,102.0,103.9000015258789,100.75,101.5,92.42233276367188,217355,JK Lakshmi Cement Limited
2012-09-13,100.6999969482422,102.3000030517578,98.1999969482422,98.6500015258789,89.82722473144531,115043,JK Lakshmi Cement Limited
2012-09-14,99.0,101.4499969482422,97.1500015258789,98.0999984741211,89.326416015625,74563,JK Lakshmi Cement Limited
2012-09-17,98.0,100.8499984741211,96.3499984741211,98.0,89.2353515625,203847,JK Lakshmi Cement Limited
2012-09-18,97.5999984741211,100.5,95.6999969482422,99.0999984741211,90.23697662353516,139089,JK Lakshmi Cement Limited
2012-09-20,99.0,102.0,97.5,100.25,91.28412628173828,135378,JK Lakshmi Cement Limited
2012-09-21,103.5,105.0,96.5999984741211,99.4499969482422,90.5556640625,126211,JK Lakshmi Cement Limited
2012-09-24,98.5,100.9000015258789,98.25,100.25,91.28412628173828,130174,JK Lakshmi Cement Limited
2012-09-25,99.8000030517578,100.0,98.75,99.8499984741211,90.91989135742188,24787,JK Lakshmi Cement Limited
2012-09-26,99.0500030517578,109.0,98.1999969482422,105.9000015258789,96.42881774902344,563808,JK Lakshmi Cement Limited
2012-09-27,108.4000015258789,109.8499984741211,107.1999969482422,108.6500015258789,98.93286895751952,522382,JK Lakshmi Cement Limited
2012-09-28,110.0,115.0,106.5500030517578,114.3000030517578,104.07757568359376,652355,JK Lakshmi Cement Limited
2012-10-01,114.3000030517578,115.8000030517578,112.4000015258789,114.0500030517578,103.84992218017578,177151,JK Lakshmi Cement Limited
2012-10-03,114.4000015258789,115.0,110.5500030517578,113.5500030517578,103.39463806152344,205896,JK Lakshmi Cement Limited
2012-10-04,112.5,117.6500015258789,111.0,112.4000015258789,102.34749603271484,387183,JK Lakshmi Cement Limited
2012-10-05,112.5500030517578,115.0,106.0,109.0500030517578,99.29710388183594,159518,JK Lakshmi Cement Limited
2012-10-08,110.0,114.9000015258789,109.0999984741211,111.0999984741211,101.16374969482422,391774,JK Lakshmi Cement Limited
2012-10-09,111.0999984741211,113.6999969482422,110.1999969482422,112.25,102.21090698242188,340623,JK Lakshmi Cement Limited
2012-10-10,111.25,112.4000015258789,108.0,109.3000030517578,99.52474212646484,175953,JK Lakshmi Cement Limited
2012-10-11,109.5,111.5,104.5,109.0,99.25157165527344,287400,JK Lakshmi Cement Limited
2012-10-12,109.0,115.0,109.0,113.5500030517578,103.39463806152344,556623,JK Lakshmi Cement Limited
2012-10-15,114.5500030517578,120.4000015258789,114.5500030517578,118.0500030517578,107.4921646118164,697032,JK Lakshmi Cement Limited
2012-10-16,119.4499969482422,119.8000030517578,117.4000015258789,118.0,107.44664764404295,410801,JK Lakshmi Cement Limited
2012-10-17,118.0500030517578,121.5999984741211,118.0500030517578,119.5,108.81249237060548,403970,JK Lakshmi Cement Limited
2012-10-18,119.9000015258789,120.4000015258789,115.8000030517578,116.9499969482422,106.49053955078124,167488,JK Lakshmi Cement Limited
2012-10-19,117.9000015258789,120.5999984741211,113.6500015258789,116.1999969482422,105.8076400756836,247591,JK Lakshmi Cement Limited
2012-10-22,118.0,125.9499969482422,117.4000015258789,124.8499984741211,113.68402099609376,998978,JK Lakshmi Cement Limited
2012-10-23,125.6500015258789,131.0,123.9000015258789,126.5,115.18645477294922,873759,JK Lakshmi Cement Limited
2012-10-25,127.0,127.5,122.0,123.0999984741211,112.0905303955078,246902,JK Lakshmi Cement Limited
2012-10-29,119.6999969482422,125.8000030517578,119.4000015258789,123.9499969482422,112.86450958251952,372560,JK Lakshmi Cement Limited
2012-10-30,124.8000030517578,125.0,121.25,122.1999969482422,111.27101135253906,149459,JK Lakshmi Cement Limited
2012-10-31,122.8000030517578,125.0,121.9499969482422,124.0999984741211,113.00108337402344,158803,JK Lakshmi Cement Limited
2012-11-01,124.0,127.5999984741211,124.0,126.75,115.4140853881836,300375,JK Lakshmi Cement Limited
2012-11-02,126.9000015258789,128.5,122.6500015258789,124.0999984741211,113.00108337402344,143357,JK Lakshmi Cement Limited
2012-11-05,124.0,125.8000030517578,122.0,123.0999984741211,112.0905303955078,99968,JK Lakshmi Cement Limited
2012-11-06,123.3000030517578,129.0,123.3000030517578,126.5999984741211,115.27750396728516,500099,JK Lakshmi Cement Limited
2012-11-07,126.8499984741211,129.89999389648438,126.0999984741211,126.9000015258789,115.55067443847656,310535,JK Lakshmi Cement Limited
2012-11-08,125.75,128.89999389648438,125.1999969482422,127.4499969482422,116.05147552490234,150308,JK Lakshmi Cement Limited
2012-11-09,127.75,133.75,127.5,129.9499969482422,118.32789611816406,478036,JK Lakshmi Cement Limited
2012-11-12,130.0,136.75,130.0,135.9499969482422,123.79129028320312,554188,JK Lakshmi Cement Limited
2012-11-15,132.9499969482422,140.64999389648438,132.9499969482422,137.89999389648438,125.56687927246094,249461,JK Lakshmi Cement Limited
2012-11-16,138.25,142.39999389648438,137.89999389648438,139.25,126.796142578125,305692,JK Lakshmi Cement Limited
2012-11-19,138.25,140.25,127.8000030517578,128.85000610351562,117.32628631591795,327403,JK Lakshmi Cement Limited
2012-11-20,129.0500030517578,132.25,127.1999969482422,129.14999389648438,117.59944152832033,337354,JK Lakshmi Cement Limited
2012-11-21,124.9499969482422,130.39999389648438,124.9499969482422,125.9499969482422,114.6856460571289,197856,JK Lakshmi Cement Limited
2012-11-22,124.0,131.0,124.0,126.0,114.73116302490234,272982,JK Lakshmi Cement Limited
2012-11-23,126.75,132.0,125.9000015258789,130.89999389648438,119.19290924072266,290626,JK Lakshmi Cement Limited
2012-11-26,130.60000610351562,136.9499969482422,130.60000610351562,133.5500030517578,121.60594940185548,225644,JK Lakshmi Cement Limited
2012-11-27,133.0,136.60000610351562,132.39999389648438,133.64999389648438,121.69696044921876,246416,JK Lakshmi Cement Limited
2012-11-29,134.6999969482422,138.64999389648438,134.0,135.75,123.60916900634766,200419,JK Lakshmi Cement Limited
2012-11-30,135.8000030517578,139.0,135.0,138.3000030517578,125.93112182617188,341440,JK Lakshmi Cement Limited
2012-12-03,138.0,139.89999389648438,133.10000610351562,138.25,125.88558959960938,381458,JK Lakshmi Cement Limited
2012-12-04,137.0,139.0,135.10000610351562,136.0,123.83680725097656,152644,JK Lakshmi Cement Limited
2012-12-05,136.0,137.85000610351562,130.89999389648438,132.1999969482422,120.3766632080078,253656,JK Lakshmi Cement Limited
2012-12-06,132.85000610351562,134.0,131.5,131.85000610351562,120.05796813964844,89606,JK Lakshmi Cement Limited
2012-12-07,120.5,133.5,120.5,131.5500030517578,119.7847900390625,152340,JK Lakshmi Cement Limited
2012-12-10,125.25,134.10000610351562,125.25,131.64999389648438,119.8758316040039,111834,JK Lakshmi Cement Limited
2012-12-11,131.64999389648438,135.3000030517578,129.5,131.89999389648438,120.10350799560548,144671,JK Lakshmi Cement Limited
2012-12-12,131.0,134.75,131.0,133.75,121.78804779052734,124636,JK Lakshmi Cement Limited
2012-12-13,133.75,134.0,129.5,129.9499969482422,118.32789611816406,64700,JK Lakshmi Cement Limited
2012-12-14,120.0,135.0,120.0,134.14999389648438,122.15228271484376,147341,JK Lakshmi Cement Limited
2012-12-17,132.3000030517578,136.60000610351562,132.3000030517578,134.8000030517578,122.744140625,122926,JK Lakshmi Cement Limited
2012-12-18,135.4499969482422,145.8000030517578,133.5,144.3000030517578,131.39450073242188,523085,JK Lakshmi Cement Limited
2012-12-19,144.3000030517578,146.0,141.25,143.39999389648438,130.5750274658203,289576,JK Lakshmi Cement Limited
2012-12-20,143.6999969482422,144.39999389648438,141.39999389648438,142.10000610351562,129.3912811279297,140414,JK Lakshmi Cement Limited
2012-12-21,141.0,147.60000610351562,139.25,146.60000610351562,133.48878479003906,416707,JK Lakshmi Cement Limited
2012-12-24,146.60000610351562,158.4499969482422,146.0,156.0500030517578,142.0936737060547,813935,JK Lakshmi Cement Limited
2012-12-26,156.0,161.6999969482422,152.0500030517578,160.75,146.37330627441406,987698,JK Lakshmi Cement Limited
2012-12-27,160.8000030517578,165.3000030517578,156.60000610351562,160.0,145.69039916992188,573115,JK Lakshmi Cement Limited
2012-12-28,162.0,163.75,159.10000610351562,162.5,147.96676635742188,376449,JK Lakshmi Cement Limited
2012-12-31,163.0,163.0,159.8000030517578,161.5500030517578,147.1017608642578,124592,JK Lakshmi Cement Limited
2013-01-01,163.89999389648438,163.89999389648438,160.14999389648438,161.3000030517578,146.8740997314453,89398,JK Lakshmi Cement Limited
2013-01-02,162.14999389648438,169.9499969482422,162.10000610351562,169.10000610351562,153.97653198242188,365642,JK Lakshmi Cement Limited
2013-01-03,174.9499969482422,179.9499969482422,163.0,163.89999389648438,149.24156188964844,348808,JK Lakshmi Cement Limited
2013-01-04,160.0,164.0,160.0,161.0,146.60092163085938,118962,JK Lakshmi Cement Limited
2013-01-07,160.10000610351562,163.64999389648438,150.3000030517578,151.89999389648438,138.31478881835938,587293,JK Lakshmi Cement Limited
2013-01-08,152.0,152.3000030517578,146.14999389648438,146.8000030517578,133.67095947265625,217970,JK Lakshmi Cement Limited
2013-01-09,144.39999389648438,151.0,144.39999389648438,146.39999389648438,133.3066864013672,176924,JK Lakshmi Cement Limited
2013-01-10,145.60000610351562,148.35000610351562,142.10000610351562,142.9499969482422,130.1652374267578,185243,JK Lakshmi Cement Limited
2013-01-11,141.1999969482422,144.39999389648438,137.10000610351562,137.5500030517578,125.2481918334961,211200,JK Lakshmi Cement Limited
2013-01-14,136.1999969482422,141.0,130.9499969482422,138.39999389648438,126.02218627929688,331537,JK Lakshmi Cement Limited
2013-01-15,139.89999389648438,145.0,139.0500030517578,141.8000030517578,129.1180877685547,307371,JK Lakshmi Cement Limited
2013-01-16,141.89999389648438,144.89999389648438,139.5,140.0,127.4791030883789,505566,JK Lakshmi Cement Limited
2013-01-17,140.10000610351562,142.8000030517578,138.10000610351562,139.4499969482422,126.97826385498048,100258,JK Lakshmi Cement Limited
2013-01-18,139.0,143.35000610351562,138.8000030517578,140.25,127.70671081542967,614497,JK Lakshmi Cement Limited
2013-01-21,140.5,142.64999389648438,140.5,142.0500030517578,129.34573364257812,173564,JK Lakshmi Cement Limited
2013-01-22,143.0,144.75,140.5500030517578,144.1999969482422,131.30345153808594,191192,JK Lakshmi Cement Limited
2013-01-23,145.0500030517578,147.0,141.0,142.35000610351562,129.618896484375,155139,JK Lakshmi Cement Limited
2013-01-24,141.5,143.39999389648438,132.5,138.89999389648438,126.47747039794922,393820,JK Lakshmi Cement Limited
2013-01-25,136.14999389648438,147.85000610351562,136.14999389648438,146.1999969482422,133.12457275390625,389133,JK Lakshmi Cement Limited
2013-01-28,145.0,150.39999389648438,141.6999969482422,142.4499969482422,129.7099609375,82292,JK Lakshmi Cement Limited
2013-01-29,142.64999389648438,144.3000030517578,138.85000610351562,139.64999389648438,127.160400390625,175299,JK Lakshmi Cement Limited
2013-01-30,140.5,143.1999969482422,140.5,141.14999389648438,128.5262451171875,269503,JK Lakshmi Cement Limited
2013-01-31,141.35000610351562,146.89999389648438,139.25,146.0500030517578,132.98800659179688,191107,JK Lakshmi Cement Limited
2013-02-01,146.4499969482422,147.5,143.60000610351562,144.4499969482422,131.53109741210938,90408,JK Lakshmi Cement Limited
2013-02-04,144.35000610351562,145.39999389648438,140.0500030517578,140.4499969482422,127.88883209228516,68568,JK Lakshmi Cement Limited
2013-02-05,139.25,142.5500030517578,136.10000610351562,139.9499969482422,127.43354034423828,80384,JK Lakshmi Cement Limited
2013-02-06,140.5,143.9499969482422,139.60000610351562,142.1999969482422,129.48231506347656,63471,JK Lakshmi Cement Limited
2013-02-07,142.0,143.0500030517578,132.0,134.1999969482422,122.1977996826172,270668,JK Lakshmi Cement Limited
2013-02-08,131.60000610351562,138.0,131.60000610351562,135.9499969482422,123.79129028320312,154455,JK Lakshmi Cement Limited
2013-02-11,136.75,138.5,135.25,135.75,123.60916900634766,56488,JK Lakshmi Cement Limited
2013-02-12,135.0,135.9499969482422,131.8000030517578,133.5,121.56041717529295,68960,JK Lakshmi Cement Limited
2013-02-13,136.0,136.0,130.0500030517578,132.1999969482422,120.3766632080078,37353,JK Lakshmi Cement Limited
2013-02-14,131.5500030517578,132.0,126.0500030517578,130.0,118.3734359741211,131019,JK Lakshmi Cement Limited
2013-02-15,129.89999389648438,134.6999969482422,129.5,133.14999389648438,121.24169921875,90297,JK Lakshmi Cement Limited
2013-02-18,132.0,133.8000030517578,129.89999389648438,130.14999389648438,118.50999450683594,39290,JK Lakshmi Cement Limited
2013-02-19,130.6999969482422,132.0,130.25,131.5500030517578,119.7847900390625,16786,JK Lakshmi Cement Limited
2013-02-20,132.6999969482422,135.64999389648438,131.64999389648438,134.25,122.24333953857422,80564,JK Lakshmi Cement Limited
2013-02-21,132.14999389648438,132.89999389648438,129.60000610351562,130.14999389648438,118.50999450683594,226044,JK Lakshmi Cement Limited
2013-02-22,130.35000610351562,131.8000030517578,129.0500030517578,130.1999969482422,118.55552673339844,30373,JK Lakshmi Cement Limited
2013-02-25,130.0,132.39999389648438,129.5,130.0500030517578,118.41893768310548,40727,JK Lakshmi Cement Limited
2013-02-26,129.39999389648438,129.4499969482422,123.1999969482422,125.5999984741211,114.36692810058594,92977,JK Lakshmi Cement Limited
2013-02-27,125.6999969482422,129.5,124.5,125.3499984741211,114.13929748535156,134409,JK Lakshmi Cement Limited
2013-02-28,126.75,133.9499969482422,126.1500015258789,132.0,120.19454956054688,216072,JK Lakshmi Cement Limited
2013-03-01,132.64999389648438,132.64999389648438,124.1999969482422,124.8000030517578,113.63849639892578,161594,JK Lakshmi Cement Limited
2013-03-04,123.8000030517578,126.0,116.0,119.4000015258789,108.72145080566406,410316,JK Lakshmi Cement Limited
2013-03-05,120.0,125.0,119.3000030517578,124.4000015258789,113.27427673339844,173519,JK Lakshmi Cement Limited
2013-03-06,125.6500015258789,128.0,124.0,124.1999969482422,113.0921401977539,54990,JK Lakshmi Cement Limited
2013-03-07,124.3000030517578,125.5999984741211,119.5500030517578,121.8000030517578,110.90679931640624,171163,JK Lakshmi Cement Limited
2013-03-08,122.5,124.8000030517578,121.5500030517578,123.1500015258789,112.13606262207033,70036,JK Lakshmi Cement Limited
2013-03-11,124.0500030517578,124.5,119.8499984741211,120.5999984741211,109.81412506103516,161397,JK Lakshmi Cement Limited
2013-03-12,120.8000030517578,125.0500030517578,120.5999984741211,122.9000015258789,111.9084243774414,76805,JK Lakshmi Cement Limited
2013-03-13,121.9499969482422,123.9000015258789,120.0999984741211,120.5999984741211,109.81412506103516,132498,JK Lakshmi Cement Limited
2013-03-14,120.9499969482422,121.4000015258789,117.5,119.9499969482422,109.22223663330078,93420,JK Lakshmi Cement Limited
2013-03-15,118.0,121.9000015258789,116.3000030517578,119.8000030517578,109.08566284179688,106264,JK Lakshmi Cement Limited
2013-03-18,119.8000030517578,122.1999969482422,116.6500015258789,119.1999969482422,108.53932189941406,120462,JK Lakshmi Cement Limited
2013-03-19,120.4499969482422,121.6999969482422,116.75,116.9499969482422,106.49053955078124,147486,JK Lakshmi Cement Limited
2013-03-20,116.9499969482422,116.9499969482422,110.25,110.75,100.84506225585938,224982,JK Lakshmi Cement Limited
2013-03-21,110.0,111.0,101.3499984741211,104.0,94.69873809814452,392555,JK Lakshmi Cement Limited
2013-03-22,104.0,104.9000015258789,97.5,99.4499969482422,90.5556640625,159995,JK Lakshmi Cement Limited
2013-03-25,103.9000015258789,103.9000015258789,99.5,100.3499984741211,91.37517547607422,151111,JK Lakshmi Cement Limited
2013-03-26,100.0500030517578,100.0500030517578,96.3000030517578,97.0500030517578,88.37030792236328,80656,JK Lakshmi Cement Limited
2013-03-28,97.0999984741211,99.25,95.25,97.0,88.32479095458984,100511,JK Lakshmi Cement Limited
2013-04-01,102.0,104.8000030517578,100.5999984741211,101.1500015258789,92.1036376953125,110200,JK Lakshmi Cement Limited
2013-04-02,98.0,102.9000015258789,98.0,101.1500015258789,92.1036376953125,195536,JK Lakshmi Cement Limited
2013-04-03,100.5,103.0,97.5500030517578,98.6999969482422,89.87273406982422,115857,JK Lakshmi Cement Limited
2013-04-04,98.75,98.75,93.0999984741211,95.25,86.7313003540039,156436,JK Lakshmi Cement Limited
2013-04-05,93.0,95.5,89.6500015258789,91.1500015258789,82.99797821044922,793954,JK Lakshmi Cement Limited
2013-04-08,91.0,94.1500015258789,89.0,91.6999969482422,83.4988021850586,244986,JK Lakshmi Cement Limited
2013-04-09,93.0,96.9000015258789,89.3499984741211,90.8000030517578,82.67927551269531,316216,JK Lakshmi Cement Limited
2013-04-10,91.0,91.5500030517578,86.25,89.25,81.26790618896484,422644,JK Lakshmi Cement Limited
2013-04-11,89.94999694824219,90.6500015258789,87.5,88.30000305175781,80.40286254882812,201687,JK Lakshmi Cement Limited
2013-04-12,88.0,90.0,87.0,88.94999694824219,80.99474334716797,133674,JK Lakshmi Cement Limited
2013-04-15,89.0999984741211,89.69999694824219,87.5,88.80000305175781,80.85814666748047,183447,JK Lakshmi Cement Limited
2013-04-16,88.0999984741211,89.9000015258789,87.75,88.55000305175781,80.6305160522461,155794,JK Lakshmi Cement Limited
2013-04-17,89.0,92.5,88.5999984741211,91.8000030517578,83.58985137939453,149377,JK Lakshmi Cement Limited
2013-04-18,91.9499969482422,92.1500015258789,89.25,90.0999984741211,82.04188537597656,87882,JK Lakshmi Cement Limited
2013-04-22,92.8000030517578,92.8000030517578,90.1999969482422,92.3499984741211,84.09066009521484,285402,JK Lakshmi Cement Limited
2013-04-23,91.5500030517578,92.25,89.6500015258789,90.1999969482422,82.13294219970703,53836,JK Lakshmi Cement Limited
2013-04-25,90.9000015258789,97.3000030517578,90.0,94.5,86.04838562011719,301924,JK Lakshmi Cement Limited
2013-04-26,96.5,98.0,94.5999984741211,96.5,87.8695068359375,168938,JK Lakshmi Cement Limited
2013-04-29,99.5,99.5,95.1500015258789,97.9499969482422,89.18982696533203,112897,JK Lakshmi Cement Limited
2013-04-30,98.0,99.25,96.8000030517578,97.5500030517578,88.82559967041016,187276,JK Lakshmi Cement Limited
2013-05-02,97.3499984741211,98.9000015258789,96.4000015258789,96.6500015258789,88.00609588623047,132800,JK Lakshmi Cement Limited
2013-05-03,97.9499969482422,97.9499969482422,95.75,96.0,87.41422271728516,70123,JK Lakshmi Cement Limited
2013-05-06,97.0,104.0,96.6500015258789,102.3000030517578,93.15079498291016,135881,JK Lakshmi Cement Limited
2013-05-07,103.0500030517578,106.1999969482422,98.3000030517578,104.25,94.9263687133789,205282,JK Lakshmi Cement Limited
2013-05-08,103.0,110.75,103.0,109.25,99.47920989990234,250346,JK Lakshmi Cement Limited
2013-05-09,110.0,113.5,109.5,110.9000015258789,100.98163604736328,188088,JK Lakshmi Cement Limited
2013-05-10,107.4000015258789,111.6999969482422,107.4000015258789,108.5500030517578,98.8418197631836,72914,JK Lakshmi Cement Limited
2013-05-13,103.9499969482422,107.9000015258789,100.5999984741211,101.3000030517578,92.24022674560548,95604,JK Lakshmi Cement Limited
2013-05-14,101.0,102.9000015258789,98.0500030517578,100.3499984741211,91.37517547607422,73373,JK Lakshmi Cement Limited
2013-05-15,100.8499984741211,103.0,100.4499969482422,101.8499984741211,92.74102783203124,63423,JK Lakshmi Cement Limited
2013-05-16,101.5500030517578,104.25,99.0999984741211,99.5,90.60120391845705,65732,JK Lakshmi Cement Limited
2013-05-17,99.9499969482422,102.5,98.3499984741211,99.9000015258789,90.9654312133789,72698,JK Lakshmi Cement Limited
2013-05-20,99.3000030517578,111.4499969482422,99.3000030517578,104.9499969482422,95.56377410888672,333317,JK Lakshmi Cement Limited
2013-05-21,103.1500015258789,105.9499969482422,102.4000015258789,102.9000015258789,93.69712829589844,60013,JK Lakshmi Cement Limited
2013-05-22,103.0,105.5,100.0,100.5,91.51177215576172,55553,JK Lakshmi Cement Limited
2013-05-23,100.5,101.0,96.4000015258789,97.4000015258789,88.68902587890625,63314,JK Lakshmi Cement Limited
2013-05-24,98.5999984741211,101.9000015258789,96.8000030517578,100.75,91.73939514160156,42295,JK Lakshmi Cement Limited
2013-05-27,101.75,103.4000015258789,101.0,102.4000015258789,93.24183654785156,46797,JK Lakshmi Cement Limited
2013-05-28,102.8499984741211,106.0,101.5,105.0,95.60930633544922,104425,JK Lakshmi Cement Limited
2013-05-29,105.6999969482422,106.0,103.0500030517578,105.1999969482422,95.79141235351562,66272,JK Lakshmi Cement Limited
2013-05-30,106.0,118.8000030517578,102.6999969482422,113.9000015258789,103.7133331298828,286393,JK Lakshmi Cement Limited
2013-05-31,114.0999984741211,115.0,105.5999984741211,107.25,97.65808868408205,274033,JK Lakshmi Cement Limited
2013-06-03,105.0,109.5999984741211,105.0,108.9499969482422,99.20603942871094,75767,JK Lakshmi Cement Limited
2013-06-04,107.5,109.5999984741211,105.0999984741211,106.6500015258789,97.11174774169922,74828,JK Lakshmi Cement Limited
2013-06-05,106.4000015258789,106.5999984741211,101.25,102.3499984741211,93.1963119506836,84376,JK Lakshmi Cement Limited
2013-06-06,99.6500015258789,105.5,99.6500015258789,104.0,94.69873809814452,62461,JK Lakshmi Cement Limited
2013-06-07,104.0,108.8499984741211,104.0,108.0999984741211,98.43205261230467,101757,JK Lakshmi Cement Limited
2013-06-10,108.8499984741211,117.0,108.8499984741211,116.0999984741211,105.7165756225586,327695,JK Lakshmi Cement Limited
2013-06-11,116.9499969482422,117.6999969482422,112.25,114.6500015258789,104.39625549316406,344717,JK Lakshmi Cement Limited
2013-06-12,114.5,114.5,108.1999969482422,109.5999984741211,99.7978973388672,106088,JK Lakshmi Cement Limited
2013-06-13,106.4000015258789,108.25,104.0999984741211,106.0500030517578,96.5654067993164,50125,JK Lakshmi Cement Limited
2013-06-14,105.25,108.5,105.25,106.4499969482422,96.92963409423828,44911,JK Lakshmi Cement Limited
2013-06-17,106.9499969482422,106.9499969482422,105.0,106.4000015258789,96.88408660888672,25440,JK Lakshmi Cement Limited
2013-06-18,106.3000030517578,113.0,106.3000030517578,109.0,99.25157165527344,109384,JK Lakshmi Cement Limited
2013-06-19,107.0,112.25,107.0,111.5999984741211,101.61903381347656,178210,JK Lakshmi Cement Limited
2013-06-20,110.0,112.0,108.3000030517578,110.0999984741211,100.25318908691406,221350,JK Lakshmi Cement Limited
2013-06-21,108.9000015258789,112.5500030517578,106.75,110.8000030517578,100.89059448242188,409914,JK Lakshmi Cement Limited
2013-06-24,110.0,111.3000030517578,104.25,105.8499984741211,96.38328552246094,302097,JK Lakshmi Cement Limited
2013-06-25,106.0,107.4499969482422,103.5,104.3000030517578,94.97190856933594,119236,JK Lakshmi Cement Limited
2013-06-26,104.0,108.9499969482422,103.5,105.6500015258789,96.20117950439452,97207,JK Lakshmi Cement Limited
2013-06-27,105.0,106.9499969482422,99.1999969482422,99.8499984741211,90.91989135742188,131776,JK Lakshmi Cement Limited
2013-06-28,101.1999969482422,102.75,95.5,96.75,88.09715270996094,244899,JK Lakshmi Cement Limited
2013-07-01,96.3000030517578,100.0,96.3000030517578,98.8000030517578,89.96380615234375,69755,JK Lakshmi Cement Limited
2013-07-02,98.8000030517578,101.5,97.25,98.0,89.2353515625,90725,JK Lakshmi Cement Limited
2013-07-03,97.0,97.5,93.5,93.9000015258789,85.50204467773438,63064,JK Lakshmi Cement Limited
2013-07-04,93.25,96.0,92.5,92.8499984741211,84.54594421386719,63036,JK Lakshmi Cement Limited
2013-07-05,94.9000015258789,95.3000030517578,89.0999984741211,93.0500030517578,84.72806549072266,197662,JK Lakshmi Cement Limited
2013-07-08,94.0,94.0,90.0999984741211,90.4000015258789,82.31507110595703,97623,JK Lakshmi Cement Limited
2013-07-09,91.5,92.0,88.5,88.69999694824219,80.76709747314453,143749,JK Lakshmi Cement Limited
2013-07-10,89.05000305175781,89.30000305175781,86.05000305175781,86.3499984741211,78.62726593017578,83002,JK Lakshmi Cement Limited
2013-07-11,87.5,87.8499984741211,84.75,85.55000305175781,77.8988265991211,104184,JK Lakshmi Cement Limited
2013-07-12,87.3499984741211,87.3499984741211,82.6500015258789,83.44999694824219,75.98662567138672,73601,JK Lakshmi Cement Limited
2013-07-15,85.0,85.0,82.75,83.0,75.57686614990234,65263,JK Lakshmi Cement Limited
2013-07-16,83.0,83.0,79.0999984741211,79.75,72.6175308227539,70871,JK Lakshmi Cement Limited
2013-07-17,80.0,80.0,75.5999984741211,75.80000305175781,69.02081298828125,92516,JK Lakshmi Cement Limited
2013-07-18,76.8499984741211,80.80000305175781,75.5,77.94999694824219,70.97853088378906,124075,JK Lakshmi Cement Limited
2013-07-19,78.0,78.9000015258789,75.75,76.30000305175781,69.47608947753906,64806,JK Lakshmi Cement Limited
2013-07-22,76.0,78.0,74.0,75.80000305175781,69.02081298828125,63845,JK Lakshmi Cement Limited
2013-07-23,76.55000305175781,77.0,75.19999694824219,75.55000305175781,68.79317474365234,50137,JK Lakshmi Cement Limited
2013-07-24,77.9000015258789,77.9000015258789,73.80000305175781,74.1500015258789,67.51838684082031,54783,JK Lakshmi Cement Limited
2013-07-25,72.8499984741211,73.5,70.0999984741211,70.8499984741211,66.7645034790039,73077,JK Lakshmi Cement Limited
2013-07-26,70.5,73.3499984741211,70.5,71.1500015258789,67.04721069335938,72993,JK Lakshmi Cement Limited
2013-07-29,66.0999984741211,69.75,64.6500015258789,67.94999694824219,64.03172302246094,240544,JK Lakshmi Cement Limited
2013-07-30,65.5999984741211,67.9000015258789,65.44999694824219,65.69999694824219,61.91147613525391,115124,JK Lakshmi Cement Limited
2013-07-31,65.0,65.4000015258789,59.5,60.70000076293945,57.199798583984375,378666,JK Lakshmi Cement Limited
2013-08-01,59.95000076293945,63.95000076293945,53.650001525878906,57.20000076293945,53.90163040161133,147154,JK Lakshmi Cement Limited
2013-08-02,55.20000076293945,58.0,55.20000076293945,55.84999847412109,52.62947082519531,71188,JK Lakshmi Cement Limited
2013-08-05,55.04999923706055,57.45000076293945,53.0,55.04999923706055,51.87560272216797,119143,JK Lakshmi Cement Limited
2013-08-06,55.0,55.04999923706055,50.650001525878906,53.70000076293945,50.60345077514648,192090,JK Lakshmi Cement Limited
2013-08-07,54.0,55.29999923706055,49.150001525878906,54.70000076293945,51.54578399658203,231431,JK Lakshmi Cement Limited
2013-08-08,56.150001525878906,58.400001525878906,51.0,56.400001525878906,53.14775848388672,181290,JK Lakshmi Cement Limited
2013-08-12,57.79999923706055,64.5,56.5,62.400001525878906,58.80177688598633,435758,JK Lakshmi Cement Limited
2013-08-13,62.5,65.94999694824219,61.70000076293945,63.84999847412109,60.168155670166016,128524,JK Lakshmi Cement Limited
2013-08-14,64.0,68.5999984741211,63.5,65.94999694824219,62.14706802368164,348287,JK Lakshmi Cement Limited
2013-08-16,67.0,69.0,62.20000076293945,64.9000015258789,61.157623291015625,494453,JK Lakshmi Cement Limited
2013-08-19,65.0,65.0,61.0,62.09999847412109,58.5190658569336,49898,JK Lakshmi Cement Limited
2013-08-20,62.5,62.5,60.0,61.09999847412109,57.57672882080078,81728,JK Lakshmi Cement Limited
2013-08-21,64.4000015258789,64.4000015258789,61.0,61.900001525878906,58.33060836791992,110165,JK Lakshmi Cement Limited
2013-08-22,65.80000305175781,65.80000305175781,59.20000076293945,59.95000076293945,56.49304962158203,66271,JK Lakshmi Cement Limited
2013-08-23,60.09999847412109,60.70000076293945,58.650001525878906,59.650001525878906,56.21035003662109,77766,JK Lakshmi Cement Limited
2013-08-26,61.5,61.5,59.70000076293945,60.400001525878906,56.91709899902344,45657,JK Lakshmi Cement Limited
2013-08-27,60.0,60.0,57.400001525878906,57.84999847412109,54.51414489746094,56670,JK Lakshmi Cement Limited
2013-08-28,57.79999923706055,57.79999923706055,55.0,56.150001525878906,52.91217041015625,62286,JK Lakshmi Cement Limited
2013-08-29,55.75,58.900001525878906,54.5,55.25,52.06406021118164,122854,JK Lakshmi Cement Limited
2013-08-30,55.5,56.95000076293945,55.0,56.650001525878906,53.38335418701172,54973,JK Lakshmi Cement Limited
2013-09-02,58.0,61.0,58.0,58.70000076293945,55.315128326416016,215158,JK Lakshmi Cement Limited
2013-09-03,59.0,59.79999923706055,57.04999923706055,57.29999923706055,53.99585723876953,54163,JK Lakshmi Cement Limited
2013-09-04,56.0,58.45000076293945,56.0,58.0,54.655494689941406,41271,JK Lakshmi Cement Limited
2013-09-05,58.0,60.0,57.54999923706055,58.150001525878906,54.79684066772461,71580,JK Lakshmi Cement Limited
2013-09-06,59.09999847412109,60.5,57.09999847412109,57.59999847412109,54.2785530090332,79892,JK Lakshmi Cement Limited
2013-09-10,58.5,59.95000076293945,58.20000076293945,59.150001525878906,55.73918914794922,170290,JK Lakshmi Cement Limited
2013-09-11,58.54999923706055,60.34999847412109,58.34999847412109,58.900001525878906,55.50360107421875,217971,JK Lakshmi Cement Limited
2013-09-12,59.84999847412109,66.8499984741211,59.54999923706055,64.19999694824219,60.49797058105469,512007,JK Lakshmi Cement Limited
2013-09-13,65.4000015258789,71.8499984741211,64.19999694824219,70.5999984741211,66.52892303466797,706956,JK Lakshmi Cement Limited
2013-09-16,71.0,71.9000015258789,66.05000305175781,68.0,64.07884979248047,213583,JK Lakshmi Cement Limited
2013-09-17,68.5,70.19999694824219,66.4000015258789,69.80000305175781,65.77505493164062,116354,JK Lakshmi Cement Limited
2013-09-18,70.9000015258789,71.94999694824219,67.6500015258789,68.80000305175781,64.83271789550781,145214,JK Lakshmi Cement Limited
2013-09-19,71.0,73.3499984741211,69.1500015258789,71.44999694824219,67.32990264892578,314432,JK Lakshmi Cement Limited
2013-09-20,72.0,72.30000305175781,69.25,71.0,66.90585327148438,271750,JK Lakshmi Cement Limited
2013-09-23,70.9000015258789,72.44999694824219,69.05000305175781,69.55000305175781,65.53947448730469,116345,JK Lakshmi Cement Limited
2013-09-24,69.5,74.44999694824219,69.0,72.94999694824219,68.74341583251953,289251,JK Lakshmi Cement Limited
2013-09-25,73.5,74.5999984741211,69.5,69.94999694824219,65.91641235351562,361691,JK Lakshmi Cement Limited
2013-09-26,70.0,72.75,70.0,72.19999694824219,68.03665161132812,299662,JK Lakshmi Cement Limited
2013-09-27,73.0,73.80000305175781,70.25,70.75,66.67028045654297,271430,JK Lakshmi Cement Limited
2013-09-30,70.44999694824219,71.80000305175781,68.5,71.0,66.90585327148438,418183,JK Lakshmi Cement Limited
2013-10-01,70.55000305175781,71.80000305175781,70.30000305175781,70.69999694824219,66.62316131591797,72977,JK Lakshmi Cement Limited
2013-10-03,71.4000015258789,72.80000305175781,70.5,72.44999694824219,68.27224731445312,359375,JK Lakshmi Cement Limited
2013-10-04,72.0,72.8499984741211,70.69999694824219,71.0999984741211,67.00009155273438,84636,JK Lakshmi Cement Limited
2013-10-07,72.0,72.0,70.25,71.5,67.37702941894531,119565,JK Lakshmi Cement Limited
2013-10-08,72.0,72.5999984741211,70.8499984741211,72.0,67.84820556640625,199145,JK Lakshmi Cement Limited
2013-10-09,71.05000305175781,75.25,71.05000305175781,74.0999984741211,69.82711029052734,378965,JK Lakshmi Cement Limited
2013-10-10,74.75,75.5,74.0,74.55000305175781,70.25116729736328,218824,JK Lakshmi Cement Limited
2013-10-11,76.5999984741211,78.4000015258789,74.1500015258789,78.0,73.50221252441406,392132,JK Lakshmi Cement Limited
2013-10-14,79.0,80.9000015258789,78.25,78.8499984741211,74.3031997680664,407499,JK Lakshmi Cement Limited
2013-10-15,79.5,80.4000015258789,75.25,78.25,73.73780059814453,391819,JK Lakshmi Cement Limited
2013-10-17,78.44999694824219,79.75,74.05000305175781,74.44999694824219,70.15692138671875,141609,JK Lakshmi Cement Limited
2013-10-18,74.9000015258789,75.4000015258789,73.0999984741211,73.55000305175781,69.30883026123047,109099,JK Lakshmi Cement Limited
2013-10-21,72.4000015258789,73.4000015258789,69.25,70.30000305175781,66.24622344970703,478971,JK Lakshmi Cement Limited
2013-10-22,68.80000305175781,69.0,67.0,68.25,64.31443786621094,408427,JK Lakshmi Cement Limited
2013-10-23,68.25,69.30000305175781,67.5999984741211,68.0999984741211,64.17308044433594,138336,JK Lakshmi Cement Limited
2013-10-24,73.5999984741211,73.5999984741211,67.05000305175781,67.55000305175781,63.65481185913086,303240,JK Lakshmi Cement Limited
2013-10-25,69.5,69.5,67.5999984741211,68.44999694824219,64.5029067993164,200676,JK Lakshmi Cement Limited
2013-10-28,68.0,69.5,67.0,67.19999694824219,63.324974060058594,66824,JK Lakshmi Cement Limited
2013-10-29,67.19999694824219,68.25,66.0,67.69999694824219,63.796146392822266,78907,JK Lakshmi Cement Limited
2013-10-30,66.5,68.4000015258789,66.5,67.55000305175781,63.65481185913086,55347,JK Lakshmi Cement Limited
2013-10-31,68.0,68.44999694824219,67.0,67.75,63.84327697753906,58654,JK Lakshmi Cement Limited
2013-11-01,67.5,70.0,67.0999984741211,68.0999984741211,64.17308044433594,139360,JK Lakshmi Cement Limited
2013-11-05,68.05000305175781,72.4000015258789,67.6500015258789,70.69999694824219,66.62316131591797,294661,JK Lakshmi Cement Limited
2013-11-06,70.4000015258789,72.5,69.5,69.94999694824219,65.91641235351562,156213,JK Lakshmi Cement Limited
2013-11-07,69.55000305175781,71.5,69.1500015258789,69.55000305175781,65.53947448730469,82617,JK Lakshmi Cement Limited
2013-11-08,70.25,70.4000015258789,67.5,68.30000305175781,64.36155700683594,108111,JK Lakshmi Cement Limited
2013-11-11,67.3499984741211,70.69999694824219,67.3499984741211,70.0999984741211,66.05774688720703,206076,JK Lakshmi Cement Limited
2013-11-12,70.0,70.4000015258789,68.5,68.69999694824219,64.73849487304688,105877,JK Lakshmi Cement Limited
2013-11-13,68.69999694824219,71.94999694824219,67.75,68.19999694824219,64.26730346679688,174257,JK Lakshmi Cement Limited
2013-11-14,69.30000305175781,69.30000305175781,68.05000305175781,68.4000015258789,64.4557876586914,21564,JK Lakshmi Cement Limited
2013-11-18,67.9000015258789,69.5,67.9000015258789,68.3499984741211,64.40868377685547,46738,JK Lakshmi Cement Limited
2013-11-19,68.4000015258789,69.5,68.0999984741211,69.1500015258789,65.16254425048828,108351,JK Lakshmi Cement Limited
2013-11-20,69.19999694824219,70.5999984741211,69.19999694824219,69.44999694824219,65.44525146484375,84218,JK Lakshmi Cement Limited
2013-11-21,69.5,71.6500015258789,67.69999694824219,68.25,64.31443786621094,166203,JK Lakshmi Cement Limited
2013-11-22,68.5,69.8499984741211,68.25,68.55000305175781,64.5971450805664,49422,JK Lakshmi Cement Limited
2013-11-25,71.0,71.0,62.25,67.80000305175781,63.89037704467773,74111,JK Lakshmi Cement Limited
2013-11-26,68.1500015258789,68.9000015258789,66.55000305175781,67.69999694824219,63.796146392822266,26809,JK Lakshmi Cement Limited
2013-11-27,68.0999984741211,68.5,66.75,67.0999984741211,63.230751037597656,85791,JK Lakshmi Cement Limited
2013-11-28,68.5999984741211,69.30000305175781,67.3499984741211,68.80000305175781,64.83271789550781,56251,JK Lakshmi Cement Limited
2013-11-29,68.80000305175781,71.0,68.80000305175781,70.0999984741211,66.05774688720703,114574,JK Lakshmi Cement Limited
2013-12-02,69.5999984741211,71.9000015258789,69.5999984741211,70.9000015258789,66.81163024902344,86736,JK Lakshmi Cement Limited
2013-12-03,70.5,71.1500015258789,69.80000305175781,70.8499984741211,66.7645034790039,64968,JK Lakshmi Cement Limited
2013-12-04,70.0,71.5999984741211,70.0,70.19999694824219,66.15199279785156,64221,JK Lakshmi Cement Limited
2013-12-05,69.25,71.4000015258789,68.75,69.5,65.49235534667969,72507,JK Lakshmi Cement Limited
2013-12-06,70.0,71.5,70.0,70.94999694824219,66.85875701904297,99054,JK Lakshmi Cement Limited
2013-12-09,71.5,80.69999694824219,71.5,78.69999694824219,74.16184997558594,1494708,JK Lakshmi Cement Limited
2013-12-10,79.3499984741211,82.5999984741211,78.80000305175781,79.5999984741211,75.00996398925781,1386729,JK Lakshmi Cement Limited
2013-12-11,79.0999984741211,80.30000305175781,76.0,77.19999694824219,72.74835205078125,374968,JK Lakshmi Cement Limited
2013-12-12,77.0,77.0,74.5999984741211,75.0999984741211,70.76944732666016,577574,JK Lakshmi Cement Limited
2013-12-13,74.94999694824219,79.5,74.0999984741211,74.55000305175781,70.25116729736328,216867,JK Lakshmi Cement Limited
2013-12-16,73.19999694824219,75.80000305175781,73.0,73.69999694824219,69.45016479492188,124012,JK Lakshmi Cement Limited
2013-12-17,74.3499984741211,74.75,71.80000305175781,72.9000015258789,68.69629669189453,123821,JK Lakshmi Cement Limited
2013-12-18,73.94999694824219,75.4000015258789,72.0999984741211,73.94999694824219,69.68575286865234,497631,JK Lakshmi Cement Limited
2013-12-19,73.30000305175781,74.69999694824219,72.4000015258789,72.6500015258789,68.46073150634766,84498,JK Lakshmi Cement Limited
2013-12-20,72.05000305175781,77.0,72.05000305175781,74.0,69.73286437988281,249748,JK Lakshmi Cement Limited
2013-12-23,74.69999694824219,77.25,74.3499984741211,74.75,70.43962097167969,283298,JK Lakshmi Cement Limited
2013-12-24,75.3499984741211,80.30000305175781,74.75,79.4000015258789,74.82148742675781,516765,JK Lakshmi Cement Limited
2013-12-26,80.0,83.5,80.0,80.4000015258789,75.7638168334961,831727,JK Lakshmi Cement Limited
2013-12-27,81.0,81.4000015258789,78.5999984741211,79.25,74.68013000488281,114833,JK Lakshmi Cement Limited
2013-12-30,80.19999694824219,81.0,77.69999694824219,79.55000305175781,74.96282958984375,191378,JK Lakshmi Cement Limited
2013-12-31,80.5,81.0,79.0,79.25,74.68013000488281,65924,JK Lakshmi Cement Limited
2014-01-01,79.94999694824219,86.30000305175781,79.94999694824219,85.4000015258789,80.47550201416016,1018553,JK Lakshmi Cement Limited
2014-01-02,86.3499984741211,87.5,83.19999694824219,84.25,79.39179992675781,411510,JK Lakshmi Cement Limited
2014-01-03,82.19999694824219,84.1500015258789,80.05000305175781,83.1500015258789,78.3552474975586,174420,JK Lakshmi Cement Limited
2014-01-06,83.5,84.0,81.05000305175781,81.5,76.80038452148438,187958,JK Lakshmi Cement Limited
2014-01-07,81.5,82.5,79.0999984741211,80.30000305175781,75.6695785522461,132494,JK Lakshmi Cement Limited
2014-01-08,80.1500015258789,80.9000015258789,78.1500015258789,78.44999694824219,73.92626190185547,121576,JK Lakshmi Cement Limited
2014-01-09,79.0,80.19999694824219,76.25,77.44999694824219,72.98391723632812,71343,JK Lakshmi Cement Limited
2014-01-10,77.5,78.19999694824219,76.4000015258789,76.69999694824219,72.27716827392578,109948,JK Lakshmi Cement Limited
2014-01-13,76.0,78.0,75.5,76.5999984741211,72.18295288085938,101027,JK Lakshmi Cement Limited
2014-01-14,76.05000305175781,79.19999694824219,76.05000305175781,77.5,73.03105926513672,286378,JK Lakshmi Cement Limited
2014-01-15,77.0,77.9000015258789,76.1500015258789,76.25,71.85314178466797,73806,JK Lakshmi Cement Limited
2014-01-16,75.44999694824219,78.0,75.44999694824219,76.19999694824219,71.80601501464844,91621,JK Lakshmi Cement Limited
2014-01-17,78.0,78.8499984741211,76.19999694824219,76.55000305175781,72.13582611083984,166862,JK Lakshmi Cement Limited
2014-01-20,75.44999694824219,77.0,74.55000305175781,74.69999694824219,70.39250183105469,107662,JK Lakshmi Cement Limited
2014-01-21,74.30000305175781,75.30000305175781,74.0999984741211,74.5999984741211,70.29827117919922,58537,JK Lakshmi Cement Limited
2014-01-22,75.0,75.1500015258789,73.80000305175781,74.44999694824219,70.15692138671875,72558,JK Lakshmi Cement Limited
2014-01-23,74.3499984741211,75.30000305175781,72.75,72.94999694824219,68.74341583251953,99541,JK Lakshmi Cement Limited
2014-01-24,72.80000305175781,73.5999984741211,71.5,71.80000305175781,67.65974426269531,101331,JK Lakshmi Cement Limited
2014-01-27,71.80000305175781,71.80000305175781,67.05000305175781,67.5999984741211,63.7019157409668,99349,JK Lakshmi Cement Limited
2014-01-28,67.5999984741211,68.6500015258789,66.80000305175781,67.4000015258789,63.51345443725586,49903,JK Lakshmi Cement Limited
2014-01-29,67.44999694824219,68.30000305175781,66.05000305175781,66.4000015258789,62.57112503051758,68079,JK Lakshmi Cement Limited
2014-01-30,65.05000305175781,67.4000015258789,63.5,66.3499984741211,62.52398681640625,76148,JK Lakshmi Cement Limited
2014-01-31,66.0,68.0,64.1500015258789,66.4000015258789,62.57112503051758,77233,JK Lakshmi Cement Limited
2014-02-03,66.4000015258789,67.0,65.1500015258789,65.55000305175781,61.7701301574707,40540,JK Lakshmi Cement Limited
2014-02-04,65.0,67.80000305175781,64.0999984741211,66.9000015258789,63.04228591918945,64035,JK Lakshmi Cement Limited
2014-02-05,66.55000305175781,67.30000305175781,66.0,66.30000305175781,62.47688674926758,45394,JK Lakshmi Cement Limited
2014-02-06,66.30000305175781,67.5,64.55000305175781,64.9000015258789,61.157623291015625,83564,JK Lakshmi Cement Limited
2014-02-07,65.94999694824219,66.94999694824219,65.05000305175781,66.0,62.19417953491211,97442,JK Lakshmi Cement Limited
2014-02-10,66.9000015258789,70.0,66.0,69.05000305175781,65.06830596923828,165581,JK Lakshmi Cement Limited
2014-02-11,68.5,70.25,68.0,68.30000305175781,64.36155700683594,60048,JK Lakshmi Cement Limited
2014-02-12,69.0,69.5999984741211,68.30000305175781,69.30000305175781,65.30388641357422,48356,JK Lakshmi Cement Limited
2014-02-13,69.05000305175781,69.55000305175781,67.1500015258789,68.0,64.07884979248047,39149,JK Lakshmi Cement Limited
2014-02-14,69.0,69.0,65.0999984741211,68.5,64.55003356933594,38673,JK Lakshmi Cement Limited
2014-02-17,69.0,69.5999984741211,66.30000305175781,67.1500015258789,63.27786636352539,45919,JK Lakshmi Cement Limited
2014-02-18,67.05000305175781,70.69999694824219,67.05000305175781,70.05000305175781,66.0106430053711,249146,JK Lakshmi Cement Limited
2014-02-19,70.05000305175781,75.75,69.5,74.25,69.96844482421875,736336,JK Lakshmi Cement Limited
2014-02-20,73.0,74.80000305175781,72.5999984741211,73.05000305175781,68.83765411376953,233100,JK Lakshmi Cement Limited
2014-02-21,73.0,76.19999694824219,73.0,75.80000305175781,71.4290771484375,324550,JK Lakshmi Cement Limited
2014-02-24,75.80000305175781,76.5,74.25,76.0999984741211,71.7117691040039,156855,JK Lakshmi Cement Limited
2014-02-25,75.6500015258789,78.5999984741211,74.8499984741211,77.75,73.26663970947266,205388,JK Lakshmi Cement Limited
2014-02-26,78.5,79.5,77.1500015258789,78.8499984741211,74.3031997680664,133608,JK Lakshmi Cement Limited
2014-02-28,77.5999984741211,81.19999694824219,77.5999984741211,80.55000305175781,75.90518188476562,167821,JK Lakshmi Cement Limited
2014-03-03,80.9000015258789,82.9000015258789,78.5,79.05000305175781,74.49166107177734,159871,JK Lakshmi Cement Limited
2014-03-04,79.4000015258789,81.5,79.0999984741211,80.94999694824219,76.2821044921875,117921,JK Lakshmi Cement Limited
2014-03-05,82.5999984741211,83.6500015258789,81.0999984741211,83.19999694824219,78.40235900878906,455889,JK Lakshmi Cement Limited
2014-03-06,83.4000015258789,87.44999694824219,83.05000305175781,85.6500015258789,80.71109771728516,536159,JK Lakshmi Cement Limited
2014-03-07,85.9000015258789,92.4000015258789,85.25,91.0999984741211,85.84681701660156,618459,JK Lakshmi Cement Limited
2014-03-10,89.0,95.8000030517578,89.0,93.25,87.87284088134766,722357,JK Lakshmi Cement Limited
2014-03-11,93.25,99.3000030517578,93.25,96.0999984741211,90.5584945678711,449490,JK Lakshmi Cement Limited
2014-03-12,95.0999984741211,97.9499969482422,93.1500015258789,94.0,88.57959747314453,271161,JK Lakshmi Cement Limited
2014-03-13,94.0,96.5,92.25,93.0,87.63726806640625,116152,JK Lakshmi Cement Limited
2014-03-14,92.0,94.4499969482422,89.5,93.6999969482422,88.29688262939453,164505,JK Lakshmi Cement Limited
2014-03-18,93.3000030517578,100.25,93.3000030517578,98.1999969482422,92.53738403320312,784097,JK Lakshmi Cement Limited
2014-03-19,100.0,100.5500030517578,97.0500030517578,97.3499984741211,91.73641967773438,270226,JK Lakshmi Cement Limited
2014-03-20,97.5,98.3499984741211,95.5999984741211,96.1999969482422,90.65272521972656,313413,JK Lakshmi Cement Limited
2014-03-21,97.0,98.4000015258789,95.5500030517578,96.1500015258789,90.6056137084961,105429,JK Lakshmi Cement Limited
2014-03-24,98.0,103.5,96.5,100.3499984741211,94.56342315673828,377000,JK Lakshmi Cement Limited
2014-03-25,100.9000015258789,104.8000030517578,99.25,104.0500030517578,98.05007934570312,321359,JK Lakshmi Cement Limited
2014-03-26,105.1999969482422,109.0,105.1999969482422,108.5,102.24346160888672,510018,JK Lakshmi Cement Limited
2014-03-27,109.0,111.0,106.5500030517578,109.0500030517578,102.76175689697266,282146,JK Lakshmi Cement Limited
2014-03-28,108.75,116.6999969482422,108.1999969482422,113.5,106.95513153076172,399600,JK Lakshmi Cement Limited
2014-03-31,114.5,116.75,106.3499984741211,111.6999969482422,105.25894165039062,844693,JK Lakshmi Cement Limited
2014-04-01,114.1999969482422,119.9000015258789,110.6999969482422,115.9000015258789,109.21675872802734,395959,JK Lakshmi Cement Limited
2014-04-02,116.4499969482422,121.9499969482422,116.0,120.0500030517578,113.12744140625,708143,JK Lakshmi Cement Limited
2014-04-03,121.0,124.9000015258789,119.6500015258789,122.4000015258789,115.34193420410156,385426,JK Lakshmi Cement Limited
2014-04-04,122.0,125.1999969482422,119.5,123.8000030517578,116.66121673583984,547499,JK Lakshmi Cement Limited
2014-04-07,123.5,123.5,118.5500030517578,119.6999969482422,112.7976303100586,297810,JK Lakshmi Cement Limited
2014-04-09,120.0,121.1999969482422,116.0,117.9000015258789,111.10143280029295,499564,JK Lakshmi Cement Limited
2014-04-10,118.9499969482422,123.6999969482422,118.1999969482422,121.75,114.72942352294922,387844,JK Lakshmi Cement Limited
2014-04-11,122.4499969482422,129.89999389648438,121.75,128.9499969482422,121.51423645019533,700248,JK Lakshmi Cement Limited
2014-04-15,129.6999969482422,130.39999389648438,125.0,127.1999969482422,119.86514282226562,364616,JK Lakshmi Cement Limited
2014-04-16,128.35000610351562,128.39999389648438,119.0999984741211,120.25,113.31591033935548,195050,JK Lakshmi Cement Limited
2014-04-17,120.25,125.9000015258789,118.0999984741211,124.6500015258789,117.46218872070312,202987,JK Lakshmi Cement Limited
2014-04-21,125.5500030517578,126.4000015258789,119.8499984741211,122.1999969482422,115.15345764160156,136894,JK Lakshmi Cement Limited
2014-04-22,123.1999969482422,125.9000015258789,121.0,122.9499969482422,115.86021423339844,103860,JK Lakshmi Cement Limited
2014-04-23,121.6999969482422,124.0,121.0,121.5,114.49383544921876,81330,JK Lakshmi Cement Limited
2014-04-24,121.5,121.5,121.5,121.5,114.49383544921876,0,JK Lakshmi Cement Limited
2014-04-25,120.0,122.5,115.5999984741211,117.1999969482422,110.44178771972656,185947,JK Lakshmi Cement Limited
2014-04-28,119.5,119.5,112.5,113.1999969482422,106.67244720458984,136689,JK Lakshmi Cement Limited
2014-04-29,114.0500030517578,119.9000015258789,111.1999969482422,118.0999984741211,111.2898941040039,295108,JK Lakshmi Cement Limited
2014-04-30,118.0999984741211,120.9499969482422,116.6999969482422,118.6500015258789,111.80818176269533,200297,JK Lakshmi Cement Limited
2014-05-02,119.0500030517578,119.5,115.1500015258789,115.8499984741211,109.1696319580078,148205,JK Lakshmi Cement Limited
2014-05-05,117.4000015258789,117.4000015258789,111.25,112.1500015258789,105.6829833984375,111894,JK Lakshmi Cement Limited
2014-05-06,112.75,116.5,112.4000015258789,113.3000030517578,106.76670837402344,59516,JK Lakshmi Cement Limited
2014-05-07,114.3000030517578,115.3000030517578,111.5,114.1999969482422,107.61477661132812,322524,JK Lakshmi Cement Limited
2014-05-08,113.25,116.6999969482422,113.25,115.9000015258789,109.21675872802734,88107,JK Lakshmi Cement Limited
2014-05-09,113.3499984741211,118.5999984741211,113.3499984741211,117.9000015258789,111.10143280029295,135832,JK Lakshmi Cement Limited
2014-05-12,116.6999969482422,125.4499969482422,116.1500015258789,124.4000015258789,117.22662353515624,370886,JK Lakshmi Cement Limited
2014-05-13,125.8000030517578,130.89999389648438,125.4000015258789,127.75,120.3834457397461,425651,JK Lakshmi Cement Limited
2014-05-14,126.5,129.0,125.5500030517578,127.4000015258789,120.05361938476562,173340,JK Lakshmi Cement Limited
2014-05-15,127.0,132.0,124.0,125.4499969482422,118.216064453125,173628,JK Lakshmi Cement Limited
2014-05-16,127.0500030517578,136.6999969482422,127.0500030517578,132.1999969482422,124.57682037353516,698858,JK Lakshmi Cement Limited
2014-05-19,133.5500030517578,158.60000610351562,133.5,158.60000610351562,149.4545135498047,1394737,JK Lakshmi Cement Limited
2014-05-20,167.0,189.8999938964844,163.0,170.39999389648438,160.5740509033203,1416599,JK Lakshmi Cement Limited
2014-05-21,171.60000610351562,181.0,171.0,178.35000610351562,168.06564331054688,948097,JK Lakshmi Cement Limited
2014-05-22,180.0,183.0,171.4499969482422,172.35000610351562,162.41162109375,285132,JK Lakshmi Cement Limited
2014-05-23,188.6000061035156,190.0,176.1999969482422,177.64999389648438,167.40603637695312,648426,JK Lakshmi Cement Limited
2014-05-26,175.0,177.5,168.25,171.39999389648438,161.5164031982422,675051,JK Lakshmi Cement Limited
2014-05-27,176.0,178.0,170.0500030517578,174.6999969482422,164.62611389160156,363923,JK Lakshmi Cement Limited
2014-05-28,173.0,180.10000610351562,173.0,176.5500030517578,166.36944580078125,401321,JK Lakshmi Cement Limited
2014-05-29,178.0,191.8000030517578,173.0,185.8500061035156,175.13314819335938,1252159,JK Lakshmi Cement Limited
2014-05-30,189.5,196.3999938964844,189.5,190.3999938964844,179.42079162597656,419221,JK Lakshmi Cement Limited
2014-06-02,191.8500061035156,194.5,189.3000030517578,191.6000061035156,180.5515899658203,294885,JK Lakshmi Cement Limited
2014-06-03,191.8999938964844,201.8999938964844,189.0,198.9499969482422,187.477767944336,546671,JK Lakshmi Cement Limited
2014-06-04,201.8500061035156,223.8999938964844,201.8500061035156,219.1499938964844,206.5129547119141,939128,JK Lakshmi Cement Limited
2014-06-05,220.6999969482422,226.0,212.0,217.1000061035156,204.5811767578125,490928,JK Lakshmi Cement Limited
2014-06-06,217.8000030517578,228.8000030517578,217.8000030517578,225.8000030517578,212.77951049804688,433584,JK Lakshmi Cement Limited
2014-06-09,226.8000030517578,235.5500030517578,222.1999969482422,231.6499938964844,218.29214477539065,444542,JK Lakshmi Cement Limited
2014-06-10,233.8000030517578,233.8000030517578,219.0,222.0,209.1986083984375,473163,JK Lakshmi Cement Limited
2014-06-11,223.8999938964844,230.0,222.5,229.0,215.79498291015625,314132,JK Lakshmi Cement Limited
2014-06-12,229.5,236.3999938964844,229.0,235.25,221.6845703125,254010,JK Lakshmi Cement Limited
2014-06-13,235.25,242.0,216.3500061035156,232.8500061035156,219.42295837402344,711515,JK Lakshmi Cement Limited
2014-06-16,228.3500061035156,233.0,217.0500030517578,225.3500061035156,212.3554229736328,345037,JK Lakshmi Cement Limited
2014-06-17,226.8999938964844,244.8000030517578,225.0,243.4499969482422,229.4117126464844,459242,JK Lakshmi Cement Limited
2014-06-18,246.3999938964844,248.3000030517578,234.0,238.1000061035156,224.3702087402344,377602,JK Lakshmi Cement Limited
2014-06-19,239.5,244.3999938964844,230.1499938964844,232.8500061035156,219.42295837402344,153904,JK Lakshmi Cement Limited
2014-06-20,229.0,233.1000061035156,218.8000030517578,220.8500061035156,208.1149444580078,249267,JK Lakshmi Cement Limited
2014-06-23,221.8500061035156,222.0,202.3500061035156,208.0500030517578,196.05300903320312,765780,JK Lakshmi Cement Limited
2014-06-24,214.8000030517578,216.0,207.1000061035156,209.6000061035156,197.5136566162109,320328,JK Lakshmi Cement Limited
2014-06-25,210.0,211.75,204.0,206.8500061035156,194.9222106933593,783667,JK Lakshmi Cement Limited
2014-06-26,207.1999969482422,217.5,205.0,213.1999969482422,200.90606689453125,455101,JK Lakshmi Cement Limited
2014-06-27,216.25,219.1499938964844,205.25,210.3000030517578,198.1732940673828,336786,JK Lakshmi Cement Limited
2014-06-30,211.1000061035156,215.3500061035156,211.1000061035156,212.8999938964844,200.6233673095703,129728,JK Lakshmi Cement Limited
2014-07-01,213.0,219.8999938964844,212.1999969482422,217.4499969482422,204.91099548339844,351124,JK Lakshmi Cement Limited
2014-07-02,220.3999938964844,236.8999938964844,218.5,232.6000061035156,219.18736267089844,676622,JK Lakshmi Cement Limited
2014-07-03,233.3000030517578,238.4499969482422,232.1000061035156,233.4499969482422,219.9883728027344,318213,JK Lakshmi Cement Limited
2014-07-04,233.5,237.0,229.0,235.3999938964844,221.825912475586,284389,JK Lakshmi Cement Limited
2014-07-07,237.0,247.0,235.0,242.0500030517578,228.09243774414065,483199,JK Lakshmi Cement Limited
2014-07-08,243.8500061035156,243.8500061035156,225.0,230.0500030517578,216.784423828125,243933,JK Lakshmi Cement Limited
2014-07-09,232.4499969482422,236.0,211.1499938964844,229.1000061035156,215.8892059326172,273429,JK Lakshmi Cement Limited
2014-07-10,227.0,241.5,215.5,230.3500061035156,217.06710815429688,303370,JK Lakshmi Cement Limited
2014-07-11,230.5,235.8999938964844,210.1000061035156,216.4499969482422,203.96864318847656,604758,JK Lakshmi Cement Limited
2014-07-14,213.3500061035156,220.8000030517578,210.4499969482422,216.8500061035156,204.34556579589844,159593,JK Lakshmi Cement Limited
2014-07-15,219.0,224.9499969482422,216.0,218.8500061035156,206.23028564453125,200574,JK Lakshmi Cement Limited
2014-07-16,219.1000061035156,224.5,219.1000061035156,224.0,211.083251953125,232120,JK Lakshmi Cement Limited
2014-07-17,222.1499938964844,226.8999938964844,220.5500030517578,223.1000061035156,210.23521423339844,351682,JK Lakshmi Cement Limited
2014-07-18,223.0,223.5,219.1000061035156,220.75,208.0207061767578,93149,JK Lakshmi Cement Limited
2014-07-21,222.1999969482422,223.6999969482422,220.1000061035156,221.5500030517578,208.77456665039065,333808,JK Lakshmi Cement Limited
2014-07-22,221.6000061035156,223.4499969482422,219.4499969482422,221.3500061035156,208.5861053466797,163632,JK Lakshmi Cement Limited
2014-07-23,222.5,224.25,220.0,223.1999969482422,210.32940673828125,173313,JK Lakshmi Cement Limited
2014-07-24,223.0,224.8500061035156,220.4499969482422,224.1000061035156,211.1775360107422,154942,JK Lakshmi Cement Limited
2014-07-25,222.0,226.3500061035156,217.1000061035156,220.8999938964844,208.1620635986328,301164,JK Lakshmi Cement Limited
2014-07-28,231.0,248.75,227.1999969482422,245.9499969482422,231.7675628662109,1666796,JK Lakshmi Cement Limited
2014-07-30,250.0,259.5,246.0,251.1499938964844,236.66769409179688,1270568,JK Lakshmi Cement Limited
2014-07-31,257.95001220703125,257.95001220703125,245.0500030517578,246.5,232.2858428955078,317875,JK Lakshmi Cement Limited
2014-08-01,243.1000061035156,275.5,241.0,267.45001220703125,252.0277862548828,2152455,JK Lakshmi Cement Limited
2014-08-04,269.0,271.5,260.29998779296875,269.8500061035156,254.2893524169922,520252,JK Lakshmi Cement Limited
2014-08-05,271.79998779296875,279.75,268.6499938964844,276.3500061035156,260.41461181640625,802480,JK Lakshmi Cement Limited
2014-08-06,276.0,290.3999938964844,275.25,282.04998779296875,265.78594970703125,1144614,JK Lakshmi Cement Limited
2014-08-07,282.6499938964844,284.5,267.0,269.1499938964844,253.62974548339844,440551,JK Lakshmi Cement Limited
2014-08-08,266.8999938964844,266.8999938964844,257.0,260.25,245.2429962158203,246981,JK Lakshmi Cement Limited
2014-08-11,264.45001220703125,272.3500061035156,263.54998779296875,266.3999938964844,251.0383453369141,303197,JK Lakshmi Cement Limited
2014-08-12,268.3999938964844,278.6499938964844,267.0,275.45001220703125,259.5665283203125,525228,JK Lakshmi Cement Limited
2014-08-13,276.79998779296875,284.70001220703125,259.0,267.5,252.0749053955078,902592,JK Lakshmi Cement Limited
2014-08-14,265.54998779296875,273.0,265.54998779296875,269.20001220703125,253.6769256591797,217839,JK Lakshmi Cement Limited
2014-08-18,271.45001220703125,278.75,267.1000061035156,277.20001220703125,261.2155456542969,270782,JK Lakshmi Cement Limited
2014-08-19,276.0,296.5,276.0,293.5,276.5755920410156,883554,JK Lakshmi Cement Limited
2014-08-20,294.95001220703125,301.95001220703125,280.1499938964844,284.6499938964844,268.2359924316406,927894,JK Lakshmi Cement Limited
2014-08-21,284.0,298.5,283.6499938964844,296.6499938964844,279.5440368652344,687268,JK Lakshmi Cement Limited
2014-08-22,298.95001220703125,307.8999938964844,296.8999938964844,305.29998779296875,287.6951904296875,744982,JK Lakshmi Cement Limited
2014-08-25,308.20001220703125,316.6000061035156,301.3500061035156,312.8500061035156,294.8098449707031,869164,JK Lakshmi Cement Limited
2014-08-26,310.5,312.8500061035156,303.5,307.1499938964844,289.43853759765625,306219,JK Lakshmi Cement Limited
2014-08-27,306.75,314.8999938964844,306.6499938964844,310.8500061035156,294.8450622558594,401578,JK Lakshmi Cement Limited
2014-08-28,311.79998779296875,312.8500061035156,298.20001220703125,304.1000061035156,288.4425964355469,187501,JK Lakshmi Cement Limited
2014-09-01,302.6499938964844,316.95001220703125,302.6499938964844,314.70001220703125,298.496826171875,452929,JK Lakshmi Cement Limited
2014-09-02,317.0,320.70001220703125,314.75,316.8500061035156,300.5361328125,430529,JK Lakshmi Cement Limited
2014-09-03,316.0,319.6000061035156,312.70001220703125,317.95001220703125,301.5794372558594,263337,JK Lakshmi Cement Limited
2014-09-04,318.0,318.0,308.5,315.04998779296875,298.8288269042969,231901,JK Lakshmi Cement Limited
2014-09-05,316.95001220703125,318.0,311.3999938964844,314.70001220703125,298.496826171875,162432,JK Lakshmi Cement Limited
2014-09-08,316.0,324.8999938964844,316.0,320.79998779296875,304.2827453613281,341769,JK Lakshmi Cement Limited
2014-09-09,321.0,323.5,316.25,317.20001220703125,300.8681030273437,136738,JK Lakshmi Cement Limited
2014-09-10,317.0,325.75,312.75,324.20001220703125,307.5076904296875,274941,JK Lakshmi Cement Limited
2014-09-11,327.0,327.1499938964844,319.1000061035156,320.20001220703125,303.71368408203125,208083,JK Lakshmi Cement Limited
2014-09-12,320.5,322.0,316.0,318.5,302.1011657714844,128776,JK Lakshmi Cement Limited
2014-09-15,318.0,322.0,315.79998779296875,317.79998779296875,301.43719482421875,159427,JK Lakshmi Cement Limited
2014-09-16,317.79998779296875,321.8500061035156,292.04998779296875,307.45001220703125,291.6201171875,243810,JK Lakshmi Cement Limited
2014-09-17,315.8999938964844,318.5,308.0,316.75,300.4412841796875,367040,JK Lakshmi Cement Limited
2014-09-18,316.70001220703125,344.0,313.1000061035156,339.1499938964844,321.6879272460937,984330,JK Lakshmi Cement Limited
2014-09-19,343.5,348.0,334.3500061035156,340.6499938964844,323.11065673828125,480017,JK Lakshmi Cement Limited
2014-09-22,339.6000061035156,351.0,335.3999938964844,346.70001220703125,328.8492126464844,619024,JK Lakshmi Cement Limited
2014-09-23,347.0,358.0,342.0,354.6000061035156,336.3424377441406,610498,JK Lakshmi Cement Limited
2014-09-24,356.0,359.3999938964844,338.3999938964844,344.95001220703125,327.1893310546875,640611,JK Lakshmi Cement Limited
2014-09-25,346.0,347.95001220703125,336.0,337.70001220703125,320.3125305175781,704752,JK Lakshmi Cement Limited
2014-09-26,336.5,340.6000061035156,316.1499938964844,331.8999938964844,314.811279296875,974332,JK Lakshmi Cement Limited
2014-09-29,332.0,350.0,330.79998779296875,343.1499938964844,325.48199462890625,252850,JK Lakshmi Cement Limited
2014-09-30,348.6000061035156,359.0,345.20001220703125,356.6499938964844,338.2868347167969,278636,JK Lakshmi Cement Limited
2014-10-01,358.0,369.2000122070313,356.54998779296875,360.6000061035156,342.03350830078125,394252,JK Lakshmi Cement Limited
2014-10-07,360.6000061035156,366.2999877929688,348.0,358.6000061035156,340.13653564453125,322694,JK Lakshmi Cement Limited
2014-10-08,359.5,361.5,337.1000061035156,339.95001220703125,322.4467468261719,222234,JK Lakshmi Cement Limited
2014-10-09,342.0,349.75,322.70001220703125,343.20001220703125,325.52947998046875,324023,JK Lakshmi Cement Limited
2014-10-10,342.70001220703125,347.5,331.5,346.3500061035156,328.5171813964844,271541,JK Lakshmi Cement Limited
2014-10-13,346.0,349.8999938964844,335.0,336.8999938964844,319.55377197265625,128535,JK Lakshmi Cement Limited
2014-10-14,338.3999938964844,342.0,332.70001220703125,334.6499938964844,317.41961669921875,135727,JK Lakshmi Cement Limited
2014-10-15,334.6499938964844,334.6499938964844,334.6499938964844,334.6499938964844,317.41961669921875,0,JK Lakshmi Cement Limited
2014-10-16,332.6499938964844,333.29998779296875,310.29998779296875,318.70001220703125,302.2908630371094,291057,JK Lakshmi Cement Limited
2014-10-17,318.3500061035156,341.3999938964844,318.3500061035156,329.0,312.0605773925781,312519,JK Lakshmi Cement Limited
2014-10-20,333.79998779296875,349.3999938964844,332.0,338.70001220703125,321.2611694335937,487308,JK Lakshmi Cement Limited
2014-10-21,340.5,352.6000061035156,336.0,339.1499938964844,321.6879272460937,452379,JK Lakshmi Cement Limited
2014-10-22,341.3999938964844,355.0,341.3500061035156,354.1499938964844,335.9156494140625,329395,JK Lakshmi Cement Limited
2014-10-27,354.25,354.5,344.0,349.25,331.2679138183594,236418,JK Lakshmi Cement Limited
2014-10-28,350.0,351.70001220703125,345.6499938964844,348.25,330.3194274902344,134852,JK Lakshmi Cement Limited
2014-10-29,350.8500061035156,362.0,349.6000061035156,357.04998779296875,338.66632080078125,328182,JK Lakshmi Cement Limited
2014-10-30,358.0,362.75,355.04998779296875,359.6499938964844,341.1324157714844,365484,JK Lakshmi Cement Limited
2014-10-31,370.5,383.0,363.3500061035156,367.1000061035156,348.1988220214844,660741,JK Lakshmi Cement Limited
2014-11-03,372.0,381.75,371.1000061035156,372.2999877929688,353.1311340332031,379426,JK Lakshmi Cement Limited
2014-11-05,375.3999938964844,386.7999877929688,373.6000061035156,380.9500122070313,361.3357543945313,614403,JK Lakshmi Cement Limited
2014-11-07,384.0,403.0,383.0,400.25,379.6420593261719,807430,JK Lakshmi Cement Limited
2014-11-10,403.2999877929688,426.25,396.7000122070313,417.7999877929688,396.2883911132813,654976,JK Lakshmi Cement Limited
2014-11-11,419.0,424.3999938964844,401.25,404.2999877929688,383.4834899902344,312512,JK Lakshmi Cement Limited
2014-11-12,405.0,408.3500061035156,390.1499938964844,391.7000122070313,371.5322570800781,291034,JK Lakshmi Cement Limited
2014-11-13,393.0,400.0,389.0,393.8500061035156,373.5715637207031,189116,JK Lakshmi Cement Limited
2014-11-14,397.9500122070313,397.9500122070313,387.3999938964844,393.0,372.7653198242188,135364,JK Lakshmi Cement Limited
2014-11-17,396.0,399.8500061035156,389.5499877929688,392.7999877929688,372.5755615234375,239666,JK Lakshmi Cement Limited
2014-11-18,395.9500122070313,396.75,380.5,382.4500122070313,362.7586059570313,204773,JK Lakshmi Cement Limited
2014-11-19,382.5,394.0,380.2000122070313,382.0499877929688,362.379150390625,286341,JK Lakshmi Cement Limited
2014-11-20,380.2999877929688,391.0,371.1000061035156,389.25,369.2083740234375,182436,JK Lakshmi Cement Limited
2014-11-21,386.5,389.25,372.0499877929688,375.1000061035156,355.7869873046875,180661,JK Lakshmi Cement Limited
2014-11-24,376.75,386.0,376.0,383.7000122070313,363.9441528320313,250480,JK Lakshmi Cement Limited
2014-11-25,383.7000122070313,400.8999938964844,379.0,394.2000122070313,373.9035339355469,737820,JK Lakshmi Cement Limited
2014-11-26,397.8500061035156,399.7999877929688,388.6499938964844,391.3500061035156,371.2003173828125,97043,JK Lakshmi Cement Limited
2014-11-27,390.5,390.5,382.5,386.9500122070313,367.02685546875,73193,JK Lakshmi Cement Limited
2014-11-28,386.9500122070313,395.8999938964844,386.25,388.8500061035156,368.8290100097656,96728,JK Lakshmi Cement Limited
2014-12-01,392.9500122070313,393.5,376.5,379.2000122070313,359.6759033203125,87826,JK Lakshmi Cement Limited
2014-12-02,380.0,380.0,372.0,374.7000122070313,355.4075927734375,172677,JK Lakshmi Cement Limited
2014-12-03,375.0,384.1499938964844,375.0,381.1499938964844,361.5254211425781,214924,JK Lakshmi Cement Limited
2014-12-04,382.0,384.1499938964844,378.2000122070313,382.25,362.5688171386719,114482,JK Lakshmi Cement Limited
2014-12-05,378.5,386.5,377.5,380.3500061035156,360.76666259765625,140500,JK Lakshmi Cement Limited
2014-12-08,376.5499877929688,384.0,375.25,380.7999877929688,361.1934509277344,103185,JK Lakshmi Cement Limited
2014-12-09,378.0,398.2000122070313,377.0,389.5499877929688,369.4929809570313,233299,JK Lakshmi Cement Limited
2014-12-10,392.1499938964844,409.6000061035156,391.1000061035156,405.7999877929688,384.90625,541872,JK Lakshmi Cement Limited
2014-12-11,409.3999938964844,415.3999938964844,402.2999877929688,413.6000061035156,392.3046875,521991,JK Lakshmi Cement Limited
2014-12-12,415.9500122070313,417.75,405.3999938964844,409.8500061035156,388.7477416992188,296697,JK Lakshmi Cement Limited
2014-12-15,406.0,408.0,396.1000061035156,403.6499938964844,382.8670043945313,187379,JK Lakshmi Cement Limited
2014-12-16,401.0499877929688,402.0,385.0,387.8999938964844,367.9279174804688,171219,JK Lakshmi Cement Limited
2014-12-17,383.0,385.0,352.0,379.0,359.48614501953125,225598,JK Lakshmi Cement Limited
2014-12-18,385.0,402.8999938964844,385.0,398.5499877929688,378.029541015625,226045,JK Lakshmi Cement Limited
2014-12-19,402.6000061035156,404.8999938964844,390.1499938964844,399.3500061035156,378.7884216308594,176827,JK Lakshmi Cement Limited
2014-12-22,401.1499938964844,407.9500122070313,398.5499877929688,400.25,379.6420593261719,189551,JK Lakshmi Cement Limited
2014-12-23,398.1499938964844,405.5,396.5,399.75,379.1677856445313,76496,JK Lakshmi Cement Limited
2014-12-24,400.0,411.2999877929688,400.0,402.7000122070313,381.96588134765625,193872,JK Lakshmi Cement Limited
2014-12-26,403.0,406.7999877929688,395.25,400.25,379.6420593261719,66285,JK Lakshmi Cement Limited
2014-12-29,400.3500061035156,424.7000122070313,400.3500061035156,411.5,390.3128051757813,354961,JK Lakshmi Cement Limited
2014-12-30,413.6000061035156,413.6000061035156,401.25,404.6499938964844,383.81549072265625,91141,JK Lakshmi Cement Limited
2014-12-31,404.1000061035156,413.6499938964844,404.1000061035156,405.8500061035156,384.9537658691406,81385,JK Lakshmi Cement Limited
2015-01-01,405.0,412.0,400.0,402.0,381.3019409179688,65429,JK Lakshmi Cement Limited
2015-01-02,402.1000061035156,414.6000061035156,402.1000061035156,404.9500122070313,384.10003662109375,239734,JK Lakshmi Cement Limited
2015-01-05,406.0,411.5,398.0499877929688,398.5,377.982177734375,142912,JK Lakshmi Cement Limited
2015-01-06,397.5,397.5,388.0,389.8999938964844,369.8248901367188,120738,JK Lakshmi Cement Limited
2015-01-07,387.5,393.4500122070313,381.4500122070313,391.0499877929688,370.9157104492188,105501,JK Lakshmi Cement Limited
2015-01-08,392.8500061035156,399.3999938964844,392.5,394.1000061035156,373.8086853027344,116025,JK Lakshmi Cement Limited
2015-01-09,395.0,397.0,385.1000061035156,387.25,367.3113403320313,87935,JK Lakshmi Cement Limited
2015-01-12,385.0,394.3999938964844,385.0,385.6499938964844,365.7937316894531,61537,JK Lakshmi Cement Limited
2015-01-13,390.0,403.0,387.5,395.2000122070313,374.85205078125,268549,JK Lakshmi Cement Limited
2015-01-14,397.6499938964844,404.3500061035156,392.0,394.1499938964844,373.8560791015625,169306,JK Lakshmi Cement Limited
2015-01-15,400.5,401.8500061035156,390.5,393.6000061035156,373.3344421386719,215011,JK Lakshmi Cement Limited
2015-01-16,396.0,401.8999938964844,394.0,398.4500122070313,377.9347229003906,359254,JK Lakshmi Cement Limited
2015-01-19,399.1000061035156,418.2000122070313,399.1000061035156,407.2999877929688,386.3290710449219,418942,JK Lakshmi Cement Limited
2015-01-20,411.25,427.4500122070313,411.0,422.9500122070313,401.1733093261719,535504,JK Lakshmi Cement Limited
2015-01-21,425.7999877929688,429.8999938964844,407.0,410.7999877929688,389.64886474609375,250473,JK Lakshmi Cement Limited
2015-01-22,414.6499938964844,421.0,405.0,418.9500122070313,397.3792419433594,191807,JK Lakshmi Cement Limited
2015-01-23,419.3500061035156,422.9500122070313,406.0,407.5,386.5187683105469,260404,JK Lakshmi Cement Limited
2015-01-27,411.0,411.7000122070313,402.2000122070313,405.3999938964844,384.5268859863281,86659,JK Lakshmi Cement Limited
2015-01-28,408.0,410.0,385.5,392.75,372.5281982421875,223018,JK Lakshmi Cement Limited
2015-01-29,392.9500122070313,401.25,392.9500122070313,397.8999938964844,377.41302490234375,305721,JK Lakshmi Cement Limited
2015-01-30,399.8999938964844,403.7000122070313,383.0,387.2999877929688,367.3587341308594,256176,JK Lakshmi Cement Limited
2015-02-02,388.0,401.7999877929688,373.0,397.9500122070313,377.4605102539063,287390,JK Lakshmi Cement Limited
2015-02-03,398.0,398.9500122070313,383.7999877929688,385.6499938964844,365.7937316894531,148664,JK Lakshmi Cement Limited
2015-02-04,389.6499938964844,393.0,384.8999938964844,386.1499938964844,366.2679748535156,165483,JK Lakshmi Cement Limited
2015-02-05,397.4500122070313,399.8999938964844,390.0499877929688,392.8500061035156,372.623046875,446427,JK Lakshmi Cement Limited
2015-02-06,393.5499877929688,394.7999877929688,375.2000122070313,377.8500061035156,358.3953552246094,267127,JK Lakshmi Cement Limited
2015-02-09,377.8500061035156,377.8999938964844,364.6499938964844,367.4500122070313,348.53082275390625,207386,JK Lakshmi Cement Limited
2015-02-10,366.7999877929688,378.0,353.1000061035156,361.4500122070313,342.8398132324219,215824,JK Lakshmi Cement Limited
2015-02-11,365.6499938964844,380.0,365.6499938964844,378.7000122070313,359.20166015625,189684,JK Lakshmi Cement Limited
2015-02-12,379.2000122070313,383.0,372.3999938964844,381.4500122070313,361.8099670410156,204095,JK Lakshmi Cement Limited
2015-02-13,383.9500122070313,387.3500061035156,379.6000061035156,384.6000061035156,364.7978515625,259880,JK Lakshmi Cement Limited
2015-02-16,389.7000122070313,390.0,372.6499938964844,374.3500061035156,355.0755310058594,186357,JK Lakshmi Cement Limited
2015-02-18,376.0,378.75,369.2999877929688,370.75,351.6609191894531,207021,JK Lakshmi Cement Limited
2015-02-19,370.1000061035156,375.0,366.75,368.3999938964844,349.43194580078125,777242,JK Lakshmi Cement Limited
2015-02-20,369.8999938964844,370.7999877929688,361.5,362.75,344.07281494140625,226214,JK Lakshmi Cement Limited
2015-02-23,363.0,367.5,358.0,360.8500061035156,342.2706298828125,476751,JK Lakshmi Cement Limited
2015-02-24,365.0,370.0,345.0,352.0,333.8763122558594,306443,JK Lakshmi Cement Limited
2015-02-25,353.0,359.6000061035156,350.1000061035156,355.5,337.19610595703125,210591,JK Lakshmi Cement Limited
2015-02-26,350.29998779296875,355.0,337.75,345.54998779296875,327.7584533691406,329035,JK Lakshmi Cement Limited
2015-02-27,348.6000061035156,348.6000061035156,337.0,340.54998779296875,323.015869140625,526542,JK Lakshmi Cement Limited
2015-03-02,346.70001220703125,397.1499938964844,345.0,391.2999877929688,371.15277099609375,2082719,JK Lakshmi Cement Limited
2015-03-03,394.3999938964844,395.0499877929688,380.4500122070313,389.2999877929688,369.2558288574219,532406,JK Lakshmi Cement Limited
2015-03-04,391.6499938964844,394.0,373.0,376.1499938964844,356.78289794921875,214239,JK Lakshmi Cement Limited
2015-03-05,377.0,385.0,371.0,373.5,354.2693176269531,238530,JK Lakshmi Cement Limited
2015-03-09,373.5,383.7000122070313,366.25,379.4500122070313,359.9129943847656,415905,JK Lakshmi Cement Limited
2015-03-10,373.0,392.7999877929688,373.0,382.75,363.0430908203125,280582,JK Lakshmi Cement Limited
2015-03-11,383.5,389.3999938964844,378.2999877929688,381.0,361.3831787109375,224276,JK Lakshmi Cement Limited
2015-03-12,381.0,385.0,377.2000122070313,379.8500061035156,360.29241943359375,94274,JK Lakshmi Cement Limited
2015-03-13,380.0,385.0,370.6000061035156,372.9500122070313,353.7476501464844,111364,JK Lakshmi Cement Limited
2015-03-16,377.1000061035156,383.25,363.25,380.3999938964844,360.8140869140625,680665,JK Lakshmi Cement Limited
2015-03-17,385.7000122070313,393.7000122070313,381.1000061035156,389.6499938964844,369.5877990722656,280957,JK Lakshmi Cement Limited
2015-03-18,390.0,395.0,382.8999938964844,390.2000122070313,370.1095275878906,200868,JK Lakshmi Cement Limited
2015-03-19,392.0,396.0,376.25,387.2000122070313,367.263916015625,266265,JK Lakshmi Cement Limited
2015-03-20,387.7999877929688,390.0,372.5,380.9500122070313,361.3357543945313,572855,JK Lakshmi Cement Limited
2015-03-23,379.0,379.0,366.6000061035156,370.7000122070313,351.6134948730469,112176,JK Lakshmi Cement Limited
2015-03-24,369.0,377.8999938964844,367.1000061035156,369.9500122070313,350.9021301269531,97797,JK Lakshmi Cement Limited
2015-03-25,371.8999938964844,374.0499877929688,365.1499938964844,368.1499938964844,349.1948547363281,133569,JK Lakshmi Cement Limited
2015-03-26,360.7999877929688,365.8500061035156,348.1000061035156,354.0,335.7733154296875,204193,JK Lakshmi Cement Limited
2015-03-27,354.1000061035156,362.0,346.3999938964844,351.3999938964844,333.3072204589844,130641,JK Lakshmi Cement Limited
2015-03-30,355.95001220703125,362.5,347.0,352.45001220703125,334.3031616210937,154674,JK Lakshmi Cement Limited
2015-03-31,353.95001220703125,366.75,353.6499938964844,358.79998779296875,340.3262023925781,212372,JK Lakshmi Cement Limited
2015-04-01,357.0,369.7999877929688,355.1000061035156,368.6499938964844,349.6690673828125,113897,JK Lakshmi Cement Limited
2015-04-06,369.0,381.2000122070313,364.25,377.7000122070313,358.2530822753906,248219,JK Lakshmi Cement Limited
2015-04-07,379.9500122070313,381.7999877929688,370.5,374.25,354.980712890625,117164,JK Lakshmi Cement Limited
2015-04-08,375.7999877929688,376.7999877929688,365.1000061035156,369.7000122070313,350.6650390625,116901,JK Lakshmi Cement Limited
2015-04-09,369.1499938964844,374.8999938964844,366.6000061035156,369.6499938964844,350.6175842285156,75952,JK Lakshmi Cement Limited
2015-04-10,370.8500061035156,375.0,361.8500061035156,369.1000061035156,350.09588623046875,166602,JK Lakshmi Cement Limited
2015-04-13,371.0,376.5,363.8500061035156,364.7000122070313,345.9224548339844,141214,JK Lakshmi Cement Limited
2015-04-15,367.8999938964844,372.0,358.29998779296875,360.5499877929688,341.986083984375,194674,JK Lakshmi Cement Limited
2015-04-16,360.7000122070313,365.5499877929688,353.0,355.6000061035156,337.291015625,197409,JK Lakshmi Cement Limited
2015-04-17,356.95001220703125,359.79998779296875,346.79998779296875,348.6499938964844,330.6988220214844,150374,JK Lakshmi Cement Limited
2015-04-20,348.6499938964844,359.1000061035156,345.20001220703125,351.8999938964844,333.78143310546875,205750,JK Lakshmi Cement Limited
2015-04-21,355.0,356.5,349.0,352.8500061035156,334.6825866699219,150151,JK Lakshmi Cement Limited
2015-04-22,354.1000061035156,357.0,342.79998779296875,347.25,329.3708801269531,283099,JK Lakshmi Cement Limited
2015-04-23,349.0,354.0,349.0,351.04998779296875,332.9751892089844,139472,JK Lakshmi Cement Limited
2015-04-24,347.95001220703125,362.0,344.0,355.5,337.19610595703125,547561,JK Lakshmi Cement Limited
2015-04-27,355.5,361.0,351.04998779296875,360.04998779296875,341.5118103027344,161794,JK Lakshmi Cement Limited
2015-04-28,355.0,366.0,351.95001220703125,363.5499877929688,344.83160400390625,71906,JK Lakshmi Cement Limited
2015-04-29,360.0,367.3500061035156,359.8999938964844,360.3500061035156,341.79638671875,115600,JK Lakshmi Cement Limited
2015-04-30,360.5499877929688,361.9500122070313,355.0,360.0,341.4644470214844,689556,JK Lakshmi Cement Limited
2015-05-04,360.0,364.7999877929688,358.25,359.8500061035156,341.3222045898437,80435,JK Lakshmi Cement Limited
2015-05-05,361.1000061035156,363.0,354.54998779296875,356.54998779296875,338.1920471191406,43103,JK Lakshmi Cement Limited
2015-05-06,356.5,357.79998779296875,339.0,340.3500061035156,322.826171875,68809,JK Lakshmi Cement Limited
2015-05-07,336.5,345.0,333.0,341.70001220703125,324.106689453125,131959,JK Lakshmi Cement Limited
2015-05-08,342.0,350.95001220703125,340.1000061035156,343.25,325.57684326171875,233018,JK Lakshmi Cement Limited
2015-05-11,345.0,348.0,343.04998779296875,344.8999938964844,327.1418762207031,106610,JK Lakshmi Cement Limited
2015-05-12,341.25,343.75,329.1000061035156,332.1000061035156,315.0009460449219,41466,JK Lakshmi Cement Limited
2015-05-13,333.0,343.25,333.0,342.0,324.3912353515625,105304,JK Lakshmi Cement Limited
2015-05-14,342.54998779296875,344.75,336.8500061035156,342.95001220703125,325.29229736328125,323135,JK Lakshmi Cement Limited
2015-05-15,346.5,351.04998779296875,336.95001220703125,342.70001220703125,325.0552062988281,98203,JK Lakshmi Cement Limited
2015-05-18,316.0,347.8999938964844,305.6000061035156,341.25,323.6798095703125,675640,JK Lakshmi Cement Limited
2015-05-19,337.8999938964844,348.95001220703125,333.0,344.0,326.2882385253906,176684,JK Lakshmi Cement Limited
2015-05-20,342.25,347.95001220703125,337.20001220703125,341.6499938964844,324.0592346191406,183949,JK Lakshmi Cement Limited
2015-05-21,341.0,345.04998779296875,339.6499938964844,340.79998779296875,323.2529602050781,72016,JK Lakshmi Cement Limited
2015-05-22,342.79998779296875,343.6000061035156,335.1499938964844,337.1000061035156,319.7434997558594,31537,JK Lakshmi Cement Limited
2015-05-25,337.95001220703125,345.75,335.5,338.75,321.3085632324219,82949,JK Lakshmi Cement Limited
2015-05-26,340.1000061035156,341.95001220703125,331.04998779296875,332.6499938964844,315.52264404296875,38549,JK Lakshmi Cement Limited
2015-05-27,331.8999938964844,334.6000061035156,325.1499938964844,330.8999938964844,313.8626403808594,58266,JK Lakshmi Cement Limited
2015-05-28,331.95001220703125,335.29998779296875,326.54998779296875,331.8500061035156,314.7638244628906,62766,JK Lakshmi Cement Limited
2015-05-29,332.5,343.79998779296875,330.8999938964844,341.1000061035156,323.5375671386719,75267,JK Lakshmi Cement Limited
2015-06-01,344.04998779296875,346.0,339.0,345.3500061035156,327.5686950683594,93909,JK Lakshmi Cement Limited
2015-06-02,349.75,349.75,342.6000061035156,347.6499938964844,329.7502136230469,101717,JK Lakshmi Cement Limited
2015-06-03,342.20001220703125,345.45001220703125,318.04998779296875,327.54998779296875,310.6851501464844,162978,JK Lakshmi Cement Limited
2015-06-04,329.95001220703125,330.8500061035156,315.70001220703125,319.1000061035156,302.6702880859375,66041,JK Lakshmi Cement Limited
2015-06-05,318.8500061035156,324.0,315.04998779296875,323.0,306.3694763183594,106803,JK Lakshmi Cement Limited
2015-06-08,323.0,330.8999938964844,305.6499938964844,312.29998779296875,296.22039794921875,45400,JK Lakshmi Cement Limited
2015-06-09,311.8999938964844,315.70001220703125,304.0,307.25,291.43035888671875,87010,JK Lakshmi Cement Limited
2015-06-10,303.1000061035156,320.95001220703125,303.1000061035156,317.3500061035156,301.0103454589844,84351,JK Lakshmi Cement Limited
2015-06-11,320.0,323.0,312.0,316.6000061035156,300.2989501953125,103520,JK Lakshmi Cement Limited
2015-06-12,305.0,319.6000061035156,301.6499938964844,316.25,299.967041015625,77734,JK Lakshmi Cement Limited
2015-06-15,318.0,318.75,310.0,311.25,295.2243957519531,40672,JK Lakshmi Cement Limited
2015-06-16,303.5,314.0,303.5,311.6499938964844,295.6038513183594,145090,JK Lakshmi Cement Limited
2015-06-17,312.95001220703125,317.8999938964844,309.1000061035156,312.0,295.93585205078125,112076,JK Lakshmi Cement Limited
2015-06-18,311.6000061035156,321.0,311.6000061035156,316.29998779296875,300.0144348144531,224053,JK Lakshmi Cement Limited
2015-06-19,317.0,330.3999938964844,314.6000061035156,317.5,301.15264892578125,77923,JK Lakshmi Cement Limited
2015-06-22,317.5,329.95001220703125,317.5,327.04998779296875,310.2109375,138266,JK Lakshmi Cement Limited
2015-06-23,327.0,339.95001220703125,321.6000061035156,337.3500061035156,319.9805908203125,471989,JK Lakshmi Cement Limited
2015-06-24,340.0,345.0,336.45001220703125,342.45001220703125,324.81805419921875,123845,JK Lakshmi Cement Limited
2015-06-25,346.1000061035156,351.79998779296875,340.3999938964844,343.6499938964844,325.95623779296875,205604,JK Lakshmi Cement Limited
2015-06-26,344.45001220703125,351.79998779296875,339.79998779296875,348.45001220703125,330.5091247558594,113466,JK Lakshmi Cement Limited
2015-06-29,344.0,352.79998779296875,332.04998779296875,349.25,331.2679138183594,145065,JK Lakshmi Cement Limited
2015-06-30,342.04998779296875,350.5,342.04998779296875,347.3999938964844,329.51318359375,46439,JK Lakshmi Cement Limited
2015-07-01,349.75,352.79998779296875,343.54998779296875,345.6499938964844,327.8532409667969,63163,JK Lakshmi Cement Limited
2015-07-02,346.54998779296875,353.79998779296875,346.54998779296875,351.25,333.1648864746094,96649,JK Lakshmi Cement Limited
2015-07-03,349.0,351.0,334.6499938964844,337.04998779296875,319.696044921875,131876,JK Lakshmi Cement Limited
2015-07-06,335.04998779296875,352.5,334.0,350.95001220703125,332.8804016113281,103547,JK Lakshmi Cement Limited
2015-07-07,351.0,355.79998779296875,343.1000061035156,346.70001220703125,328.8492126464844,125294,JK Lakshmi Cement Limited
2015-07-08,344.95001220703125,346.1000061035156,332.0,333.8500061035156,316.66082763671875,105487,JK Lakshmi Cement Limited
2015-07-09,335.79998779296875,337.75,333.3500061035156,336.3500061035156,319.0321044921875,45091,JK Lakshmi Cement Limited
2015-07-10,337.5,338.0,326.5,329.29998779296875,312.34503173828125,79196,JK Lakshmi Cement Limited
2015-07-13,330.75,333.79998779296875,323.25,331.1000061035156,314.05242919921875,114681,JK Lakshmi Cement Limited
2015-07-14,333.70001220703125,336.79998779296875,331.1000061035156,332.70001220703125,315.5700988769531,46096,JK Lakshmi Cement Limited
2015-07-15,335.45001220703125,339.1499938964844,334.0,338.25,320.83428955078125,77505,JK Lakshmi Cement Limited
2015-07-16,339.75,340.1000061035156,336.0,337.0,319.6485595703125,58147,JK Lakshmi Cement Limited
2015-07-17,336.04998779296875,340.79998779296875,334.6000061035156,337.0,319.6485595703125,37008,JK Lakshmi Cement Limited
2015-07-20,338.45001220703125,342.5,336.95001220703125,341.3999938964844,323.82208251953125,59114,JK Lakshmi Cement Limited
2015-07-21,340.95001220703125,340.95001220703125,331.04998779296875,332.29998779296875,315.1905822753906,29395,JK Lakshmi Cement Limited
2015-07-22,333.0,336.0,328.1000061035156,331.45001220703125,314.3844299316406,25002,JK Lakshmi Cement Limited
2015-07-23,331.0,331.04998779296875,324.1000061035156,329.95001220703125,312.96160888671875,81646,JK Lakshmi Cement Limited
2015-07-24,329.04998779296875,329.5,321.3999938964844,323.0,306.3694763183594,55683,JK Lakshmi Cement Limited
2015-07-27,324.0,331.0,318.8999938964844,320.75,304.2353210449219,73414,JK Lakshmi Cement Limited
2015-07-28,323.95001220703125,331.0,320.0,328.8500061035156,311.9183349609375,104742,JK Lakshmi Cement Limited
2015-07-29,328.8500061035156,328.95001220703125,324.1000061035156,327.95001220703125,311.0645751953125,34185,JK Lakshmi Cement Limited
2015-07-30,330.6000061035156,333.0,329.04998779296875,331.3500061035156,314.28955078125,35248,JK Lakshmi Cement Limited
2015-07-31,331.3999938964844,339.79998779296875,327.04998779296875,337.3999938964844,320.0279846191406,60395,JK Lakshmi Cement Limited
2015-08-03,335.1000061035156,353.0,333.6000061035156,350.25,332.2164306640625,208405,JK Lakshmi Cement Limited
2015-08-04,352.75,362.2999877929688,352.0,361.0499877929688,342.4602966308594,142848,JK Lakshmi Cement Limited
2015-08-05,359.0,366.5,359.0,365.7000122070313,346.8710021972656,96043,JK Lakshmi Cement Limited
2015-08-06,366.75,374.7999877929688,361.1499938964844,372.2000122070313,353.0362854003906,165800,JK Lakshmi Cement Limited
2015-08-07,374.7999877929688,374.7999877929688,370.0,373.5499877929688,354.3167724609375,64494,JK Lakshmi Cement Limited
2015-08-10,373.9500122070313,374.7999877929688,358.0,364.7999877929688,346.0172424316406,260852,JK Lakshmi Cement Limited
2015-08-11,367.7999877929688,367.7999877929688,349.04998779296875,355.20001220703125,336.9115295410156,53715,JK Lakshmi Cement Limited
2015-08-12,333.75,350.79998779296875,327.20001220703125,348.20001220703125,330.27197265625,278768,JK Lakshmi Cement Limited
2015-08-13,350.0,350.1000061035156,339.95001220703125,344.54998779296875,326.80987548828125,80579,JK Lakshmi Cement Limited
2015-08-14,344.25,355.3999938964844,342.04998779296875,353.25,335.0619506835937,42596,JK Lakshmi Cement Limited
2015-08-17,353.04998779296875,360.0,352.0,357.70001220703125,339.2828674316406,51361,JK Lakshmi Cement Limited
2015-08-18,357.0,367.8999938964844,357.0,364.1000061035156,345.3533020019531,40655,JK Lakshmi Cement Limited
2015-08-19,365.0,372.0,360.6499938964844,368.6499938964844,349.6690673828125,34963,JK Lakshmi Cement Limited
2015-08-20,368.9500122070313,374.0,352.1499938964844,356.6499938964844,338.2868347167969,170053,JK Lakshmi Cement Limited
2015-08-21,350.0,366.0,342.6000061035156,359.8999938964844,341.3695678710937,76022,JK Lakshmi Cement Limited
2015-08-24,315.0,355.0,315.0,330.5,313.4833068847656,302319,JK Lakshmi Cement Limited
2015-08-25,343.79998779296875,343.79998779296875,320.0,328.6000061035156,311.6810913085937,67710,JK Lakshmi Cement Limited
2015-08-26,329.0,337.0,324.3999938964844,333.04998779296875,315.90203857421875,28776,JK Lakshmi Cement Limited
2015-08-27,349.0,352.0,335.0,346.45001220703125,328.6120910644531,33573,JK Lakshmi Cement Limited
2015-08-28,349.20001220703125,366.7999877929688,347.54998779296875,356.25,337.90753173828125,236066,JK Lakshmi Cement Limited
2015-08-31,347.1499938964844,354.95001220703125,347.1499938964844,352.45001220703125,334.3031616210937,45597,JK Lakshmi Cement Limited
2015-09-01,350.0,352.5,344.0,346.45001220703125,328.6120910644531,232444,JK Lakshmi Cement Limited
2015-09-02,345.0,359.79998779296875,345.0,347.1499938964844,329.2760314941406,31391,JK Lakshmi Cement Limited
2015-09-03,350.04998779296875,359.8999938964844,348.8500061035156,355.45001220703125,337.14874267578125,101961,JK Lakshmi Cement Limited
2015-09-04,354.0,359.8999938964844,351.3999938964844,356.0,337.6703491210937,99152,JK Lakshmi Cement Limited
2015-09-07,357.0,366.75,354.3999938964844,358.6000061035156,340.13653564453125,314888,JK Lakshmi Cement Limited
2015-09-08,359.0,360.9500122070313,351.5,360.1000061035156,341.55926513671875,46237,JK Lakshmi Cement Limited
2015-09-09,362.0499877929688,370.9500122070313,362.0,365.75,346.9183654785156,76799,JK Lakshmi Cement Limited
2015-09-10,360.04998779296875,368.8999938964844,355.0,366.6000061035156,347.724609375,201663,JK Lakshmi Cement Limited
2015-09-11,368.0,373.0,367.0,370.8500061035156,351.7557678222656,84335,JK Lakshmi Cement Limited
2015-09-14,368.0,380.0,368.0,371.25,352.1352233886719,59642,JK Lakshmi Cement Limited
2015-09-15,371.2999877929688,375.7999877929688,369.5,371.0,351.89801025390625,51988,JK Lakshmi Cement Limited
2015-09-16,372.5499877929688,374.1499938964844,364.0,369.2000122070313,352.0888061523437,203272,JK Lakshmi Cement Limited
2015-09-18,370.4500122070313,374.7999877929688,369.6000061035156,370.2999877929688,353.1377868652344,89854,JK Lakshmi Cement Limited
2015-09-21,373.0,373.0,368.7999877929688,370.8500061035156,353.6623229980469,571210,JK Lakshmi Cement Limited
2015-09-22,370.0,374.7999877929688,366.2999877929688,370.0499877929688,352.8993225097656,75486,JK Lakshmi Cement Limited
2015-09-23,366.0499877929688,370.0,361.25,366.0,349.037109375,174815,JK Lakshmi Cement Limited
2015-09-24,364.0499877929688,371.0,362.3999938964844,367.0499877929688,350.03839111328125,119337,JK Lakshmi Cement Limited
2015-09-28,364.5,372.75,363.5,370.1499938964844,352.9947814941406,147654,JK Lakshmi Cement Limited
2015-09-29,365.0499877929688,372.9500122070313,365.0,369.7000122070313,352.56561279296875,204257,JK Lakshmi Cement Limited
2015-09-30,367.5,374.5,367.5,372.8999938964844,355.61724853515625,91114,JK Lakshmi Cement Limited
2015-10-01,373.4500122070313,379.75,370.8500061035156,378.1000061035156,360.5762939453125,139683,JK Lakshmi Cement Limited
2015-10-05,378.0,380.7999877929688,374.3500061035156,378.5,360.9577941894531,85404,JK Lakshmi Cement Limited
2015-10-06,380.0,380.7999877929688,377.3999938964844,380.0,362.38818359375,115651,JK Lakshmi Cement Limited
2015-10-07,379.9500122070313,382.7999877929688,377.5,381.5499877929688,363.8663940429688,92433,JK Lakshmi Cement Limited
2015-10-08,381.5499877929688,385.7999877929688,381.0,383.3999938964844,365.6306762695313,46477,JK Lakshmi Cement Limited
2015-10-09,384.5,387.0,380.8999938964844,384.8500061035156,367.0134582519531,169480,JK Lakshmi Cement Limited
2015-10-12,378.1499938964844,386.5,378.1499938964844,383.8999938964844,366.10748291015625,155308,JK Lakshmi Cement Limited
2015-10-13,383.7999877929688,387.7999877929688,379.0,384.8999938964844,367.0611572265625,33852,JK Lakshmi Cement Limited
2015-10-14,381.7999877929688,385.0,377.0,377.7999877929688,360.2901611328125,778681,JK Lakshmi Cement Limited
2015-10-15,378.1499938964844,379.2000122070313,373.1499938964844,376.3500061035156,358.9074401855469,67323,JK Lakshmi Cement Limited
2015-10-16,372.0,374.7999877929688,367.0499877929688,371.3999938964844,354.1868896484375,98553,JK Lakshmi Cement Limited
2015-10-19,370.2999877929688,376.0499877929688,370.2999877929688,374.2999877929688,356.9524230957031,38705,JK Lakshmi Cement Limited
2015-10-20,373.0,384.3999938964844,371.1000061035156,380.6499938964844,363.0080871582031,31111,JK Lakshmi Cement Limited
2015-10-21,381.0499877929688,384.6499938964844,372.5,381.2000122070313,363.53265380859375,28116,JK Lakshmi Cement Limited
2015-10-23,382.0,383.0499877929688,374.0,375.4500122070313,358.0491027832031,11646,JK Lakshmi Cement Limited
2015-10-26,374.1000061035156,382.1000061035156,371.8999938964844,373.9500122070313,356.61865234375,13212,JK Lakshmi Cement Limited
2015-10-27,372.8999938964844,381.0,371.8999938964844,378.7000122070313,361.1484680175781,22022,JK Lakshmi Cement Limited
2015-10-28,375.0,379.75,370.9500122070313,374.1499938964844,356.80938720703125,44639,JK Lakshmi Cement Limited
2015-10-29,373.9500122070313,379.3999938964844,366.0499877929688,369.5,352.3748779296875,187129,JK Lakshmi Cement Limited
2015-10-30,370.75,384.6000061035156,360.1000061035156,374.5,357.1431579589844,78032,JK Lakshmi Cement Limited
2015-11-02,379.8999938964844,379.8999938964844,368.0,371.8999938964844,354.66357421875,21763,JK Lakshmi Cement Limited
2015-11-03,364.0,381.8500061035156,364.0,376.4500122070313,359.0027770996094,40006,JK Lakshmi Cement Limited
2015-11-04,376.9500122070313,378.3999938964844,365.1000061035156,367.3500061035156,350.3245544433594,29581,JK Lakshmi Cement Limited
2015-11-05,355.0,364.0,354.3500061035156,360.5,343.7920227050781,85969,JK Lakshmi Cement Limited
2015-11-06,358.0,366.0,350.04998779296875,353.1000061035156,336.7349548339844,34154,JK Lakshmi Cement Limited
2015-11-09,349.8999938964844,355.0,342.04998779296875,351.29998779296875,335.0184020996094,74819,JK Lakshmi Cement Limited
2015-11-10,351.0,362.0,348.0,357.70001220703125,341.121826171875,125233,JK Lakshmi Cement Limited
2015-11-13,352.20001220703125,358.0,349.70001220703125,354.04998779296875,337.6408996582031,25062,JK Lakshmi Cement Limited
2015-11-16,353.0,356.0,345.95001220703125,348.1000061035156,331.9667053222656,181627,JK Lakshmi Cement Limited
2015-11-17,355.5,355.5,333.0,344.6000061035156,328.62890625,18144,JK Lakshmi Cement Limited
2015-11-18,347.70001220703125,351.04998779296875,344.04998779296875,344.45001220703125,328.4858703613281,19477,JK Lakshmi Cement Limited
2015-11-19,345.1000061035156,351.0,344.45001220703125,345.8500061035156,329.8210144042969,157659,JK Lakshmi Cement Limited
2015-11-20,346.3999938964844,349.0,343.1000061035156,344.3500061035156,328.3904724121094,7408,JK Lakshmi Cement Limited
2015-11-23,349.8999938964844,350.3999938964844,340.1499938964844,346.20001220703125,330.1547546386719,24511,JK Lakshmi Cement Limited
2015-11-24,346.0,352.0,344.0,350.6000061035156,334.35089111328125,12130,JK Lakshmi Cement Limited
2015-11-26,350.1000061035156,357.0,346.95001220703125,352.75,336.40118408203125,18923,JK Lakshmi Cement Limited
2015-11-27,354.8999938964844,364.7999877929688,353.0,359.3500061035156,342.6953125,27501,JK Lakshmi Cement Limited
2015-11-30,363.0,363.0,353.0,362.0,345.22247314453125,28139,JK Lakshmi Cement Limited
2015-12-01,356.0,364.0,347.0,356.79998779296875,340.2634582519531,27017,JK Lakshmi Cement Limited
2015-12-02,357.0,359.8999938964844,350.0,350.3500061035156,334.11236572265625,22355,JK Lakshmi Cement Limited
2015-12-03,352.0,352.45001220703125,346.1000061035156,347.0,330.9176940917969,28173,JK Lakshmi Cement Limited
2015-12-04,346.29998779296875,346.29998779296875,322.75,325.6000061035156,310.5095520019531,319223,JK Lakshmi Cement Limited
2015-12-07,324.20001220703125,333.1000061035156,323.8999938964844,331.1499938964844,315.8022766113281,65292,JK Lakshmi Cement Limited
2015-12-08,330.5,333.45001220703125,328.5,330.3999938964844,315.0870361328125,20953,JK Lakshmi Cement Limited
2015-12-09,328.1499938964844,329.95001220703125,324.95001220703125,325.29998779296875,310.2234191894531,53428,JK Lakshmi Cement Limited
2015-12-10,323.04998779296875,325.5,322.0,324.1499938964844,309.1267395019531,43914,JK Lakshmi Cement Limited
2015-12-11,326.5,333.95001220703125,324.0,328.0,312.7982788085937,40697,JK Lakshmi Cement Limited
2015-12-14,328.0,333.95001220703125,324.20001220703125,332.45001220703125,317.04205322265625,67734,JK Lakshmi Cement Limited
2015-12-15,334.95001220703125,338.0,330.1000061035156,336.25,320.6658935546875,17664,JK Lakshmi Cement Limited
2015-12-16,338.75,338.75,330.25,332.1000061035156,316.7082214355469,111506,JK Lakshmi Cement Limited
2015-12-17,338.79998779296875,339.3500061035156,331.20001220703125,338.3500061035156,322.6686096191406,12038,JK Lakshmi Cement Limited
2015-12-18,341.0,341.0,326.6000061035156,330.5,315.1824035644531,19988,JK Lakshmi Cement Limited
2015-12-21,330.5,335.54998779296875,326.70001220703125,328.6499938964844,313.4181823730469,44005,JK Lakshmi Cement Limited
2015-12-22,327.6000061035156,330.75,324.25,325.20001220703125,310.1280517578125,188519,JK Lakshmi Cement Limited
2015-12-23,325.04998779296875,334.5,325.04998779296875,328.1499938964844,312.9412841796875,545625,JK Lakshmi Cement Limited
2015-12-24,329.45001220703125,332.29998779296875,325.29998779296875,328.6499938964844,313.4181823730469,24936,JK Lakshmi Cement Limited
2015-12-28,330.0,336.95001220703125,329.1000061035156,330.79998779296875,315.4684753417969,31312,JK Lakshmi Cement Limited
2015-12-29,331.0,334.0,326.1499938964844,326.79998779296875,311.65386962890625,23071,JK Lakshmi Cement Limited
2015-12-30,329.25,332.20001220703125,325.1499938964844,330.3999938964844,315.0870361328125,42916,JK Lakshmi Cement Limited
2015-12-31,328.1499938964844,332.20001220703125,326.20001220703125,326.95001220703125,311.7969055175781,16867,JK Lakshmi Cement Limited
2016-01-01,329.5,336.8500061035156,325.1499938964844,333.79998779296875,318.3294372558594,25391,JK Lakshmi Cement Limited
2016-01-04,335.6499938964844,335.6499938964844,329.0,334.8999938964844,319.37841796875,20742,JK Lakshmi Cement Limited
2016-01-05,331.0,338.5,330.20001220703125,334.29998779296875,318.80621337890625,11129,JK Lakshmi Cement Limited
2016-01-06,334.29998779296875,335.3999938964844,330.0,330.3999938964844,315.0870361328125,14248,JK Lakshmi Cement Limited
2016-01-07,328.0,329.8999938964844,321.6499938964844,325.3999938964844,310.3187561035156,29825,JK Lakshmi Cement Limited
2016-01-08,328.79998779296875,328.79998779296875,321.3999938964844,322.6000061035156,307.6485595703125,12556,JK Lakshmi Cement Limited
2016-01-11,321.0,321.0,308.0,317.45001220703125,302.7372131347656,16645,JK Lakshmi Cement Limited
2016-01-12,320.0,323.3999938964844,309.1000061035156,310.45001220703125,296.0616760253906,12199,JK Lakshmi Cement Limited
2016-01-13,314.54998779296875,314.75,305.29998779296875,312.1499938964844,297.6828918457031,37251,JK Lakshmi Cement Limited
2016-01-14,305.0,308.6499938964844,302.04998779296875,305.6000061035156,291.4364624023437,22899,JK Lakshmi Cement Limited
2016-01-15,303.0,306.95001220703125,283.0,286.20001220703125,272.93560791015625,86883,JK Lakshmi Cement Limited
2016-01-18,285.0,285.0,269.1000061035156,275.1499938964844,262.39764404296875,57743,JK Lakshmi Cement Limited
2016-01-19,270.0,284.0,262.6499938964844,280.6000061035156,267.5950927734375,31668,JK Lakshmi Cement Limited
2016-01-20,278.95001220703125,290.0,267.0,280.3500061035156,267.356689453125,123992,JK Lakshmi Cement Limited
2016-01-21,280.3500061035156,288.3500061035156,275.0,286.1000061035156,272.8401794433594,27195,JK Lakshmi Cement Limited
2016-01-22,290.0,301.45001220703125,284.1499938964844,299.25,285.3807678222656,24357,JK Lakshmi Cement Limited
2016-01-25,300.0,306.70001220703125,297.25,299.79998779296875,285.9052429199219,24174,JK Lakshmi Cement Limited
2016-01-27,301.1000061035156,305.8500061035156,298.0,299.45001220703125,285.5715026855469,56722,JK Lakshmi Cement Limited
2016-01-28,299.0,305.8999938964844,292.04998779296875,300.79998779296875,286.85888671875,77257,JK Lakshmi Cement Limited
2016-01-29,297.0,305.3999938964844,295.95001220703125,301.6499938964844,287.6695556640625,74284,JK Lakshmi Cement Limited
2016-02-01,304.95001220703125,312.3999938964844,298.5,301.3500061035156,287.3834228515625,44976,JK Lakshmi Cement Limited
2016-02-02,298.5,299.95001220703125,281.0,284.95001220703125,271.7434997558594,57133,JK Lakshmi Cement Limited
2016-02-03,282.95001220703125,283.0,271.5,273.1499938964844,260.4903869628906,21641,JK Lakshmi Cement Limited
2016-02-04,275.8999938964844,276.8999938964844,269.0,270.1499938964844,257.62945556640625,76047,JK Lakshmi Cement Limited
2016-02-05,261.0,281.0,258.0,276.20001220703125,263.3990173339844,177939,JK Lakshmi Cement Limited
2016-02-08,276.0,279.0,272.1499938964844,275.04998779296875,262.30230712890625,28819,JK Lakshmi Cement Limited
2016-02-09,269.0,274.0,268.1000061035156,269.3999938964844,256.9141845703125,30735,JK Lakshmi Cement Limited
2016-02-10,270.79998779296875,272.79998779296875,268.0,270.1499938964844,257.62945556640625,23267,JK Lakshmi Cement Limited
2016-02-11,270.0,271.79998779296875,264.95001220703125,266.5,254.1486053466797,47423,JK Lakshmi Cement Limited
2016-02-12,265.5,267.70001220703125,255.0,263.0,250.8108367919922,45665,JK Lakshmi Cement Limited
2016-02-15,266.0,271.3500061035156,266.0,269.79998779296875,257.2956237792969,70631,JK Lakshmi Cement Limited
2016-02-16,272.0,275.70001220703125,257.04998779296875,261.6499938964844,249.5233612060547,38632,JK Lakshmi Cement Limited
2016-02-17,257.0,260.0,253.9499969482422,258.6499938964844,246.66241455078125,17383,JK Lakshmi Cement Limited
2016-02-18,262.04998779296875,265.0,258.1499938964844,261.6000061035156,249.4756622314453,9733,JK Lakshmi Cement Limited
2016-02-19,263.75,269.0,261.6000061035156,267.75,255.3406524658203,5521,JK Lakshmi Cement Limited
2016-02-22,269.3999938964844,273.95001220703125,262.0,270.6499938964844,258.1062316894531,11198,JK Lakshmi Cement Limited
2016-02-23,272.45001220703125,273.0,268.04998779296875,270.0,257.4863586425781,10787,JK Lakshmi Cement Limited
2016-02-24,264.5,273.0,262.25,265.0,252.7180938720703,19824,JK Lakshmi Cement Limited
2016-02-25,274.0,274.0,261.04998779296875,266.20001220703125,253.86251831054688,24882,JK Lakshmi Cement Limited
2016-02-26,269.0,273.6000061035156,265.04998779296875,267.20001220703125,254.81619262695312,5519,JK Lakshmi Cement Limited
2016-02-29,268.0,271.0,261.1499938964844,269.0,256.53277587890625,30108,JK Lakshmi Cement Limited
2016-03-01,268.0,288.8500061035156,264.95001220703125,287.75,274.41375732421875,36095,JK Lakshmi Cement Limited
2016-03-02,296.79998779296875,296.79998779296875,287.0,289.25,275.8442077636719,23003,JK Lakshmi Cement Limited
2016-03-03,292.45001220703125,293.0,285.3500061035156,287.95001220703125,274.6044311523437,59958,JK Lakshmi Cement Limited
2016-03-04,292.75,292.75,285.29998779296875,288.8999938964844,275.51043701171875,67077,JK Lakshmi Cement Limited
2016-03-08,285.5,299.0,285.5,295.1499938964844,281.47076416015625,104128,JK Lakshmi Cement Limited
2016-03-09,295.6499938964844,304.5,294.04998779296875,299.20001220703125,285.3330993652344,120942,JK Lakshmi Cement Limited
2016-03-10,298.0,305.0,295.54998779296875,301.25,287.2880554199219,47254,JK Lakshmi Cement Limited
2016-03-11,300.6000061035156,304.0,294.8999938964844,298.0,284.1886901855469,92259,JK Lakshmi Cement Limited
2016-03-14,297.0,301.0,288.1499938964844,292.79998779296875,279.2297058105469,80044,JK Lakshmi Cement Limited
2016-03-15,290.0,310.5,284.95001220703125,306.1499938964844,291.9609069824219,197479,JK Lakshmi Cement Limited
2016-03-16,307.6000061035156,309.0,304.04998779296875,305.1000061035156,290.9596252441406,50765,JK Lakshmi Cement Limited
2016-03-17,305.0,320.29998779296875,304.20001220703125,312.04998779296875,297.5875244140625,142403,JK Lakshmi Cement Limited
2016-03-18,314.0,333.29998779296875,314.0,329.29998779296875,314.0380249023437,161957,JK Lakshmi Cement Limited
2016-03-21,331.8999938964844,352.0,331.75,338.04998779296875,322.3824768066406,186379,JK Lakshmi Cement Limited
2016-03-22,338.20001220703125,339.79998779296875,333.0,336.29998779296875,320.71356201171875,72327,JK Lakshmi Cement Limited
2016-03-23,334.0,340.79998779296875,334.0,337.25,321.6195068359375,72641,JK Lakshmi Cement Limited
2016-03-28,336.8500061035156,339.0,328.25,332.54998779296875,317.137451171875,44857,JK Lakshmi Cement Limited
2016-03-29,332.0,332.79998779296875,320.0,327.6499938964844,312.4644775390625,50410,JK Lakshmi Cement Limited
2016-03-30,333.8999938964844,338.79998779296875,326.54998779296875,337.1000061035156,321.4765625,76806,JK Lakshmi Cement Limited
2016-03-31,337.1000061035156,341.79998779296875,328.0,339.70001220703125,323.9560241699219,75730,JK Lakshmi Cement Limited
2016-04-01,337.0,340.1000061035156,332.5,336.1000061035156,320.5228576660156,96853,JK Lakshmi Cement Limited
2016-04-04,336.0,339.70001220703125,333.0,334.79998779296875,319.2830810546875,24663,JK Lakshmi Cement Limited
2016-04-05,335.5,335.5,324.1499938964844,326.6000061035156,311.46319580078125,33008,JK Lakshmi Cement Limited
2016-04-06,326.0,339.0,326.0,331.6499938964844,316.27911376953125,93217,JK Lakshmi Cement Limited
2016-04-07,333.0,342.79998779296875,323.6000061035156,326.20001220703125,311.08172607421875,81789,JK Lakshmi Cement Limited
2016-04-08,329.70001220703125,341.0,327.75,337.6499938964844,322.00103759765625,194517,JK Lakshmi Cement Limited
2016-04-11,338.0,347.79998779296875,338.0,346.3999938964844,330.3455505371094,208465,JK Lakshmi Cement Limited
2016-04-12,347.5,347.79998779296875,341.1000061035156,343.6499938964844,327.72296142578125,31419,JK Lakshmi Cement Limited
2016-04-13,342.1499938964844,347.79998779296875,342.1499938964844,345.3500061035156,329.3441772460937,95860,JK Lakshmi Cement Limited
2016-04-18,345.3500061035156,370.7999877929688,344.0,366.25,349.2755126953125,318523,JK Lakshmi Cement Limited
2016-04-20,368.8999938964844,372.7999877929688,367.2999877929688,369.2999877929688,352.1841125488281,126399,JK Lakshmi Cement Limited
2016-04-21,369.0,372.5,354.95001220703125,357.3500061035156,340.7880249023437,34767,JK Lakshmi Cement Limited
2016-04-22,357.0,358.0,346.6000061035156,347.25,331.15606689453125,57270,JK Lakshmi Cement Limited
2016-04-25,348.0,366.3999938964844,348.0,364.5,347.6065979003906,57002,JK Lakshmi Cement Limited
2016-04-26,363.0,371.9500122070313,357.1000061035156,365.4500122070313,348.5126037597656,74462,JK Lakshmi Cement Limited
2016-04-27,364.9500122070313,368.7000122070313,360.0,361.1000061035156,344.3641967773437,18272,JK Lakshmi Cement Limited
2016-04-28,361.5,363.3500061035156,349.45001220703125,350.79998779296875,334.5415344238281,19269,JK Lakshmi Cement Limited
2016-04-29,350.0,357.6499938964844,345.54998779296875,349.8999938964844,333.6832275390625,34178,JK Lakshmi Cement Limited
2016-05-02,349.79998779296875,352.6499938964844,339.0,347.8999938964844,331.77593994140625,54606,JK Lakshmi Cement Limited
2016-05-03,345.0,359.0,345.0,346.79998779296875,330.7269592285156,36440,JK Lakshmi Cement Limited
2016-05-04,342.1499938964844,349.3999938964844,340.0,341.3999938964844,325.5771789550781,20010,JK Lakshmi Cement Limited
2016-05-05,341.0,344.20001220703125,332.54998779296875,336.25,320.6658935546875,29336,JK Lakshmi Cement Limited
2016-05-06,335.79998779296875,340.3999938964844,330.0,330.70001220703125,315.3731384277344,28900,JK Lakshmi Cement Limited
2016-05-09,330.70001220703125,340.3999938964844,330.5,336.6499938964844,321.0473022460937,111885,JK Lakshmi Cement Limited
2016-05-10,337.54998779296875,339.8500061035156,335.29998779296875,337.20001220703125,321.5718688964844,72154,JK Lakshmi Cement Limited
2016-05-11,334.8999938964844,343.25,333.8500061035156,339.45001220703125,323.7176208496094,118657,JK Lakshmi Cement Limited
2016-05-12,342.6499938964844,353.75,339.25,344.3500061035156,328.3904724121094,106774,JK Lakshmi Cement Limited
2016-05-13,344.0,346.0,340.0,342.1499938964844,326.2924499511719,20472,JK Lakshmi Cement Limited
2016-05-16,344.0,345.0,338.1000061035156,339.29998779296875,323.57452392578125,32270,JK Lakshmi Cement Limited
2016-05-17,342.45001220703125,342.45001220703125,336.5,340.0,324.2420654296875,46475,JK Lakshmi Cement Limited
2016-05-18,345.70001220703125,346.1499938964844,340.54998779296875,343.3999938964844,327.4845275878906,56783,JK Lakshmi Cement Limited
2016-05-19,353.8999938964844,369.8999938964844,353.0,356.6000061035156,340.0727844238281,321653,JK Lakshmi Cement Limited
2016-05-20,359.70001220703125,361.6000061035156,346.25,349.8999938964844,333.6832275390625,64487,JK Lakshmi Cement Limited
2016-05-23,353.5,353.75,344.1499938964844,348.29998779296875,332.1574401855469,46920,JK Lakshmi Cement Limited
2016-05-24,348.0,349.5,341.0,342.25,326.3878479003906,21281,JK Lakshmi Cement Limited
2016-05-25,346.8500061035156,349.3999938964844,344.0,344.54998779296875,328.5812072753906,63421,JK Lakshmi Cement Limited
2016-05-26,347.5,349.0,344.6000061035156,345.6499938964844,329.6302185058594,48844,JK Lakshmi Cement Limited
2016-05-27,345.6499938964844,349.95001220703125,345.0,345.75,329.7255859375,41613,JK Lakshmi Cement Limited
2016-05-30,347.6000061035156,348.04998779296875,342.0,343.3999938964844,327.4845275878906,18889,JK Lakshmi Cement Limited
2016-05-31,344.79998779296875,344.79998779296875,337.6000061035156,338.95001220703125,323.2407531738281,45705,JK Lakshmi Cement Limited
2016-06-01,339.95001220703125,349.8999938964844,337.29998779296875,345.0,329.01031494140625,40238,JK Lakshmi Cement Limited
2016-06-02,343.54998779296875,345.0,337.25,339.45001220703125,323.7176208496094,37319,JK Lakshmi Cement Limited
2016-06-03,339.8999938964844,341.3999938964844,336.5,339.25,323.5268249511719,110331,JK Lakshmi Cement Limited
2016-06-06,339.8999938964844,340.0,334.0,337.1000061035156,321.4765625,37700,JK Lakshmi Cement Limited
2016-06-07,339.6000061035156,352.6000061035156,336.1000061035156,345.0,329.01031494140625,168269,JK Lakshmi Cement Limited
2016-06-08,345.1499938964844,351.8999938964844,337.1000061035156,349.70001220703125,333.4925231933594,72839,JK Lakshmi Cement Limited
2016-06-09,351.70001220703125,359.79998779296875,351.70001220703125,352.95001220703125,336.5918884277344,58862,JK Lakshmi Cement Limited
2016-06-10,357.79998779296875,358.0,350.1000061035156,355.54998779296875,339.0714111328125,26238,JK Lakshmi Cement Limited
2016-06-13,352.1000061035156,365.8999938964844,350.8500061035156,361.25,344.5072326660156,102758,JK Lakshmi Cement Limited
2016-06-14,362.7000122070313,375.7999877929688,362.7000122070313,375.0499877929688,357.6676330566406,238136,JK Lakshmi Cement Limited
2016-06-15,375.7999877929688,385.0,374.1000061035156,374.7999877929688,357.4292297363281,179258,JK Lakshmi Cement Limited
2016-06-16,374.0,377.9500122070313,369.6000061035156,372.3999938964844,355.1404724121094,37033,JK Lakshmi Cement Limited
2016-06-17,373.0,387.0,373.0,378.5499877929688,361.0054321289063,323618,JK Lakshmi Cement Limited
2016-06-20,379.4500122070313,392.7999877929688,373.9500122070313,391.2000122070313,373.0691528320313,281510,JK Lakshmi Cement Limited
2016-06-21,393.4500122070313,394.7999877929688,384.7000122070313,390.5499877929688,372.44921875,251572,JK Lakshmi Cement Limited
2016-06-22,390.5,394.0,379.0,388.5499877929688,370.54193115234375,246599,JK Lakshmi Cement Limited
2016-06-23,390.0499877929688,394.7999877929688,383.0,384.8500061035156,367.0134582519531,370900,JK Lakshmi Cement Limited
2016-06-24,374.0,394.9500122070313,356.25,385.5499877929688,367.6809997558594,299449,JK Lakshmi Cement Limited
2016-06-27,378.0,390.75,378.0,385.75,367.8717346191406,101552,JK Lakshmi Cement Limited
2016-06-28,385.0,391.0,385.0,387.6000061035156,369.635986328125,153779,JK Lakshmi Cement Limited
2016-06-29,388.7000122070313,390.5,385.0499877929688,386.6000061035156,368.6822814941406,106962,JK Lakshmi Cement Limited
2016-06-30,388.2999877929688,389.5,384.0499877929688,385.8500061035156,367.9671020507813,81708,JK Lakshmi Cement Limited
2016-07-01,387.5,402.4500122070313,379.5,400.25,381.6997375488281,248761,JK Lakshmi Cement Limited
2016-07-04,403.5,407.8999938964844,395.7000122070313,400.1499938964844,381.6043090820313,178641,JK Lakshmi Cement Limited
2016-07-05,399.7000122070313,405.7000122070313,396.5,398.0,379.5539855957031,70585,JK Lakshmi Cement Limited
2016-07-07,399.0,406.0,397.0,403.3999938964844,384.7037048339844,94404,JK Lakshmi Cement Limited
2016-07-08,404.7000122070313,404.75,395.0,396.2999877929688,377.9327392578125,175627,JK Lakshmi Cement Limited
2016-07-11,400.0,413.75,400.0,404.8500061035156,386.0865173339844,526736,JK Lakshmi Cement Limited
2016-07-12,405.9500122070313,407.8999938964844,401.5,403.3500061035156,384.6560363769531,228075,JK Lakshmi Cement Limited
2016-07-13,404.7000122070313,405.9500122070313,394.0,395.6499938964844,377.3128967285156,120490,JK Lakshmi Cement Limited
2016-07-14,397.6499938964844,404.8999938964844,397.6499938964844,401.6000061035156,382.9871826171875,173559,JK Lakshmi Cement Limited
2016-07-15,404.0,405.9500122070313,394.0499877929688,395.3500061035156,377.0268249511719,174265,JK Lakshmi Cement Limited
2016-07-18,398.0,409.2000122070313,397.1499938964844,401.9500122070313,383.3209838867188,320334,JK Lakshmi Cement Limited
2016-07-19,404.8999938964844,415.7000122070313,401.3999938964844,410.6499938964844,391.61767578125,164579,JK Lakshmi Cement Limited
2016-07-20,412.0,422.8999938964844,410.2999877929688,417.25,397.9117736816406,194268,JK Lakshmi Cement Limited
2016-07-21,418.9500122070313,422.8999938964844,415.0,419.9500122070313,400.4867248535156,78936,JK Lakshmi Cement Limited
2016-07-22,421.0,422.9500122070313,417.1000061035156,419.9500122070313,400.4867248535156,41682,JK Lakshmi Cement Limited
2016-07-25,419.8999938964844,427.8500061035156,419.8500061035156,422.1499938964844,402.584716796875,74990,JK Lakshmi Cement Limited
2016-07-26,424.0,429.7999877929688,416.6000061035156,422.6499938964844,403.0615234375,58603,JK Lakshmi Cement Limited
2016-07-27,422.0499877929688,427.9500122070313,417.0,422.3500061035156,402.77545166015625,54540,JK Lakshmi Cement Limited
2016-07-28,427.8999938964844,427.8999938964844,419.0499877929688,423.8500061035156,404.2059631347656,43515,JK Lakshmi Cement Limited
2016-07-29,421.0499877929688,428.9500122070313,420.5499877929688,424.9500122070313,405.25494384765625,33355,JK Lakshmi Cement Limited
2016-08-01,424.9500122070313,434.7999877929688,420.25,427.7999877929688,407.9728698730469,72663,JK Lakshmi Cement Limited
2016-08-02,429.7999877929688,433.8999938964844,425.0,429.9500122070313,410.0232238769531,70947,JK Lakshmi Cement Limited
2016-08-03,429.8999938964844,433.0,419.1000061035156,426.1000061035156,406.35162353515625,31492,JK Lakshmi Cement Limited
2016-08-04,431.9500122070313,433.0,418.0,423.0,403.3953247070313,63851,JK Lakshmi Cement Limited
2016-08-05,423.0,430.0,423.0,426.8999938964844,407.1145935058594,59683,JK Lakshmi Cement Limited
2016-08-08,433.0,455.0,433.0,447.7000122070313,426.9505920410156,275754,JK Lakshmi Cement Limited
2016-08-09,452.0,452.0,430.9500122070313,440.6000061035156,420.1796569824219,132153,JK Lakshmi Cement Limited
2016-08-10,440.7999877929688,446.7999877929688,434.1000061035156,441.0499877929688,420.6087036132813,148259,JK Lakshmi Cement Limited
2016-08-11,442.0499877929688,442.2000122070313,435.4500122070313,438.6499938964844,418.3199462890625,43747,JK Lakshmi Cement Limited
2016-08-12,452.0,454.0,421.0,425.5499877929688,405.82708740234375,345631,JK Lakshmi Cement Limited
2016-08-16,426.7999877929688,435.7999877929688,422.4500122070313,433.7000122070313,413.5994567871094,326177,JK Lakshmi Cement Limited
2016-08-17,444.0,447.7000122070313,433.0,446.5499877929688,425.8538208007813,236821,JK Lakshmi Cement Limited
2016-08-18,447.7000122070313,451.0,430.0,444.9500122070313,424.3280334472656,146349,JK Lakshmi Cement Limited
2016-08-19,445.7000122070313,447.2000122070313,436.1499938964844,438.2999877929688,417.9862060546875,69293,JK Lakshmi Cement Limited
2016-08-22,439.8500061035156,441.9500122070313,430.0,431.1499938964844,411.1676025390625,45924,JK Lakshmi Cement Limited
2016-08-23,431.1499938964844,443.7999877929688,431.1499938964844,441.1000061035156,420.6564331054688,168380,JK Lakshmi Cement Limited
2016-08-24,442.0,454.0,436.5499877929688,452.25,431.2896728515625,156834,JK Lakshmi Cement Limited
2016-08-25,455.7000122070313,456.5,446.5,449.25,428.4287414550781,75804,JK Lakshmi Cement Limited
2016-08-26,449.0,454.7999877929688,445.1499938964844,453.2999877929688,432.291015625,36694,JK Lakshmi Cement Limited
2016-08-29,451.0499877929688,454.7999877929688,446.0499877929688,452.7999877929688,432.0524597167969,44266,JK Lakshmi Cement Limited
2016-08-30,453.2999877929688,465.7999877929688,449.6000061035156,453.3999938964844,432.625,235036,JK Lakshmi Cement Limited
2016-08-31,457.4500122070313,462.5,450.0499877929688,452.0,431.28912353515625,227450,JK Lakshmi Cement Limited
2016-09-01,448.8999938964844,459.7999877929688,448.0,458.5,437.49127197265625,316976,JK Lakshmi Cement Limited
2016-09-02,456.0,463.9500122070313,455.9500122070313,461.3999938964844,440.2584228515625,74825,JK Lakshmi Cement Limited
2016-09-06,460.0,467.7999877929688,460.0,461.75,440.5924072265625,47904,JK Lakshmi Cement Limited
2016-09-07,462.7999877929688,472.0,457.0,469.6000061035156,448.0826721191406,152949,JK Lakshmi Cement Limited
2016-09-08,469.0,475.7999877929688,466.7999877929688,471.25,449.6571044921875,59425,JK Lakshmi Cement Limited
2016-09-09,467.0499877929688,476.7999877929688,466.0,474.4500122070313,452.7104797363281,56073,JK Lakshmi Cement Limited
2016-09-12,472.9500122070313,472.9500122070313,455.5,459.7000122070313,438.6363220214844,56146,JK Lakshmi Cement Limited
2016-09-14,455.0499877929688,465.7000122070313,455.0499877929688,462.7000122070313,441.4988708496094,85534,JK Lakshmi Cement Limited
2016-09-15,461.1499938964844,475.0,461.1499938964844,473.2000122070313,451.5177612304688,43485,JK Lakshmi Cement Limited
2016-09-16,473.0,477.7999877929688,465.5,469.8999938964844,448.3689270019531,23906,JK Lakshmi Cement Limited
2016-09-19,473.9500122070313,473.9500122070313,467.0499877929688,468.1000061035156,446.65142822265625,24392,JK Lakshmi Cement Limited
2016-09-20,469.4500122070313,469.5,463.0,465.7000122070313,444.3614501953125,42825,JK Lakshmi Cement Limited
2016-09-21,465.0,474.8999938964844,465.0,470.0,448.4643859863281,44346,JK Lakshmi Cement Limited
2016-09-22,475.0,476.0,469.9500122070313,471.7000122070313,450.0865173339844,41634,JK Lakshmi Cement Limited
2016-09-23,475.5,484.7999877929688,472.5499877929688,482.1499938964844,460.05767822265625,100278,JK Lakshmi Cement Limited
2016-09-26,483.0,487.7999877929688,470.1000061035156,484.4500122070313,462.2522888183594,58601,JK Lakshmi Cement Limited
2016-09-27,487.9500122070313,505.3999938964844,476.1499938964844,489.75,467.3094482421875,220769,JK Lakshmi Cement Limited
2016-09-28,492.8999938964844,505.0,491.0,496.9500122070313,474.1795349121094,109516,JK Lakshmi Cement Limited
2016-09-29,502.5,502.75,480.1499938964844,490.1000061035156,467.6433715820313,128930,JK Lakshmi Cement Limited
2016-09-30,486.0,505.0,478.0,499.25,476.3741455078125,73176,JK Lakshmi Cement Limited
2016-10-03,501.9500122070313,502.8500061035156,494.0499877929688,495.75,473.0344848632813,171387,JK Lakshmi Cement Limited
2016-10-04,502.8999938964844,504.3999938964844,493.2999877929688,495.3999938964844,472.7005004882813,37876,JK Lakshmi Cement Limited
2016-10-05,498.6000061035156,511.7999877929688,497.6499938964844,509.5499877929688,486.2021789550781,102550,JK Lakshmi Cement Limited
2016-10-06,509.7000122070313,513.0,503.0499877929688,507.6000061035156,484.3415222167969,28615,JK Lakshmi Cement Limited
2016-10-07,509.0,511.0,499.8999938964844,504.6499938964844,481.5266418457031,30029,JK Lakshmi Cement Limited
2016-10-10,503.0,512.0,495.0499877929688,497.0499877929688,474.27490234375,35967,JK Lakshmi Cement Limited
2016-10-13,499.6000061035156,503.0,478.0499877929688,481.0499877929688,459.0080261230469,68122,JK Lakshmi Cement Limited
2016-10-14,485.7999877929688,495.0,483.0,491.6499938964844,469.1223449707031,57431,JK Lakshmi Cement Limited
2016-10-17,492.8999938964844,492.8999938964844,482.5,483.7999877929688,461.6320190429688,131226,JK Lakshmi Cement Limited
2016-10-18,486.3500061035156,492.7999877929688,485.6000061035156,490.25,467.7864990234375,16501,JK Lakshmi Cement Limited
2016-10-19,494.9500122070313,494.9500122070313,480.1000061035156,484.6000061035156,462.3954162597656,53967,JK Lakshmi Cement Limited
2016-10-20,485.5,509.7999877929688,485.5,507.4500122070313,484.1983337402344,126510,JK Lakshmi Cement Limited
2016-10-21,512.0,512.0,494.2000122070313,498.6499938964844,475.8016357421875,63905,JK Lakshmi Cement Limited
2016-10-24,499.7999877929688,510.8999938964844,499.7999877929688,506.1499938964844,482.95794677734375,37183,JK Lakshmi Cement Limited
2016-10-25,506.0,509.0,494.0499877929688,500.4500122070313,477.5191650390625,51467,JK Lakshmi Cement Limited
2016-10-26,502.0,502.0,485.1000061035156,488.4500122070313,466.0689697265625,50442,JK Lakshmi Cement Limited
2016-10-27,500.0,507.8999938964844,475.7999877929688,481.1000061035156,459.0557861328125,167469,JK Lakshmi Cement Limited
2016-10-28,491.0,491.0,481.8500061035156,486.8999938964844,464.5900268554688,40540,JK Lakshmi Cement Limited
2016-11-01,493.0,498.7999877929688,491.0,496.6000061035156,473.8455505371094,43377,JK Lakshmi Cement Limited
2016-11-02,492.7999877929688,494.8999938964844,480.0499877929688,481.7000122070313,459.6282653808594,21743,JK Lakshmi Cement Limited
2016-11-03,481.0,487.4500122070313,474.0499877929688,479.75,457.7676086425781,247397,JK Lakshmi Cement Limited
2016-11-04,472.0499877929688,476.8500061035156,453.5499877929688,467.3999938964844,445.9835205078125,48965,JK Lakshmi Cement Limited
2016-11-07,467.3999938964844,483.4500122070313,463.2000122070313,466.4500122070313,445.0769958496094,55808,JK Lakshmi Cement Limited
2016-11-08,468.8500061035156,475.0,462.0,465.5499877929688,444.21826171875,40617,JK Lakshmi Cement Limited
2016-11-09,416.5499877929688,446.5499877929688,402.0499877929688,439.7000122070313,419.5527038574219,250157,JK Lakshmi Cement Limited
2016-11-10,448.6499938964844,465.7000122070313,445.3999938964844,446.7999877929688,426.327392578125,49476,JK Lakshmi Cement Limited
2016-11-11,446.0,446.0,407.1499938964844,414.8999938964844,395.8890686035156,95927,JK Lakshmi Cement Limited
2016-11-15,401.2000122070313,409.7999877929688,360.1499938964844,381.7000122070313,364.2103576660156,267418,JK Lakshmi Cement Limited
2016-11-16,383.0499877929688,393.3500061035156,371.1000061035156,378.8500061035156,361.4909057617188,49980,JK Lakshmi Cement Limited
2016-11-17,370.0,381.0499877929688,358.0,361.25,344.6973571777344,214424,JK Lakshmi Cement Limited
2016-11-18,362.3999938964844,378.8999938964844,339.6000061035156,350.04998779296875,334.0105285644531,167817,JK Lakshmi Cement Limited
2016-11-21,352.20001220703125,356.8999938964844,330.5,345.0,329.19189453125,150652,JK Lakshmi Cement Limited
2016-11-22,350.1499938964844,353.6000061035156,336.25,346.95001220703125,331.0526123046875,73772,JK Lakshmi Cement Limited
2016-11-23,355.0,376.3500061035156,349.45001220703125,370.0,353.04638671875,66034,JK Lakshmi Cement Limited
2016-11-24,370.0,375.8999938964844,358.20001220703125,362.1000061035156,345.5084228515625,207732,JK Lakshmi Cement Limited
2016-11-25,360.0,372.6499938964844,359.29998779296875,370.9500122070313,353.952880859375,175923,JK Lakshmi Cement Limited
2016-11-28,367.0,387.0,365.0,378.6000061035156,361.25238037109375,55420,JK Lakshmi Cement Limited
2016-11-29,383.1000061035156,386.5499877929688,371.0499877929688,375.0499877929688,357.864990234375,80809,JK Lakshmi Cement Limited
2016-11-30,370.0,432.0,369.3999938964844,412.9500122070313,394.02838134765625,190496,JK Lakshmi Cement Limited
2016-12-01,407.5,409.9500122070313,380.5,384.8999938964844,367.2636413574219,691550,JK Lakshmi Cement Limited
2016-12-02,382.0,390.0,369.0,374.6000061035156,357.4356384277344,71802,JK Lakshmi Cement Limited
2016-12-05,371.8999938964844,378.1499938964844,363.8500061035156,373.6499938964844,356.5292358398437,850220,JK Lakshmi Cement Limited
2016-12-06,378.8999938964844,386.8999938964844,375.5499877929688,379.75,362.34967041015625,138161,JK Lakshmi Cement Limited
2016-12-07,381.6000061035156,383.0,373.2999877929688,378.6000061035156,361.25238037109375,30405,JK Lakshmi Cement Limited
2016-12-08,382.0,383.9500122070313,377.4500122070313,380.9500122070313,363.4946899414063,113132,JK Lakshmi Cement Limited
2016-12-09,383.8999938964844,387.5499877929688,377.0,378.6000061035156,361.25238037109375,58607,JK Lakshmi Cement Limited
2016-12-12,380.0,380.0,363.7999877929688,367.4500122070313,350.6133117675781,41816,JK Lakshmi Cement Limited
2016-12-13,367.7999877929688,367.7999877929688,358.1000061035156,359.6499938964844,343.1706848144531,36085,JK Lakshmi Cement Limited
2016-12-14,362.7000122070313,367.8999938964844,354.0,356.8999938964844,340.54669189453125,83840,JK Lakshmi Cement Limited
2016-12-15,350.0,354.0,349.0,351.95001220703125,335.823486328125,101440,JK Lakshmi Cement Limited
2016-12-16,353.29998779296875,353.54998779296875,329.29998779296875,338.75,323.2283020019531,612881,JK Lakshmi Cement Limited
2016-12-19,341.20001220703125,350.0,330.1000061035156,335.95001220703125,320.5565795898437,89364,JK Lakshmi Cement Limited
2016-12-20,335.0,342.3500061035156,331.8500061035156,338.04998779296875,322.56036376953125,175320,JK Lakshmi Cement Limited
2016-12-21,338.3999938964844,343.0,335.1499938964844,340.3500061035156,324.7550048828125,37765,JK Lakshmi Cement Limited
2016-12-22,336.0,342.0,334.95001220703125,335.75,320.36578369140625,100500,JK Lakshmi Cement Limited
2016-12-23,338.0,346.0,333.0,339.25,323.70538330078125,40820,JK Lakshmi Cement Limited
2016-12-26,338.8500061035156,353.8999938964844,333.0,346.8999938964844,331.0048217773437,138812,JK Lakshmi Cement Limited
2016-12-27,348.0,357.0,344.0,352.75,336.5868225097656,224089,JK Lakshmi Cement Limited
2016-12-28,352.0,358.0,349.25,351.1499938964844,335.0601501464844,148967,JK Lakshmi Cement Limited
2016-12-29,353.8999938964844,355.0,349.45001220703125,350.45001220703125,334.3922119140625,14256,JK Lakshmi Cement Limited
2016-12-30,353.0,358.0,344.45001220703125,350.54998779296875,334.48760986328125,97705,JK Lakshmi Cement Limited
2017-01-02,353.45001220703125,382.1000061035156,353.45001220703125,365.0,348.2754821777344,92466,JK Lakshmi Cement Limited
2017-01-03,367.8999938964844,367.8999938964844,359.04998779296875,363.9500122070313,347.2736511230469,56517,JK Lakshmi Cement Limited
2017-01-04,361.2000122070313,365.4500122070313,361.2000122070313,363.25,346.605712890625,81472,JK Lakshmi Cement Limited
2017-01-05,364.8999938964844,367.1000061035156,355.95001220703125,360.1000061035156,343.6000671386719,104181,JK Lakshmi Cement Limited
2017-01-06,362.8500061035156,366.0,353.54998779296875,356.8999938964844,340.54669189453125,108227,JK Lakshmi Cement Limited
2017-01-09,359.3999938964844,360.6000061035156,353.0,358.3500061035156,341.9302062988281,58757,JK Lakshmi Cement Limited
2017-01-10,358.29998779296875,362.0499877929688,355.20001220703125,356.54998779296875,340.2126770019531,54216,JK Lakshmi Cement Limited
2017-01-11,358.29998779296875,360.3999938964844,355.3999938964844,358.70001220703125,342.26422119140625,91429,JK Lakshmi Cement Limited
2017-01-12,360.9500122070313,369.8500061035156,360.9500122070313,366.4500122070313,349.6590881347656,157594,JK Lakshmi Cement Limited
2017-01-13,366.5,368.8500061035156,361.8999938964844,364.75,348.0369567871094,30633,JK Lakshmi Cement Limited
2017-01-16,362.0,374.7999877929688,361.25,367.8500061035156,350.99493408203125,109044,JK Lakshmi Cement Limited
2017-01-17,369.9500122070313,370.8500061035156,366.2999877929688,367.6000061035156,350.75634765625,14692,JK Lakshmi Cement Limited
2017-01-18,367.5,374.8999938964844,366.0,370.0,353.04638671875,58812,JK Lakshmi Cement Limited
2017-01-19,370.0,373.7999877929688,364.0,367.0499877929688,350.2315368652344,84808,JK Lakshmi Cement Limited
2017-01-20,361.1000061035156,365.0,356.0,358.04998779296875,341.6439514160156,318820,JK Lakshmi Cement Limited
2017-01-23,356.04998779296875,360.4500122070313,349.3500061035156,351.3999938964844,335.2986755371094,105134,JK Lakshmi Cement Limited
2017-01-24,353.5,356.5,345.29998779296875,354.79998779296875,338.5428466796875,101417,JK Lakshmi Cement Limited
2017-01-25,359.3999938964844,361.0,354.5,358.70001220703125,342.26422119140625,96191,JK Lakshmi Cement Limited
2017-01-27,360.7000122070313,371.0,360.7000122070313,368.0499877929688,351.1858215332031,654243,JK Lakshmi Cement Limited
2017-01-30,371.0,373.0,365.9500122070313,371.5499877929688,354.5253601074219,92722,JK Lakshmi Cement Limited
2017-01-31,374.0,374.0,370.75,372.2999877929688,355.2409973144531,647031,JK Lakshmi Cement Limited
2017-02-01,372.5,385.0,370.5,383.1000061035156,365.5461730957031,157336,JK Lakshmi Cement Limited
2017-02-02,385.7999877929688,394.4500122070313,382.2000122070313,392.3500061035156,374.372314453125,305784,JK Lakshmi Cement Limited
2017-02-03,393.7999877929688,404.5499877929688,383.8500061035156,393.9500122070313,375.8990173339844,182253,JK Lakshmi Cement Limited
2017-02-06,404.0,405.7999877929688,398.0,400.1000061035156,381.7672424316406,700505,JK Lakshmi Cement Limited
2017-02-07,402.0,402.1000061035156,390.8999938964844,391.8999938964844,373.9429626464844,493591,JK Lakshmi Cement Limited
2017-02-08,393.0,393.7999877929688,386.0,387.75,369.9830627441406,134317,JK Lakshmi Cement Limited
2017-02-09,389.7999877929688,393.7999877929688,379.2000122070313,380.5499877929688,363.1130065917969,119853,JK Lakshmi Cement Limited
2017-02-10,381.7999877929688,390.7999877929688,381.0,385.5499877929688,367.8838806152344,141024,JK Lakshmi Cement Limited
2017-02-13,391.5,392.0,386.8500061035156,387.7999877929688,370.03076171875,53398,JK Lakshmi Cement Limited
2017-02-14,391.3999938964844,391.8999938964844,386.0499877929688,386.9500122070313,369.21978759765625,22303,JK Lakshmi Cement Limited
2017-02-15,388.8500061035156,388.9500122070313,379.7000122070313,382.0,364.49658203125,63539,JK Lakshmi Cement Limited
2017-02-16,384.3999938964844,391.3999938964844,380.0,389.0,371.1758117675781,35628,JK Lakshmi Cement Limited
2017-02-17,390.5,391.9500122070313,385.0,387.0499877929688,369.315185546875,113655,JK Lakshmi Cement Limited
2017-02-20,389.5,392.6499938964844,386.0499877929688,388.3500061035156,370.5555725097656,27388,JK Lakshmi Cement Limited
2017-02-21,392.0,395.8999938964844,391.0,394.3999938964844,376.3283996582031,59420,JK Lakshmi Cement Limited
2017-02-22,396.5,399.0,391.75,393.3999938964844,375.3742370605469,46403,JK Lakshmi Cement Limited
2017-02-23,391.1000061035156,397.8500061035156,391.1000061035156,395.6499938964844,377.5211486816406,99620,JK Lakshmi Cement Limited
2017-02-27,397.7999877929688,407.0,392.4500122070313,405.0499877929688,386.4903869628906,106196,JK Lakshmi Cement Limited
2017-02-28,405.7000122070313,415.0,402.2000122070313,410.8999938964844,392.07232666015625,121211,JK Lakshmi Cement Limited
2017-03-01,415.0,417.0,404.6000061035156,406.8999938964844,388.2555847167969,53561,JK Lakshmi Cement Limited
2017-03-02,407.6000061035156,412.0,406.0,408.3999938964844,389.68695068359375,231605,JK Lakshmi Cement Limited
2017-03-03,405.1499938964844,410.0,399.0,405.2999877929688,386.72894287109375,95706,JK Lakshmi Cement Limited
2017-03-06,407.6499938964844,413.9500122070313,406.1499938964844,411.75,392.8834228515625,64584,JK Lakshmi Cement Limited
2017-03-07,411.75,413.6499938964844,403.8999938964844,408.1499938964844,389.4483337402344,209893,JK Lakshmi Cement Limited
2017-03-08,409.2999877929688,410.5,407.1499938964844,409.5499877929688,390.7841796875,43729,JK Lakshmi Cement Limited
2017-03-09,404.5,412.5,404.5,410.2000122070313,391.4044799804688,57689,JK Lakshmi Cement Limited
2017-03-10,414.4500122070313,421.5499877929688,409.9500122070313,417.8999938964844,398.7515869140625,104124,JK Lakshmi Cement Limited
2017-03-14,425.0,440.0,423.0,429.7999877929688,410.10638427734375,124797,JK Lakshmi Cement Limited
2017-03-15,430.0,435.1000061035156,425.0,431.0,411.25140380859375,54824,JK Lakshmi Cement Limited
2017-03-16,435.0,437.8999938964844,425.5499877929688,430.25,410.5357360839844,41265,JK Lakshmi Cement Limited
2017-03-17,432.8500061035156,432.8500061035156,424.0,426.0499877929688,406.5281982421875,48382,JK Lakshmi Cement Limited
2017-03-20,426.0499877929688,436.6000061035156,421.5499877929688,430.0,410.2972106933594,38912,JK Lakshmi Cement Limited
2017-03-21,434.6499938964844,461.9500122070313,426.3999938964844,449.75,429.1422424316406,476287,JK Lakshmi Cement Limited
2017-03-22,446.0,451.8999938964844,439.0,444.7000122070313,424.3236389160156,263942,JK Lakshmi Cement Limited
2017-03-23,450.7999877929688,450.7999877929688,439.1000061035156,440.4500122070313,420.2683715820313,32926,JK Lakshmi Cement Limited
2017-03-24,441.7999877929688,447.25,433.3500061035156,434.8500061035156,414.9249267578125,86007,JK Lakshmi Cement Limited
2017-03-27,435.5,436.6000061035156,428.8500061035156,433.7999877929688,413.923095703125,60108,JK Lakshmi Cement Limited
2017-03-28,433.9500122070313,453.1000061035156,433.7999877929688,450.0,429.38079833984375,155490,JK Lakshmi Cement Limited
2017-03-29,452.7000122070313,455.7000122070313,444.5499877929688,450.2999877929688,429.6669921875,88098,JK Lakshmi Cement Limited
2017-03-30,451.2000122070313,454.3500061035156,440.0499877929688,450.75,430.0964050292969,115694,JK Lakshmi Cement Limited
2017-03-31,452.0,465.0,451.5,460.9500122070313,439.8290710449219,358346,JK Lakshmi Cement Limited
2017-04-03,465.0,472.6000061035156,461.8999938964844,465.6499938964844,444.3136596679688,122390,JK Lakshmi Cement Limited
2017-04-05,466.0,471.4500122070313,453.75,458.0499877929688,437.0619201660156,137021,JK Lakshmi Cement Limited
2017-04-06,458.0,461.0,450.1000061035156,453.0,432.2433776855469,126572,JK Lakshmi Cement Limited
2017-04-07,450.5,455.0,448.0,452.25,431.5276489257813,97008,JK Lakshmi Cement Limited
2017-04-10,452.8999938964844,460.0,445.0,448.25,427.7109680175781,405076,JK Lakshmi Cement Limited
2017-04-11,448.5499877929688,466.0,448.5499877929688,459.5499877929688,438.4931945800781,267776,JK Lakshmi Cement Limited
2017-04-12,462.0,466.0,455.5499877929688,456.6000061035156,435.6783752441406,69280,JK Lakshmi Cement Limited
2017-04-13,462.0,462.0,455.0499877929688,456.75,435.821533203125,107512,JK Lakshmi Cement Limited
2017-04-17,459.9500122070313,461.3999938964844,453.1000061035156,455.3999938964844,434.5332946777344,91398,JK Lakshmi Cement Limited
2017-04-18,457.5499877929688,462.7000122070313,449.0499877929688,452.8999938964844,432.14788818359375,56479,JK Lakshmi Cement Limited
2017-04-19,454.5,456.0,450.0,454.6499938964844,433.8177185058594,63842,JK Lakshmi Cement Limited
2017-04-20,456.3999938964844,473.3999938964844,455.1499938964844,465.9500122070313,444.5999450683594,99544,JK Lakshmi Cement Limited
2017-04-21,470.6000061035156,477.0,464.5,468.7999877929688,447.3193664550781,77060,JK Lakshmi Cement Limited
2017-04-24,472.8999938964844,494.9500122070313,462.5499877929688,489.0,466.59375,374165,JK Lakshmi Cement Limited
2017-04-25,484.7000122070313,495.3500061035156,481.25,483.6000061035156,461.4412231445313,209974,JK Lakshmi Cement Limited
2017-04-26,486.4500122070313,488.7000122070313,471.0,473.9500122070313,452.2333984375,55133,JK Lakshmi Cement Limited
2017-04-27,476.5,476.5,465.5,466.9500122070313,445.5541687011719,66394,JK Lakshmi Cement Limited
2017-04-28,468.0,471.8999938964844,451.0,461.1499938964844,440.0199279785156,123056,JK Lakshmi Cement Limited
2017-05-02,467.0,473.5,460.0,465.5,444.1705322265625,57210,JK Lakshmi Cement Limited
2017-05-03,470.1000061035156,472.3500061035156,463.2999877929688,470.0499877929688,448.5120544433594,47626,JK Lakshmi Cement Limited
2017-05-04,473.1499938964844,494.3999938964844,470.0,490.4500122070313,467.9773559570313,138462,JK Lakshmi Cement Limited
2017-05-05,490.1000061035156,490.75,480.0,486.3999938964844,464.1129150390625,63077,JK Lakshmi Cement Limited
2017-05-08,488.8500061035156,493.0,478.5,490.2000122070313,467.7388305664063,60907,JK Lakshmi Cement Limited
2017-05-09,494.5,505.0,492.1000061035156,501.0499877929688,478.0916137695313,119634,JK Lakshmi Cement Limited
2017-05-10,498.0,515.5,498.0,511.6499938964844,488.2059631347656,254180,JK Lakshmi Cement Limited
2017-05-11,510.6499938964844,512.0,501.1000061035156,503.4500122070313,480.3816223144531,62243,JK Lakshmi Cement Limited
2017-05-12,503.9500122070313,513.1500244140625,499.9500122070313,504.2999877929688,481.1927185058594,86989,JK Lakshmi Cement Limited
2017-05-15,504.0,519.4000244140625,504.0,510.7999877929688,487.3948669433594,65942,JK Lakshmi Cement Limited
2017-05-16,514.5999755859375,532.9500122070312,513.0,527.5,503.3296508789063,161032,JK Lakshmi Cement Limited
2017-05-17,530.9000244140625,536.9500122070312,513.0,516.2000122070312,492.5473937988281,95207,JK Lakshmi Cement Limited
2017-05-18,491.7000122070313,504.0,472.0,478.9500122070313,457.0042724609375,493737,JK Lakshmi Cement Limited
2017-05-19,481.7999877929688,488.8500061035156,465.0,469.5499877929688,448.0350036621094,334922,JK Lakshmi Cement Limited
2017-05-22,477.0499877929688,477.7999877929688,465.6000061035156,475.75,453.9508666992188,89813,JK Lakshmi Cement Limited
2017-05-23,475.0,488.7999877929688,471.0499877929688,485.6000061035156,463.3495788574219,207823,JK Lakshmi Cement Limited
2017-05-24,485.8999938964844,491.0,473.0,481.8999938964844,459.8191223144531,171731,JK Lakshmi Cement Limited
2017-05-25,480.0,483.7999877929688,467.5499877929688,478.0499877929688,456.1454772949219,61135,JK Lakshmi Cement Limited
2017-05-26,479.5,486.0,473.0,481.1499938964844,459.1034851074219,59289,JK Lakshmi Cement Limited
2017-05-29,484.25,511.0,478.1000061035156,496.2999877929688,473.5592651367188,297128,JK Lakshmi Cement Limited
2017-05-30,495.8999938964844,500.7999877929688,482.0,495.3999938964844,472.7005004882813,91024,JK Lakshmi Cement Limited
2017-05-31,495.3999938964844,500.8500061035156,488.0,489.5,467.0708618164063,92350,JK Lakshmi Cement Limited
2017-06-01,484.5,494.8999938964844,484.5,485.8999938964844,463.6358642578125,23680,JK Lakshmi Cement Limited
2017-06-02,486.0,496.4500122070313,485.1000061035156,488.8500061035156,466.45062255859375,59652,JK Lakshmi Cement Limited
2017-06-05,490.0,504.3999938964844,488.8500061035156,498.8999938964844,476.0401306152344,129970,JK Lakshmi Cement Limited
2017-06-06,492.1000061035156,498.8999938964844,485.2000122070313,490.2000122070313,467.7388305664063,173293,JK Lakshmi Cement Limited
2017-06-07,492.6499938964844,493.9500122070313,484.2000122070313,487.25,464.92388916015625,48764,JK Lakshmi Cement Limited
2017-06-08,486.5499877929688,489.3999938964844,479.0,483.1000061035156,460.964111328125,87483,JK Lakshmi Cement Limited
2017-06-09,487.8500061035156,487.8500061035156,478.5,480.3999938964844,458.3878173828125,50889,JK Lakshmi Cement Limited
2017-06-12,480.3999938964844,483.7999877929688,466.6000061035156,473.7999877929688,452.0902404785156,36947,JK Lakshmi Cement Limited
2017-06-13,471.7999877929688,476.7000122070313,463.8999938964844,472.1000061035156,450.4681701660156,114328,JK Lakshmi Cement Limited
2017-06-14,469.3500061035156,486.0,469.3500061035156,482.2999877929688,460.2008056640625,44130,JK Lakshmi Cement Limited
2017-06-15,482.0,486.7999877929688,475.0,478.2000122070313,456.2886352539063,25430,JK Lakshmi Cement Limited
2017-06-16,476.75,502.9500122070313,476.75,496.9500122070313,474.1795349121094,173854,JK Lakshmi Cement Limited
2017-06-19,507.0,508.6499938964844,493.8999938964844,495.25,472.5574035644531,63885,JK Lakshmi Cement Limited
2017-06-20,499.5,499.5,480.5499877929688,484.3999938964844,462.20452880859375,35115,JK Lakshmi Cement Limited
2017-06-21,481.0,496.4500122070313,475.2000122070313,494.8500061035156,472.17572021484375,112138,JK Lakshmi Cement Limited
2017-06-22,495.75,499.3500061035156,487.0,488.8999938964844,466.4983825683594,50737,JK Lakshmi Cement Limited
2017-06-23,490.0,495.75,480.0,489.6000061035156,467.1663208007813,52664,JK Lakshmi Cement Limited
2017-06-27,486.6000061035156,495.0499877929688,484.0499877929688,493.2999877929688,470.6967468261719,51831,JK Lakshmi Cement Limited
2017-06-28,493.7999877929688,494.7000122070313,481.5,484.0,461.8228759765625,26726,JK Lakshmi Cement Limited
2017-06-29,482.25,489.4500122070313,479.9500122070313,482.9500122070313,460.8210144042969,40889,JK Lakshmi Cement Limited
2017-06-30,482.9500122070313,492.1000061035156,472.0,484.8999938964844,462.6816101074219,70767,JK Lakshmi Cement Limited
2017-07-03,489.5,489.5,478.0,479.5,457.5290832519531,39393,JK Lakshmi Cement Limited
2017-07-04,480.1000061035156,487.0,472.8500061035156,476.1000061035156,454.284912109375,70453,JK Lakshmi Cement Limited
2017-07-05,475.75,480.0,473.9500122070313,474.6000061035156,452.85357666015625,35367,JK Lakshmi Cement Limited
2017-07-06,475.0,479.0,473.2999877929688,474.5499877929688,452.8058776855469,36018,JK Lakshmi Cement Limited
2017-07-07,473.0,473.8500061035156,468.4500122070313,470.25,448.7029418945313,57403,JK Lakshmi Cement Limited
2017-07-10,474.0,474.4500122070313,467.6000061035156,470.8500061035156,449.27545166015625,5391,JK Lakshmi Cement Limited
2017-07-11,470.8500061035156,478.9500122070313,462.6000061035156,464.5499877929688,443.26409912109375,135124,JK Lakshmi Cement Limited
2017-07-12,465.4500122070313,472.7000122070313,459.0,470.3500061035156,448.79833984375,59029,JK Lakshmi Cement Limited
2017-07-13,474.5,476.5499877929688,467.0,469.7000122070313,448.1781311035156,189911,JK Lakshmi Cement Limited
2017-07-14,468.0499877929688,469.9500122070313,458.5,461.4500122070313,440.3061218261719,101350,JK Lakshmi Cement Limited
2017-07-17,462.0,470.0,461.1000061035156,468.1000061035156,446.65142822265625,44335,JK Lakshmi Cement Limited
2017-07-18,469.9500122070313,470.8500061035156,463.5499877929688,466.0,444.6476440429688,63305,JK Lakshmi Cement Limited
2017-07-19,468.3500061035156,475.3999938964844,465.0,470.75,449.1799926757813,55024,JK Lakshmi Cement Limited
2017-07-20,467.2000122070313,472.0,465.0,465.75,444.4091491699219,54836,JK Lakshmi Cement Limited
2017-07-21,467.6000061035156,470.8500061035156,462.0,465.6000061035156,444.2659606933594,96008,JK Lakshmi Cement Limited
2017-07-24,462.0,468.8999938964844,460.0,466.4500122070313,445.0769958496094,75019,JK Lakshmi Cement Limited
2017-07-25,466.6000061035156,470.0,463.0,467.5499877929688,446.1266174316406,72694,JK Lakshmi Cement Limited
2017-07-26,469.7000122070313,469.7000122070313,455.0499877929688,459.2999877929688,438.254638671875,86189,JK Lakshmi Cement Limited
2017-07-27,458.5,465.0,455.1000061035156,459.2999877929688,438.254638671875,40857,JK Lakshmi Cement Limited
2017-07-28,457.0,464.6499938964844,441.0,443.2999877929688,422.98773193359375,104758,JK Lakshmi Cement Limited
2017-07-31,445.0,463.9500122070313,445.0,457.6499938964844,436.6802368164063,44736,JK Lakshmi Cement Limited
2017-08-01,460.0,464.8500061035156,452.0,454.9500122070313,434.1039733886719,22092,JK Lakshmi Cement Limited
2017-08-02,456.9500122070313,458.9500122070313,450.0499877929688,455.1499938964844,434.2948303222656,21732,JK Lakshmi Cement Limited
2017-08-03,455.0,460.0,450.0499877929688,454.1499938964844,433.3406066894531,28103,JK Lakshmi Cement Limited
2017-08-04,453.8999938964844,460.0,446.5499877929688,449.5499877929688,428.951416015625,505027,JK Lakshmi Cement Limited
2017-08-07,452.0,455.75,444.1000061035156,446.1000061035156,425.6594543457031,96454,JK Lakshmi Cement Limited
2017-08-08,449.6499938964844,449.6499938964844,437.1499938964844,440.2999877929688,420.125244140625,85763,JK Lakshmi Cement Limited
2017-08-09,441.8999938964844,444.7999877929688,425.5,429.4500122070313,409.7723693847656,39928,JK Lakshmi Cement Limited
2017-08-10,426.2999877929688,431.4500122070313,416.2000122070313,417.6000061035156,398.4653930664063,66429,JK Lakshmi Cement Limited
2017-08-11,415.75,431.9500122070313,409.0,418.2999877929688,399.13330078125,55058,JK Lakshmi Cement Limited
2017-08-14,420.25,426.7000122070313,418.5,421.2000122070313,401.900390625,19923,JK Lakshmi Cement Limited
2017-08-16,422.9500122070313,424.8500061035156,417.2000122070313,418.5499877929688,399.3717956542969,32432,JK Lakshmi Cement Limited
2017-08-17,420.0,422.2999877929688,416.2000122070313,418.6499938964844,399.4672546386719,42742,JK Lakshmi Cement Limited
2017-08-18,417.9500122070313,420.0499877929688,414.2000122070313,416.8500061035156,397.749755859375,29958,JK Lakshmi Cement Limited
2017-08-21,417.0,419.0,412.2000122070313,413.2999877929688,394.3623962402344,28643,JK Lakshmi Cement Limited
2017-08-22,415.0,417.0,411.8500061035156,412.4500122070313,393.5513610839844,40896,JK Lakshmi Cement Limited
2017-08-23,413.9500122070313,419.5,413.1000061035156,416.8500061035156,397.749755859375,176379,JK Lakshmi Cement Limited
2017-08-24,418.8500061035156,419.2000122070313,410.2000122070313,411.7000122070313,392.835693359375,53036,JK Lakshmi Cement Limited
2017-08-28,413.4500122070313,414.9500122070313,411.0,413.0499877929688,394.1238403320313,54364,JK Lakshmi Cement Limited
2017-08-29,415.0,426.4500122070313,412.0,414.0499877929688,395.0780029296875,203495,JK Lakshmi Cement Limited
2017-08-30,416.3500061035156,423.6000061035156,414.7999877929688,416.9500122070313,398.567138671875,50962,JK Lakshmi Cement Limited
2017-08-31,417.9500122070313,428.0,415.0,425.5499877929688,406.7879333496094,54322,JK Lakshmi Cement Limited
2017-09-01,427.0,443.8999938964844,427.0,440.1499938964844,420.7442626953125,130372,JK Lakshmi Cement Limited
2017-09-04,439.6499938964844,439.7000122070313,426.0,429.8999938964844,410.9461669921875,227451,JK Lakshmi Cement Limited
2017-09-05,430.0,434.5,421.3999938964844,431.7999877929688,412.7623901367188,30448,JK Lakshmi Cement Limited
2017-09-06,428.0,434.1000061035156,425.0,428.3500061035156,409.4645385742188,32388,JK Lakshmi Cement Limited
2017-09-07,430.5499877929688,430.9500122070313,421.25,422.7000122070313,404.0635681152344,29465,JK Lakshmi Cement Limited
2017-09-08,423.0,428.0499877929688,421.0,422.4500122070313,403.8246154785156,25256,JK Lakshmi Cement Limited
2017-09-11,422.2999877929688,424.5,417.2000122070313,418.8500061035156,400.3833618164063,43770,JK Lakshmi Cement Limited
2017-09-12,420.0,432.7000122070313,417.1000061035156,428.1000061035156,409.2254943847656,63227,JK Lakshmi Cement Limited
2017-09-13,428.9500122070313,430.7999877929688,422.0,424.6000061035156,405.8797912597656,46068,JK Lakshmi Cement Limited
2017-09-14,426.0,427.8500061035156,421.7000122070313,426.5,407.6960144042969,136198,JK Lakshmi Cement Limited
2017-09-15,425.8500061035156,433.7999877929688,420.0,430.8500061035156,411.854248046875,94731,JK Lakshmi Cement Limited
2017-09-18,431.0,434.7999877929688,424.0,424.9500122070313,406.2144470214844,46662,JK Lakshmi Cement Limited
2017-09-19,425.8999938964844,428.0499877929688,418.2000122070313,419.2000122070313,400.7179260253906,81272,JK Lakshmi Cement Limited
2017-09-20,420.8500061035156,423.5,416.2000122070313,417.6000061035156,399.1884460449219,56960,JK Lakshmi Cement Limited
2017-09-21,419.0,421.7000122070313,414.2000122070313,415.6499938964844,397.3243713378906,59726,JK Lakshmi Cement Limited
2017-09-22,414.6000061035156,417.0,401.25,404.6499938964844,386.8093566894531,291312,JK Lakshmi Cement Limited
2017-09-25,408.0,408.0,385.0,390.0499877929688,372.8530883789063,75716,JK Lakshmi Cement Limited
2017-09-26,389.8500061035156,397.3999938964844,385.0,387.2000122070313,370.1287536621094,51022,JK Lakshmi Cement Limited
2017-09-27,389.3999938964844,392.0,385.2000122070313,386.6000061035156,369.5552062988281,33267,JK Lakshmi Cement Limited
2017-09-28,386.6000061035156,389.8999938964844,382.0,385.0499877929688,368.0735168457031,322999,JK Lakshmi Cement Limited
2017-09-29,386.1499938964844,399.8999938964844,383.5499877929688,387.9500122070313,370.8456726074219,78434,JK Lakshmi Cement Limited
2017-10-03,388.9500122070313,388.9500122070313,381.5,386.2000122070313,369.1728515625,464292,JK Lakshmi Cement Limited
2017-10-04,387.5,395.0,387.5,388.5,371.3714294433594,21900,JK Lakshmi Cement Limited
2017-10-05,390.7000122070313,396.7000122070313,387.7000122070313,394.0499877929688,376.6767272949219,79846,JK Lakshmi Cement Limited
2017-10-06,394.7999877929688,395.25,391.1499938964844,394.7000122070313,377.298095703125,37542,JK Lakshmi Cement Limited
2017-10-09,394.3999938964844,403.0,394.0,397.3999938964844,379.8789978027344,36171,JK Lakshmi Cement Limited
2017-10-10,399.0,399.0,385.9500122070313,386.6000061035156,369.5552062988281,57536,JK Lakshmi Cement Limited
2017-10-11,388.0,391.4500122070313,375.0,377.2000122070313,360.5696716308594,46847,JK Lakshmi Cement Limited
2017-10-12,377.2000122070313,387.6499938964844,375.2999877929688,385.25,368.26470947265625,191030,JK Lakshmi Cement Limited
2017-10-13,383.5499877929688,394.5,382.9500122070313,384.8500061035156,367.8823547363281,72173,JK Lakshmi Cement Limited
2017-10-16,387.7999877929688,394.3999938964844,387.0,392.1499938964844,374.8605041503906,281598,JK Lakshmi Cement Limited
2017-10-17,392.6000061035156,399.6000061035156,389.5,392.7999877929688,375.4818115234375,218899,JK Lakshmi Cement Limited
2017-10-18,392.5,392.5,388.7999877929688,390.5,373.28326416015625,68729,JK Lakshmi Cement Limited
2017-10-19,395.2999877929688,404.7999877929688,395.2999877929688,403.1499938964844,385.3755187988281,66425,JK Lakshmi Cement Limited
2017-10-23,407.0,409.7999877929688,404.0499877929688,407.5,389.5337524414063,62249,JK Lakshmi Cement Limited
2017-10-24,410.0,416.7999877929688,404.0,416.1000061035156,397.7545776367188,66164,JK Lakshmi Cement Limited
2017-10-25,418.5,433.6499938964844,415.5,429.0499877929688,410.1336364746094,240207,JK Lakshmi Cement Limited
2017-10-26,429.0499877929688,442.5,425.0,440.5,421.0787963867188,162434,JK Lakshmi Cement Limited
2017-10-27,442.8999938964844,449.0,436.5,440.6000061035156,421.1744384765625,825447,JK Lakshmi Cement Limited
2017-10-30,444.8999938964844,448.0,437.6000061035156,441.0,421.5567626953125,154163,JK Lakshmi Cement Limited
2017-10-31,443.5,443.5,430.6000061035156,433.2000122070313,414.1006774902344,41657,JK Lakshmi Cement Limited
2017-11-01,432.0,440.0,431.2999877929688,435.5499877929688,416.3470458984375,60343,JK Lakshmi Cement Limited
2017-11-02,435.5499877929688,437.5,412.0,434.9500122070313,415.77349853515625,129830,JK Lakshmi Cement Limited
2017-11-03,438.0,445.3500061035156,425.5499877929688,438.6000061035156,419.2625732421875,131596,JK Lakshmi Cement Limited
2017-11-06,441.7999877929688,446.7999877929688,435.3999938964844,441.9500122070313,422.4648742675781,82744,JK Lakshmi Cement Limited
2017-11-07,445.9500122070313,445.9500122070313,433.0,437.0499877929688,417.7809143066406,120621,JK Lakshmi Cement Limited
2017-11-08,439.0,456.8999938964844,433.0,436.3500061035156,417.1117858886719,233709,JK Lakshmi Cement Limited
2017-11-09,433.0,456.7999877929688,425.8999938964844,453.8999938964844,433.8880615234375,181870,JK Lakshmi Cement Limited
2017-11-10,455.0,458.7999877929688,435.5,441.2000122070313,421.7479553222656,72740,JK Lakshmi Cement Limited
2017-11-13,436.2000122070313,450.9500122070313,435.0,440.0499877929688,420.6486511230469,85102,JK Lakshmi Cement Limited
2017-11-14,436.0499877929688,445.7999877929688,433.25,438.7000122070313,419.3582153320313,56947,JK Lakshmi Cement Limited
2017-11-15,440.8999938964844,440.8999938964844,429.7999877929688,433.0499877929688,413.9572448730469,43549,JK Lakshmi Cement Limited
2017-11-16,433.1499938964844,439.7999877929688,430.0499877929688,437.0499877929688,417.7809143066406,37104,JK Lakshmi Cement Limited
2017-11-17,440.0,441.0,426.5,427.3500061035156,408.508544921875,102666,JK Lakshmi Cement Limited
2017-11-20,420.0,420.0,405.0,408.1499938964844,390.1550903320313,222399,JK Lakshmi Cement Limited
2017-11-21,408.0,408.0,394.5,398.7999877929688,381.21728515625,683872,JK Lakshmi Cement Limited
2017-11-22,400.0,405.5,390.8999938964844,393.5,376.1509399414063,592804,JK Lakshmi Cement Limited
2017-11-23,399.8999938964844,401.8999938964844,389.2999877929688,393.2999877929688,375.9597778320313,202727,JK Lakshmi Cement Limited
2017-11-24,397.0,399.5499877929688,388.0,391.8500061035156,374.57373046875,138846,JK Lakshmi Cement Limited
2017-11-27,397.3999938964844,409.8999938964844,396.8500061035156,408.8500061035156,390.82421875,237399,JK Lakshmi Cement Limited
2017-11-28,413.0,417.0,405.0,408.1499938964844,390.1550903320313,124350,JK Lakshmi Cement Limited
2017-11-29,411.7000122070313,418.8999938964844,406.3500061035156,409.5499877929688,391.4933776855469,112826,JK Lakshmi Cement Limited
2017-11-30,412.0,412.0,403.0,409.6000061035156,391.5411682128906,69622,JK Lakshmi Cement Limited
2017-12-01,410.0499877929688,415.0,406.0,410.0,391.9235229492188,97640,JK Lakshmi Cement Limited
2017-12-04,412.0,412.0,402.1000061035156,410.25,392.1624755859375,46578,JK Lakshmi Cement Limited
2017-12-05,410.9500122070313,414.0,405.25,411.6000061035156,393.4530029296875,54713,JK Lakshmi Cement Limited
2017-12-06,410.0,415.0,408.0499877929688,412.1000061035156,393.9309387207031,39016,JK Lakshmi Cement Limited
2017-12-07,412.0,418.0,408.1000061035156,411.25,393.118408203125,56119,JK Lakshmi Cement Limited
2017-12-08,414.75,422.8500061035156,410.8500061035156,415.2999877929688,396.9898681640625,84329,JK Lakshmi Cement Limited
2017-12-11,417.9500122070313,417.9500122070313,412.8500061035156,414.0,395.74713134765625,26803,JK Lakshmi Cement Limited
2017-12-12,417.0,417.8999938964844,409.9500122070313,411.5499877929688,393.4051513671875,41898,JK Lakshmi Cement Limited
2017-12-13,412.2999877929688,433.6000061035156,409.5,429.3500061035156,410.42041015625,374040,JK Lakshmi Cement Limited
2017-12-14,429.0,442.0,423.0,440.3500061035156,420.9354248046875,172889,JK Lakshmi Cement Limited
2017-12-15,444.0,444.7000122070313,434.2000122070313,438.6000061035156,419.2625732421875,129221,JK Lakshmi Cement Limited
2017-12-18,437.3999938964844,444.0,424.0,432.7000122070313,413.6227111816406,79700,JK Lakshmi Cement Limited
2017-12-19,433.0,443.0,433.0,441.0,421.5567626953125,148272,JK Lakshmi Cement Limited
2017-12-20,439.0,475.0,438.0499877929688,458.7000122070313,438.4763488769531,253599,JK Lakshmi Cement Limited
2017-12-21,461.0,465.8999938964844,450.0,451.9500122070313,432.0239562988281,49604,JK Lakshmi Cement Limited
2017-12-22,455.0,456.5,441.0,444.25,424.6634826660156,42309,JK Lakshmi Cement Limited
2017-12-26,442.1000061035156,449.8999938964844,438.2000122070313,439.6499938964844,420.2662658691406,46107,JK Lakshmi Cement Limited
2017-12-27,442.7000122070313,447.6499938964844,434.2000122070313,435.1000061035156,415.9169006347656,31185,JK Lakshmi Cement Limited
2017-12-28,435.1499938964844,438.8999938964844,431.0,431.8999938964844,412.8579406738281,32113,JK Lakshmi Cement Limited
2017-12-29,432.25,442.0,432.25,439.8999938964844,420.5052185058594,46880,JK Lakshmi Cement Limited
2018-01-01,443.9500122070313,444.8500061035156,439.0499877929688,440.1499938964844,420.7442626953125,31627,JK Lakshmi Cement Limited
2018-01-02,441.25,444.8999938964844,438.0,440.7999877929688,421.3655395507813,37866,JK Lakshmi Cement Limited
2018-01-03,440.7999877929688,445.75,438.7999877929688,441.8999938964844,422.4170837402344,32446,JK Lakshmi Cement Limited
2018-01-04,445.75,453.3999938964844,440.8500061035156,447.8999938964844,428.1525573730469,182192,JK Lakshmi Cement Limited
2018-01-05,449.8999938964844,456.3999938964844,444.2000122070313,447.6000061035156,427.8657836914063,120445,JK Lakshmi Cement Limited
2018-01-08,446.1000061035156,452.3999938964844,443.6499938964844,450.6000061035156,430.7335205078125,34937,JK Lakshmi Cement Limited
2018-01-09,446.25,450.5499877929688,439.2999877929688,443.9500122070313,424.3767395019531,62982,JK Lakshmi Cement Limited
2018-01-10,448.8999938964844,449.8999938964844,442.0,446.5,426.8142700195313,40286,JK Lakshmi Cement Limited
2018-01-11,450.6000061035156,459.9500122070313,447.1000061035156,449.3999938964844,429.58642578125,42701,JK Lakshmi Cement Limited
2018-01-12,450.0499877929688,456.8999938964844,445.0,446.0,426.3363342285156,50623,JK Lakshmi Cement Limited
2018-01-15,445.5,455.0,433.0,438.4500122070313,419.11920166015625,54475,JK Lakshmi Cement Limited
2018-01-16,439.9500122070313,460.3999938964844,439.8999938964844,448.2999877929688,428.534912109375,191934,JK Lakshmi Cement Limited
2018-01-17,451.0,452.6499938964844,443.0,447.7000122070313,427.9613342285156,258630,JK Lakshmi Cement Limited
2018-01-18,449.0499877929688,451.1499938964844,440.1000061035156,443.3500061035156,423.8031311035156,46046,JK Lakshmi Cement Limited
2018-01-19,442.0,444.75,428.0,433.6499938964844,414.5308227539063,104130,JK Lakshmi Cement Limited
2018-01-22,433.0499877929688,437.0499877929688,429.0,430.7000122070313,411.7108459472656,27503,JK Lakshmi Cement Limited
2018-01-23,435.0,438.9500122070313,425.2000122070313,428.2000122070313,409.3211059570313,67623,JK Lakshmi Cement Limited
2018-01-24,429.9500122070313,431.8999938964844,422.0,424.1499938964844,405.44964599609375,32698,JK Lakshmi Cement Limited
2018-01-25,428.0,428.0,418.0,421.0499877929688,402.486328125,68586,JK Lakshmi Cement Limited
2018-01-29,416.7999877929688,424.0,411.0,412.7999877929688,394.60003662109375,92688,JK Lakshmi Cement Limited
2018-01-30,416.9500122070313,416.9500122070313,406.2000122070313,413.1499938964844,394.9346618652344,93008,JK Lakshmi Cement Limited
2018-01-31,416.0,420.0,410.5499877929688,411.75,393.5963439941406,557088,JK Lakshmi Cement Limited
2018-02-01,411.0,420.8999938964844,408.9500122070313,413.25,395.0302429199219,364390,JK Lakshmi Cement Limited
2018-02-02,412.0499877929688,412.3500061035156,403.2000122070313,405.2000122070313,387.3351440429688,77440,JK Lakshmi Cement Limited
2018-02-05,405.0,418.0,399.0,409.3500061035156,391.3022155761719,66440,JK Lakshmi Cement Limited
2018-02-06,402.0,410.0,390.0,401.6499938964844,383.9416198730469,93486,JK Lakshmi Cement Limited
2018-02-07,409.0,412.8500061035156,402.0,406.2000122070313,388.29107666015625,51426,JK Lakshmi Cement Limited
2018-02-08,410.9500122070313,426.5499877929688,402.0,419.25,400.76568603515625,99405,JK Lakshmi Cement Limited
2018-02-09,412.7000122070313,436.8999938964844,401.7000122070313,415.1000061035156,396.7986450195313,48117,JK Lakshmi Cement Limited
2018-02-12,415.0,425.0,410.8500061035156,423.7999877929688,405.1150512695313,64468,JK Lakshmi Cement Limited
2018-02-14,424.3999938964844,430.0,417.1000061035156,425.5499877929688,406.7879333496094,67938,JK Lakshmi Cement Limited
2018-02-15,424.1000061035156,429.6000061035156,418.6000061035156,422.75,404.11138916015625,52990,JK Lakshmi Cement Limited
2018-02-16,422.75,429.8999938964844,418.0499877929688,420.75,402.1995544433594,79428,JK Lakshmi Cement Limited
2018-02-19,419.7000122070313,422.8500061035156,410.0,415.9500122070313,397.6112060546875,36385,JK Lakshmi Cement Limited
2018-02-20,411.0,420.7999877929688,411.0,419.1000061035156,400.622314453125,45271,JK Lakshmi Cement Limited
2018-02-21,419.9500122070313,421.0,411.6499938964844,420.1499938964844,401.6259765625,37564,JK Lakshmi Cement Limited
2018-02-22,419.75,422.75,413.0,420.6000061035156,402.0561828613281,35289,JK Lakshmi Cement Limited
2018-02-23,417.2999877929688,434.8999938964844,417.2999877929688,425.7999877929688,407.0269470214844,63703,JK Lakshmi Cement Limited
2018-02-26,425.9500122070313,436.2000122070313,420.0,433.1499938964844,414.0528564453125,72873,JK Lakshmi Cement Limited
2018-02-27,432.0,437.0,429.0,435.8999938964844,416.681640625,46466,JK Lakshmi Cement Limited
2018-02-28,434.0,437.5,419.7999877929688,424.8500061035156,406.1188354492188,80816,JK Lakshmi Cement Limited
2018-03-01,422.0,438.0,421.0499877929688,431.6000061035156,412.5711975097656,96815,JK Lakshmi Cement Limited
2018-03-05,430.0,436.5499877929688,426.0,428.1000061035156,409.2254943847656,642904,JK Lakshmi Cement Limited
2018-03-06,427.0,434.9500122070313,425.2000122070313,426.25,407.45709228515625,54931,JK Lakshmi Cement Limited
2018-03-07,425.0,427.9500122070313,417.2000122070313,419.7000122070313,401.1958618164063,67387,JK Lakshmi Cement Limited
2018-03-08,415.6499938964844,422.0,410.0,414.1000061035156,395.8427734375,87359,JK Lakshmi Cement Limited
2018-03-09,411.0499877929688,420.3500061035156,411.0499877929688,419.0499877929688,400.5744934082031,77550,JK Lakshmi Cement Limited
2018-03-12,419.0,426.9500122070313,417.0499877929688,422.6000061035156,403.968017578125,111328,JK Lakshmi Cement Limited
2018-03-13,422.0,432.4500122070313,417.6000061035156,425.3999938964844,406.6445617675781,133916,JK Lakshmi Cement Limited
2018-03-14,420.0,427.1000061035156,420.0,423.9500122070313,405.2585144042969,36597,JK Lakshmi Cement Limited
2018-03-15,421.0,441.0,421.0,439.8500061035156,420.45745849609375,234426,JK Lakshmi Cement Limited
2018-03-16,439.0,443.9500122070313,422.0,424.25,405.5452575683594,101622,JK Lakshmi Cement Limited
2018-03-19,432.8999938964844,432.8999938964844,415.2000122070313,419.8500061035156,401.3392639160156,409762,JK Lakshmi Cement Limited
2018-03-20,415.2000122070313,421.1499938964844,415.2000122070313,419.8999938964844,401.3870239257813,69706,JK Lakshmi Cement Limited
2018-03-21,417.0,445.0,415.2000122070313,435.3500061035156,416.1558532714844,214594,JK Lakshmi Cement Limited
2018-03-22,438.0,449.0,429.9500122070313,444.7000122070313,425.0936279296875,119738,JK Lakshmi Cement Limited
2018-03-23,436.0,455.0,434.9500122070313,452.1499938964844,432.2151794433594,128732,JK Lakshmi Cement Limited
2018-03-26,449.0,461.5,442.0,458.0,437.8072814941406,112914,JK Lakshmi Cement Limited
2018-03-27,461.0,470.9500122070313,455.0499877929688,463.25,442.8258056640625,207891,JK Lakshmi Cement Limited
2018-03-28,457.9500122070313,487.3999938964844,400.0,461.3999938964844,441.0573425292969,369538,JK Lakshmi Cement Limited
2018-04-02,441.5499877929688,449.7999877929688,439.0,443.5499877929688,423.9943237304688,54283,JK Lakshmi Cement Limited
2018-04-03,440.4500122070313,449.0499877929688,439.0,442.3999938964844,422.89501953125,28163,JK Lakshmi Cement Limited
2018-04-04,444.5,450.7999877929688,432.25,435.5,416.2992248535156,49017,JK Lakshmi Cement Limited
2018-04-05,440.9500122070313,441.7999877929688,430.0499877929688,432.0499877929688,413.0013427734375,148434,JK Lakshmi Cement Limited
2018-04-06,432.1000061035156,442.7999877929688,432.1000061035156,439.5,420.1228942871094,69977,JK Lakshmi Cement Limited
2018-04-09,437.5499877929688,440.7999877929688,429.75,434.4500122070313,415.2955627441406,59721,JK Lakshmi Cement Limited
2018-04-10,434.5,440.7999877929688,432.1499938964844,437.6000061035156,418.3066711425781,26823,JK Lakshmi Cement Limited
2018-04-11,437.6000061035156,440.7999877929688,428.2999877929688,433.25,414.1484680175781,262116,JK Lakshmi Cement Limited
2018-04-12,430.2000122070313,439.7000122070313,429.0499877929688,431.1000061035156,412.0933227539063,48511,JK Lakshmi Cement Limited
2018-04-13,431.1000061035156,436.5,422.5,425.7000122070313,406.9313049316406,90090,JK Lakshmi Cement Limited
2018-04-16,423.9500122070313,431.4500122070313,419.2000122070313,421.5499877929688,402.9643249511719,45213,JK Lakshmi Cement Limited
2018-04-17,424.7999877929688,428.9500122070313,419.1000061035156,420.6000061035156,402.0561828613281,50882,JK Lakshmi Cement Limited
2018-04-18,421.9500122070313,424.5,416.5,422.4500122070313,403.8246154785156,203762,JK Lakshmi Cement Limited
2018-04-19,423.0,428.5,421.0,425.9500122070313,407.17034912109375,41775,JK Lakshmi Cement Limited
2018-04-20,425.2999877929688,426.8999938964844,417.1499938964844,419.7999877929688,401.29150390625,47613,JK Lakshmi Cement Limited
2018-04-23,420.1000061035156,422.0,413.1000061035156,418.6499938964844,400.192138671875,51687,JK Lakshmi Cement Limited
2018-04-24,418.3500061035156,425.9500122070313,418.1000061035156,419.2999877929688,400.8134460449219,84438,JK Lakshmi Cement Limited
2018-04-25,422.5,422.5,405.3500061035156,409.1499938964844,391.1109924316406,78032,JK Lakshmi Cement Limited
2018-04-26,409.7000122070313,411.8500061035156,396.5,400.4500122070313,382.7945556640625,144245,JK Lakshmi Cement Limited
2018-04-27,400.0,407.3999938964844,396.0,397.9500122070313,380.40478515625,70346,JK Lakshmi Cement Limited
2018-04-30,401.0,410.5,397.9500122070313,408.7000122070313,390.6808776855469,86961,JK Lakshmi Cement Limited
2018-05-02,409.0,416.9500122070313,409.0,413.25,395.0302429199219,147669,JK Lakshmi Cement Limited
2018-05-03,417.5,417.5,400.0499877929688,408.1499938964844,390.1550903320313,39794,JK Lakshmi Cement Limited
2018-05-04,408.0499877929688,410.0,404.5499877929688,407.8500061035156,389.8683166503906,17754,JK Lakshmi Cement Limited
2018-05-07,407.6000061035156,414.9500122070313,407.6000061035156,413.6000061035156,395.3647766113281,39211,JK Lakshmi Cement Limited
2018-05-08,409.3500061035156,414.8999938964844,406.1000061035156,409.0499877929688,391.015380859375,54435,JK Lakshmi Cement Limited
2018-05-09,408.0,413.25,400.0499877929688,401.1499938964844,383.4637451171875,57555,JK Lakshmi Cement Limited
2018-05-10,402.0499877929688,404.6499938964844,391.6000061035156,394.0,376.6289367675781,50461,JK Lakshmi Cement Limited
2018-05-11,396.0,396.7999877929688,389.5,390.6499938964844,373.4266052246094,57343,JK Lakshmi Cement Limited
2018-05-14,394.75,400.0,383.75,385.6499938964844,368.6470947265625,48536,JK Lakshmi Cement Limited
2018-05-15,389.8500061035156,389.8500061035156,382.25,383.7999877929688,366.8786315917969,38829,JK Lakshmi Cement Limited
2018-05-16,380.0,385.2000122070313,375.8999938964844,384.7999877929688,367.8345642089844,39786,JK Lakshmi Cement Limited
2018-05-17,389.7999877929688,409.0,375.0499877929688,377.3999938964844,360.76080322265625,222947,JK Lakshmi Cement Limited
2018-05-18,379.2000122070313,380.25,375.2000122070313,379.3500061035156,362.6248474121094,183922,JK Lakshmi Cement Limited
2018-05-21,380.1499938964844,384.7000122070313,372.5499877929688,382.0,365.1580200195313,155398,JK Lakshmi Cement Limited
2018-05-22,381.8999938964844,387.8999938964844,377.1499938964844,385.6499938964844,368.6470947265625,29036,JK Lakshmi Cement Limited
2018-05-23,386.4500122070313,388.7999877929688,376.6000061035156,383.5,366.59185791015625,31591,JK Lakshmi Cement Limited
2018-05-24,382.7000122070313,387.0,377.8999938964844,380.9500122070313,364.154296875,27902,JK Lakshmi Cement Limited
2018-05-25,379.8999938964844,379.8999938964844,372.0,373.6000061035156,357.12841796875,48765,JK Lakshmi Cement Limited
2018-05-28,373.9500122070313,378.3999938964844,369.0499877929688,370.6000061035156,354.2606201171875,48012,JK Lakshmi Cement Limited
2018-05-29,370.0,376.7000122070313,368.0,369.5,353.20916748046875,35379,JK Lakshmi Cement Limited
2018-05-30,369.0,373.5,366.0,367.6000061035156,351.3928527832031,22962,JK Lakshmi Cement Limited
2018-05-31,370.0,372.1000061035156,359.0,360.75,344.84490966796875,51351,JK Lakshmi Cement Limited
2018-06-01,363.75,366.0,354.1000061035156,357.3999938964844,341.6426086425781,86865,JK Lakshmi Cement Limited
2018-06-04,359.0,359.0,342.1499938964844,344.3999938964844,329.2157592773437,84897,JK Lakshmi Cement Limited
2018-06-05,343.0,344.25,328.20001220703125,330.3500061035156,315.78521728515625,393202,JK Lakshmi Cement Limited
2018-06-06,325.29998779296875,341.54998779296875,325.29998779296875,337.6000061035156,322.715576171875,47263,JK Lakshmi Cement Limited
2018-06-07,336.0,343.45001220703125,336.0,339.1000061035156,324.1494445800781,49523,JK Lakshmi Cement Limited
2018-06-08,339.0,339.0,330.0,330.6499938964844,316.0719299316406,52795,JK Lakshmi Cement Limited
2018-06-11,331.0,336.0,331.0,333.54998779296875,318.8440856933594,46333,JK Lakshmi Cement Limited
2018-06-12,333.1499938964844,337.8999938964844,331.0,332.0,317.3624572753906,66544,JK Lakshmi Cement Limited
2018-06-13,334.3500061035156,336.0,332.0,334.8999938964844,320.13458251953125,62858,JK Lakshmi Cement Limited
2018-06-14,335.0,335.04998779296875,331.8999938964844,334.54998779296875,319.79998779296875,41923,JK Lakshmi Cement Limited
2018-06-15,332.1499938964844,335.04998779296875,331.25,333.04998779296875,318.3661804199219,36475,JK Lakshmi Cement Limited
2018-06-18,334.8999938964844,334.8999938964844,330.0,333.5,318.7962951660156,30163,JK Lakshmi Cement Limited
2018-06-19,334.8500061035156,337.45001220703125,317.0,319.25,305.1745910644531,206313,JK Lakshmi Cement Limited
2018-06-20,320.95001220703125,324.45001220703125,319.54998779296875,321.8500061035156,307.6599426269531,187902,JK Lakshmi Cement Limited
2018-06-21,323.0,324.0,319.70001220703125,323.54998779296875,309.2850036621094,24452,JK Lakshmi Cement Limited
2018-06-22,323.95001220703125,323.95001220703125,315.0,321.29998779296875,307.1341857910156,116638,JK Lakshmi Cement Limited
2018-06-25,317.5,323.3999938964844,317.5,319.25,305.1745910644531,22202,JK Lakshmi Cement Limited
2018-06-26,318.95001220703125,320.95001220703125,315.04998779296875,317.3999938964844,303.4061584472656,223791,JK Lakshmi Cement Limited
2018-06-27,317.45001220703125,319.75,306.0,307.6000061035156,294.0382385253906,22992,JK Lakshmi Cement Limited
2018-06-28,312.8999938964844,312.8999938964844,298.0,300.95001220703125,287.68145751953125,41983,JK Lakshmi Cement Limited
2018-06-29,303.0,313.54998779296875,302.1000061035156,310.1499938964844,296.47576904296875,44024,JK Lakshmi Cement Limited
2018-07-02,311.0,314.95001220703125,305.04998779296875,311.8500061035156,298.1008605957031,54124,JK Lakshmi Cement Limited
2018-07-03,310.20001220703125,319.95001220703125,310.1499938964844,314.25,300.39501953125,63721,JK Lakshmi Cement Limited
2018-07-04,312.0,324.0,311.6000061035156,317.95001220703125,303.9319152832031,67735,JK Lakshmi Cement Limited
2018-07-05,323.0,323.0,316.0,317.3500061035156,303.3583068847656,54867,JK Lakshmi Cement Limited
2018-07-06,317.3500061035156,334.79998779296875,317.3500061035156,332.6000061035156,317.9360656738281,69044,JK Lakshmi Cement Limited
2018-07-09,338.6499938964844,348.0,333.5,346.1000061035156,330.8408508300781,66838,JK Lakshmi Cement Limited
2018-07-10,345.0,350.8999938964844,338.45001220703125,349.1499938964844,333.7563171386719,105409,JK Lakshmi Cement Limited
2018-07-11,348.95001220703125,350.8999938964844,342.0,347.6000061035156,332.274658203125,57738,JK Lakshmi Cement Limited
2018-07-12,346.0,350.0,345.04998779296875,348.0,332.65704345703125,49303,JK Lakshmi Cement Limited
2018-07-13,345.3999938964844,350.0,343.3999938964844,347.79998779296875,332.4658508300781,42866,JK Lakshmi Cement Limited
2018-07-16,342.0,348.5,329.0,331.1499938964844,316.5499572753906,41518,JK Lakshmi Cement Limited
2018-07-17,327.6000061035156,334.79998779296875,327.6000061035156,332.54998779296875,317.8882141113281,48856,JK Lakshmi Cement Limited
2018-07-18,333.04998779296875,334.95001220703125,318.1000061035156,320.1499938964844,306.034912109375,27368,JK Lakshmi Cement Limited
2018-07-19,320.70001220703125,326.0,320.0,323.54998779296875,309.2850036621094,20470,JK Lakshmi Cement Limited
2018-07-20,328.8500061035156,328.8500061035156,320.5,323.54998779296875,309.2850036621094,23130,JK Lakshmi Cement Limited
2018-07-23,324.0,326.8999938964844,316.25,320.70001220703125,306.5606994628906,23565,JK Lakshmi Cement Limited
2018-07-24,321.95001220703125,347.8999938964844,321.8999938964844,333.54998779296875,318.8440856933594,136807,JK Lakshmi Cement Limited
2018-07-25,330.5,339.1499938964844,324.8999938964844,326.79998779296875,312.3917236328125,83969,JK Lakshmi Cement Limited
2018-07-26,329.0,339.0,328.1000061035156,332.70001220703125,318.0315856933594,94983,JK Lakshmi Cement Limited
2018-07-27,333.5,348.0,328.25,337.0,322.1419982910156,42765,JK Lakshmi Cement Limited
2018-07-30,338.95001220703125,342.8999938964844,333.29998779296875,335.79998779296875,320.9949035644531,22024,JK Lakshmi Cement Limited
2018-07-31,339.95001220703125,343.0,334.0,338.75,323.8148803710937,17598,JK Lakshmi Cement Limited
2018-08-01,344.8500061035156,345.0,334.5,338.6000061035156,323.6714782714844,43562,JK Lakshmi Cement Limited
2018-08-02,339.79998779296875,339.79998779296875,328.0,332.75,318.07940673828125,33552,JK Lakshmi Cement Limited
2018-08-03,322.0,339.70001220703125,320.0,330.45001220703125,315.8807983398437,90325,JK Lakshmi Cement Limited
2018-08-06,330.5,332.1000061035156,320.1000061035156,321.29998779296875,307.1341857910156,51643,JK Lakshmi Cement Limited
2018-08-07,320.04998779296875,325.0,317.45001220703125,320.45001220703125,306.3217163085937,32142,JK Lakshmi Cement Limited
2018-08-08,320.0,326.0,320.0,321.3500061035156,307.1820373535156,17334,JK Lakshmi Cement Limited
2018-08-09,323.25,333.0,323.1000061035156,328.04998779296875,313.5865783691406,52757,JK Lakshmi Cement Limited
2018-08-10,331.8999938964844,333.5,314.1499938964844,320.04998779296875,305.9393005371094,61298,JK Lakshmi Cement Limited
2018-08-13,320.1000061035156,324.75,315.04998779296875,317.79998779296875,303.7884826660156,19142,JK Lakshmi Cement Limited
2018-08-14,316.25,326.20001220703125,316.25,324.70001220703125,310.38433837890625,25868,JK Lakshmi Cement Limited
2018-08-16,326.0,328.5,320.04998779296875,321.95001220703125,307.755615234375,20866,JK Lakshmi Cement Limited
2018-08-17,324.95001220703125,329.8999938964844,321.5,328.3999938964844,313.921142578125,24330,JK Lakshmi Cement Limited
2018-08-20,329.8999938964844,343.0,323.1499938964844,336.0,321.1861267089844,82785,JK Lakshmi Cement Limited
2018-08-21,343.8999938964844,344.8999938964844,336.1000061035156,337.1000061035156,322.23760986328125,42318,JK Lakshmi Cement Limited
2018-08-23,335.04998779296875,340.8500061035156,330.1000061035156,333.54998779296875,318.8440856933594,21206,JK Lakshmi Cement Limited
2018-08-24,331.75,337.0,330.04998779296875,333.29998779296875,318.6051330566406,24796,JK Lakshmi Cement Limited
2018-08-27,336.79998779296875,337.79998779296875,323.1000061035156,328.75,314.2557373046875,28504,JK Lakshmi Cement Limited
2018-08-28,329.95001220703125,331.5,327.0,328.54998779296875,314.0645446777344,20348,JK Lakshmi Cement Limited
2018-08-29,331.95001220703125,334.79998779296875,330.0,331.45001220703125,316.83673095703125,162258,JK Lakshmi Cement Limited
2018-08-30,327.04998779296875,332.1499938964844,320.95001220703125,322.3500061035156,308.83673095703125,63530,JK Lakshmi Cement Limited
2018-08-31,324.95001220703125,331.0,322.5,330.1000061035156,316.2618408203125,29768,JK Lakshmi Cement Limited
2018-09-03,330.0,332.8999938964844,327.0,329.8999938964844,316.0702819824219,31720,JK Lakshmi Cement Limited
2018-09-04,329.8999938964844,330.3999938964844,322.5,326.70001220703125,313.00445556640625,48144,JK Lakshmi Cement Limited
2018-09-05,322.20001220703125,330.04998779296875,322.20001220703125,325.6499938964844,311.9983825683594,23661,JK Lakshmi Cement Limited
2018-09-06,326.0,332.0,326.0,330.54998779296875,316.6930236816406,18762,JK Lakshmi Cement Limited
2018-09-07,332.20001220703125,332.20001220703125,325.04998779296875,330.3500061035156,316.5013732910156,24075,JK Lakshmi Cement Limited
2018-09-10,332.20001220703125,333.3500061035156,324.79998779296875,325.29998779296875,311.6630249023437,35626,JK Lakshmi Cement Limited
2018-09-11,324.0,327.95001220703125,322.3999938964844,326.0,312.3337707519531,27297,JK Lakshmi Cement Limited
2018-09-12,327.25,327.6000061035156,312.8999938964844,316.1000061035156,302.8487548828125,44546,JK Lakshmi Cement Limited
2018-09-14,316.0,320.75,315.04998779296875,316.1499938964844,302.89666748046875,28404,JK Lakshmi Cement Limited
2018-09-17,316.1499938964844,317.0,306.45001220703125,313.04998779296875,299.9266052246094,62855,JK Lakshmi Cement Limited
2018-09-18,313.79998779296875,315.0,308.70001220703125,310.29998779296875,297.2918701171875,37739,JK Lakshmi Cement Limited
2018-09-19,310.5,313.95001220703125,307.0,310.6000061035156,297.5793151855469,22583,JK Lakshmi Cement Limited
2018-09-21,309.25,334.0,309.0,318.54998779296875,305.1960144042969,813912,JK Lakshmi Cement Limited
2018-09-24,318.0,318.0,300.1000061035156,303.1000061035156,290.3937683105469,56268,JK Lakshmi Cement Limited
2018-09-25,303.1000061035156,307.1499938964844,300.04998779296875,305.6000061035156,292.7889099121094,15828,JK Lakshmi Cement Limited
2018-09-26,309.95001220703125,309.95001220703125,302.04998779296875,306.1499938964844,293.3158874511719,27807,JK Lakshmi Cement Limited
2018-09-27,300.3999938964844,314.0,300.3999938964844,308.54998779296875,295.6152648925781,364655,JK Lakshmi Cement Limited
2018-09-28,305.79998779296875,308.8500061035156,301.6000061035156,304.29998779296875,291.5434265136719,31545,JK Lakshmi Cement Limited
2018-10-01,302.0,305.5,289.04998779296875,298.3500061035156,285.8428649902344,65134,JK Lakshmi Cement Limited
2018-10-03,304.0,304.0,296.54998779296875,298.3999938964844,285.8907165527344,412727,JK Lakshmi Cement Limited
2018-10-04,296.6000061035156,300.5,290.1000061035156,297.5,285.0284729003906,145567,JK Lakshmi Cement Limited
2018-10-05,295.0,300.45001220703125,274.0,278.0,266.345947265625,96249,JK Lakshmi Cement Limited
2018-10-08,278.0,279.79998779296875,271.5,274.04998779296875,262.5615539550781,339058,JK Lakshmi Cement Limited
2018-10-09,274.0,285.8500061035156,272.6499938964844,280.6499938964844,268.8848571777344,98197,JK Lakshmi Cement Limited
2018-10-10,279.0,285.95001220703125,275.25,285.04998779296875,273.10040283203125,264447,JK Lakshmi Cement Limited
2018-10-11,285.0,285.0,270.0,270.95001220703125,259.5915222167969,88513,JK Lakshmi Cement Limited
2018-10-12,273.1499938964844,278.0,267.45001220703125,270.3500061035156,259.01666259765625,197209,JK Lakshmi Cement Limited
2018-10-15,272.0,274.3500061035156,265.0,267.6499938964844,256.4298095703125,22229,JK Lakshmi Cement Limited
2018-10-16,269.0,279.0,268.20001220703125,276.6000061035156,265.0046081542969,29491,JK Lakshmi Cement Limited
2018-10-17,279.20001220703125,309.79998779296875,275.1000061035156,277.6499938964844,266.0105895996094,215992,JK Lakshmi Cement Limited
2018-10-19,275.70001220703125,275.70001220703125,268.1499938964844,274.3999938964844,262.8968200683594,102712,JK Lakshmi Cement Limited
2018-10-22,274.1499938964844,274.1499938964844,265.0,266.45001220703125,255.28016662597656,27362,JK Lakshmi Cement Limited
2018-10-23,264.54998779296875,269.04998779296875,261.95001220703125,264.0,252.93283081054688,18638,JK Lakshmi Cement Limited
2018-10-24,263.20001220703125,269.0,263.20001220703125,267.6499938964844,256.4298095703125,21597,JK Lakshmi Cement Limited
2018-10-25,269.0,270.0,264.6499938964844,266.5,255.3280639648437,13790,JK Lakshmi Cement Limited
2018-10-26,265.0,272.1000061035156,263.95001220703125,265.79998779296875,254.6573638916016,13525,JK Lakshmi Cement Limited
2018-10-29,266.0,272.0,263.5,268.8999938964844,257.62744140625,38762,JK Lakshmi Cement Limited
2018-10-30,270.0,274.5,265.0,266.95001220703125,255.7591857910156,20693,JK Lakshmi Cement Limited
2018-10-31,266.6000061035156,270.0,264.0,267.20001220703125,255.99868774414065,30439,JK Lakshmi Cement Limited
2018-11-01,269.0,270.1499938964844,265.0,267.0,255.8070526123047,510157,JK Lakshmi Cement Limited
2018-11-02,270.0,281.0,267.1000061035156,268.70001220703125,257.4358215332031,54012,JK Lakshmi Cement Limited
2018-11-05,272.79998779296875,272.79998779296875,264.1000061035156,265.20001220703125,254.08258056640625,53637,JK Lakshmi Cement Limited
2018-11-06,265.70001220703125,268.3999938964844,263.29998779296875,265.20001220703125,254.08258056640625,29699,JK Lakshmi Cement Limited
2018-11-07,268.0,279.04998779296875,268.0,276.25,264.6693115234375,33689,JK Lakshmi Cement Limited
2018-11-09,283.0,283.0,272.25,274.29998779296875,262.801025390625,27307,JK Lakshmi Cement Limited
2018-11-12,274.29998779296875,276.3999938964844,267.1499938964844,268.79998779296875,257.5315856933594,31279,JK Lakshmi Cement Limited
2018-11-13,266.1000061035156,270.6000061035156,266.1000061035156,267.5,256.2861328125,9635,JK Lakshmi Cement Limited
2018-11-14,269.0,272.1000061035156,267.0,267.8999938964844,256.6693725585937,21976,JK Lakshmi Cement Limited
2018-11-15,271.95001220703125,274.8999938964844,265.8999938964844,270.1499938964844,258.8250427246094,64757,JK Lakshmi Cement Limited
2018-11-16,268.0,278.5,268.0,270.6499938964844,259.3040771484375,129616,JK Lakshmi Cement Limited
2018-11-19,271.0,273.1499938964844,267.0,269.5,258.2023010253906,31371,JK Lakshmi Cement Limited
2018-11-20,270.8999938964844,275.0,265.0,266.54998779296875,255.3759307861328,28385,JK Lakshmi Cement Limited
2018-11-21,266.3999938964844,275.0,266.3999938964844,271.54998779296875,260.16632080078125,50763,JK Lakshmi Cement Limited
2018-11-22,272.5,275.0,269.0,270.1000061035156,258.7771301269531,23740,JK Lakshmi Cement Limited
2018-11-26,269.0,273.5,269.0,270.95001220703125,259.5915222167969,24467,JK Lakshmi Cement Limited
2018-11-27,269.0,272.95001220703125,267.6000061035156,268.54998779296875,257.2921447753906,14598,JK Lakshmi Cement Limited
2018-11-28,268.5,269.95001220703125,263.25,264.25,253.17233276367188,17284,JK Lakshmi Cement Limited
2018-11-29,268.8999938964844,279.8999938964844,263.45001220703125,269.79998779296875,258.4896850585937,94127,JK Lakshmi Cement Limited
2018-11-30,268.0,277.45001220703125,268.0,274.20001220703125,262.70526123046875,103314,JK Lakshmi Cement Limited
2018-12-03,271.45001220703125,276.0,271.45001220703125,274.54998779296875,263.0405578613281,21434,JK Lakshmi Cement Limited
2018-12-04,271.25,279.8999938964844,271.25,275.54998779296875,263.9986267089844,43142,JK Lakshmi Cement Limited
2018-12-05,276.79998779296875,276.79998779296875,270.20001220703125,271.3999938964844,260.02264404296875,10489,JK Lakshmi Cement Limited
2018-12-06,269.8999938964844,276.95001220703125,260.20001220703125,268.6499938964844,257.3878479003906,25853,JK Lakshmi Cement Limited
2018-12-07,271.0,277.8999938964844,269.54998779296875,271.1499938964844,259.7830810546875,15091,JK Lakshmi Cement Limited
2018-12-10,270.0,272.5,264.6000061035156,265.29998779296875,254.1782989501953,15109,JK Lakshmi Cement Limited
2018-12-11,264.0,276.8999938964844,262.20001220703125,274.8999938964844,263.3758850097656,154471,JK Lakshmi Cement Limited
2018-12-12,272.45001220703125,282.8999938964844,272.45001220703125,279.5,267.7830505371094,50376,JK Lakshmi Cement Limited
2018-12-13,282.6499938964844,284.0,272.45001220703125,274.04998779296875,262.5615539550781,32221,JK Lakshmi Cement Limited
2018-12-14,281.79998779296875,291.0,277.3999938964844,280.04998779296875,268.3099975585937,153830,JK Lakshmi Cement Limited
2018-12-17,281.3999938964844,282.8999938964844,275.1000061035156,278.95001220703125,267.2561340332031,34670,JK Lakshmi Cement Limited
2018-12-18,277.0,281.8500061035156,276.45001220703125,279.75,268.0225830078125,46301,JK Lakshmi Cement Limited
2018-12-19,281.1499938964844,289.70001220703125,281.1499938964844,284.70001220703125,272.7651062011719,93336,JK Lakshmi Cement Limited
2018-12-20,279.20001220703125,289.6000061035156,279.20001220703125,286.79998779296875,274.77703857421875,23713,JK Lakshmi Cement Limited
2018-12-21,283.95001220703125,287.25,281.5,284.3500061035156,272.4297790527344,22980,JK Lakshmi Cement Limited
2018-12-24,282.0,284.3500061035156,274.3500061035156,280.1000061035156,268.35791015625,38834,JK Lakshmi Cement Limited
2018-12-26,283.5,286.0,276.1000061035156,284.0,272.09442138671875,447701,JK Lakshmi Cement Limited
2018-12-27,287.5,290.0,282.0,287.6000061035156,275.54351806640625,35372,JK Lakshmi Cement Limited
2018-12-28,284.0,291.20001220703125,284.0,288.1499938964844,276.0704345703125,48282,JK Lakshmi Cement Limited
2018-12-31,290.0,295.0,286.8500061035156,293.0,280.7171325683594,61473,JK Lakshmi Cement Limited
2019-01-01,294.1499938964844,318.0,294.1499938964844,311.3999938964844,298.3457946777344,335718,JK Lakshmi Cement Limited
2019-01-02,315.0,319.8500061035156,311.1499938964844,314.29998779296875,301.1242370605469,202819,JK Lakshmi Cement Limited
2019-01-03,315.04998779296875,318.0,312.79998779296875,314.5,301.3158264160156,81048,JK Lakshmi Cement Limited
2019-01-04,313.79998779296875,319.29998779296875,312.0,313.6499938964844,300.5014953613281,183751,JK Lakshmi Cement Limited
2019-01-07,315.5,315.75,312.0,314.1000061035156,300.9325866699219,66192,JK Lakshmi Cement Limited
2019-01-08,312.25,317.3500061035156,310.04998779296875,313.1000061035156,299.9745178222656,221597,JK Lakshmi Cement Limited
2019-01-09,315.0,315.0,300.75,303.75,291.0165100097656,35874,JK Lakshmi Cement Limited
2019-01-10,302.29998779296875,302.29998779296875,295.1000061035156,295.79998779296875,283.3997497558594,41380,JK Lakshmi Cement Limited
2019-01-11,298.45001220703125,298.45001220703125,282.79998779296875,288.0,275.9267578125,67404,JK Lakshmi Cement Limited
2019-01-14,294.79998779296875,299.95001220703125,286.1499938964844,297.75,285.2679748535156,40243,JK Lakshmi Cement Limited
2019-01-15,297.75,317.0,297.75,308.54998779296875,295.6152648925781,200828,JK Lakshmi Cement Limited
2019-01-16,308.0,312.45001220703125,304.04998779296875,306.3999938964844,293.5553894042969,46164,JK Lakshmi Cement Limited
2019-01-17,306.3999938964844,307.5,300.0,301.75,289.1003112792969,28391,JK Lakshmi Cement Limited
2019-01-18,300.04998779296875,304.1499938964844,296.75,300.25,287.6632080078125,22352,JK Lakshmi Cement Limited
2019-01-21,297.70001220703125,301.75,291.5,294.25,281.91473388671875,15165,JK Lakshmi Cement Limited
2019-01-22,291.5,299.3500061035156,291.29998779296875,296.1499938964844,283.73504638671875,14541,JK Lakshmi Cement Limited
2019-01-23,296.8500061035156,296.8500061035156,293.1499938964844,296.0,283.5913391113281,12634,JK Lakshmi Cement Limited
2019-01-24,294.1000061035156,296.0,292.0,293.79998779296875,281.48358154296875,15105,JK Lakshmi Cement Limited
2019-01-25,295.95001220703125,301.0,282.04998779296875,291.95001220703125,279.7111511230469,123730,JK Lakshmi Cement Limited
2019-01-28,293.0,299.0,287.1499938964844,298.04998779296875,285.555419921875,64641,JK Lakshmi Cement Limited
2019-01-29,297.04998779296875,302.70001220703125,294.04998779296875,296.6499938964844,284.214111328125,225018,JK Lakshmi Cement Limited
2019-01-30,295.29998779296875,300.0,295.29998779296875,299.70001220703125,287.1362609863281,10606,JK Lakshmi Cement Limited
2019-01-31,300.3500061035156,302.0,295.0,298.04998779296875,285.555419921875,11983,JK Lakshmi Cement Limited
2019-02-01,295.04998779296875,304.95001220703125,295.04998779296875,299.25,286.70513916015625,177219,JK Lakshmi Cement Limited
2019-02-04,303.8999938964844,303.8999938964844,299.3500061035156,301.04998779296875,288.4296569824219,115591,JK Lakshmi Cement Limited
2019-02-05,301.5,307.45001220703125,301.04998779296875,305.04998779296875,292.261962890625,31846,JK Lakshmi Cement Limited
2019-02-06,306.3999938964844,309.5,303.25,306.95001220703125,294.0823669433594,24460,JK Lakshmi Cement Limited
2019-02-07,305.95001220703125,310.0,305.95001220703125,308.6000061035156,295.6631774902344,21968,JK Lakshmi Cement Limited
2019-02-08,308.3999938964844,311.5,298.20001220703125,301.29998779296875,288.6691589355469,70461,JK Lakshmi Cement Limited
2019-02-11,307.6000061035156,307.6000061035156,302.79998779296875,304.54998779296875,291.78289794921875,133428,JK Lakshmi Cement Limited
2019-02-12,306.3999938964844,307.0,292.8500061035156,300.70001220703125,288.0943298339844,45835,JK Lakshmi Cement Limited
2019-02-14,298.0,309.0,298.0,306.8500061035156,293.98651123046875,403901,JK Lakshmi Cement Limited
2019-02-15,309.95001220703125,312.54998779296875,306.0,309.3999938964844,296.4295959472656,136934,JK Lakshmi Cement Limited
2019-02-18,307.5,310.0,300.20001220703125,302.1499938964844,289.4835510253906,27906,JK Lakshmi Cement Limited
2019-02-19,302.1499938964844,311.8500061035156,302.1499938964844,311.25,298.2020874023437,70796,JK Lakshmi Cement Limited
2019-02-20,311.0,312.0,307.5,309.70001220703125,296.717041015625,167172,JK Lakshmi Cement Limited
2019-02-21,310.75,315.29998779296875,305.70001220703125,312.6499938964844,299.5433959960937,77355,JK Lakshmi Cement Limited
2019-02-22,313.1000061035156,314.54998779296875,310.8500061035156,313.04998779296875,299.9266052246094,21221,JK Lakshmi Cement Limited
2019-02-25,313.0,315.8999938964844,308.75,315.1499938964844,301.9385681152344,34528,JK Lakshmi Cement Limited
2019-02-26,314.6000061035156,316.8500061035156,308.20001220703125,315.79998779296875,302.56134033203125,66791,JK Lakshmi Cement Limited
2019-02-27,316.8999938964844,330.70001220703125,315.6499938964844,324.1000061035156,310.5133972167969,261797,JK Lakshmi Cement Limited
2019-02-28,329.8500061035156,330.0,321.04998779296875,327.8500061035156,314.106201171875,62522,JK Lakshmi Cement Limited
2019-03-01,329.95001220703125,330.95001220703125,325.8999938964844,327.04998779296875,313.3397216796875,36256,JK Lakshmi Cement Limited
2019-03-05,329.8999938964844,336.0,329.8500061035156,334.45001220703125,320.4295349121094,157925,JK Lakshmi Cement Limited
2019-03-06,336.0,344.0,335.25,342.20001220703125,327.85467529296875,110173,JK Lakshmi Cement Limited
2019-03-07,340.04998779296875,346.0,340.04998779296875,343.20001220703125,328.81268310546875,43121,JK Lakshmi Cement Limited
2019-03-08,343.20001220703125,345.70001220703125,340.0,340.20001220703125,325.9385070800781,30352,JK Lakshmi Cement Limited
2019-03-11,338.20001220703125,346.0,338.20001220703125,343.6000061035156,329.1959228515625,44791,JK Lakshmi Cement Limited
2019-03-12,345.0,361.0,344.6499938964844,356.04998779296875,341.1239929199219,144951,JK Lakshmi Cement Limited
2019-03-13,358.8999938964844,362.0,356.04998779296875,359.6499938964844,344.5731201171875,55264,JK Lakshmi Cement Limited
2019-03-14,362.0,362.0,349.0,350.8500061035156,336.1420288085937,30209,JK Lakshmi Cement Limited
2019-03-15,351.5,357.29998779296875,347.70001220703125,354.25,339.39947509765625,50123,JK Lakshmi Cement Limited
2019-03-18,353.0,353.20001220703125,343.8999938964844,346.0,331.49530029296875,43075,JK Lakshmi Cement Limited
2019-03-19,349.8999938964844,349.8999938964844,340.54998779296875,344.3999938964844,329.9623718261719,41620,JK Lakshmi Cement Limited
2019-03-20,346.0,346.0,338.8999938964844,342.20001220703125,327.85467529296875,246886,JK Lakshmi Cement Limited
2019-03-22,342.8999938964844,352.3999938964844,339.5,350.3500061035156,335.6629333496094,46517,JK Lakshmi Cement Limited
2019-03-25,349.0,350.0,340.3500061035156,348.1000061035156,333.5072631835937,21233,JK Lakshmi Cement Limited
2019-03-26,349.8999938964844,352.54998779296875,339.04998779296875,341.1499938964844,326.8486633300781,79806,JK Lakshmi Cement Limited
2019-03-27,339.04998779296875,362.4500122070313,339.04998779296875,357.79998779296875,342.8006591796875,143317,JK Lakshmi Cement Limited
2019-03-28,362.0,362.0,348.0,349.3500061035156,334.7048645019531,28612,JK Lakshmi Cement Limited
2019-04-01,354.5,373.0,351.25,365.5499877929688,350.2257080078125,289770,JK Lakshmi Cement Limited
2019-04-02,365.7000122070313,365.7000122070313,353.0,359.04998779296875,343.9982604980469,28790,JK Lakshmi Cement Limited
2019-04-03,362.0,365.7000122070313,347.70001220703125,349.20001220703125,334.5611572265625,87447,JK Lakshmi Cement Limited
2019-04-04,350.0,362.0,340.54998779296875,353.75,338.92041015625,74103,JK Lakshmi Cement Limited
2019-04-05,352.79998779296875,359.5,352.79998779296875,357.1499938964844,342.1778869628906,74209,JK Lakshmi Cement Limited
2019-04-08,357.0,357.25,343.8500061035156,348.04998779296875,333.4593505859375,18003,JK Lakshmi Cement Limited
2019-04-09,348.04998779296875,355.45001220703125,342.79998779296875,351.0,336.28570556640625,14888,JK Lakshmi Cement Limited
2019-04-10,351.04998779296875,357.25,348.04998779296875,355.04998779296875,340.1659240722656,39569,JK Lakshmi Cement Limited
2019-04-11,353.70001220703125,360.5,351.1000061035156,359.70001220703125,344.6210327148437,19175,JK Lakshmi Cement Limited
2019-04-12,360.20001220703125,372.0,353.3500061035156,367.3999938964844,351.99822998046875,49820,JK Lakshmi Cement Limited
2019-04-15,368.2000122070313,374.5,368.2000122070313,372.7000122070313,357.07598876953125,132557,JK Lakshmi Cement Limited
2019-04-16,374.0,381.8500061035156,370.0,375.0499877929688,359.3275146484375,138379,JK Lakshmi Cement Limited
2019-04-18,364.3999938964844,382.25,364.3999938964844,373.3999938964844,357.7466735839844,57921,JK Lakshmi Cement Limited
2019-04-22,378.9500122070313,378.9500122070313,364.6000061035156,368.1000061035156,352.6688537597656,68754,JK Lakshmi Cement Limited
2019-04-23,360.5,369.25,358.45001220703125,360.75,345.626953125,33098,JK Lakshmi Cement Limited
2019-04-24,360.7999877929688,362.1499938964844,347.5,351.79998779296875,337.0521240234375,77056,JK Lakshmi Cement Limited
2019-04-25,350.1000061035156,375.0,348.0,369.6499938964844,354.15386962890625,464922,JK Lakshmi Cement Limited
2019-04-26,372.6499938964844,374.5499877929688,365.5,370.2999877929688,354.776611328125,88626,JK Lakshmi Cement Limited
2019-04-30,374.4500122070313,374.4500122070313,363.8999938964844,371.7999877929688,356.2137145996094,38474,JK Lakshmi Cement Limited
2019-05-02,372.7000122070313,372.7000122070313,359.20001220703125,366.5,351.1358947753906,53340,JK Lakshmi Cement Limited
2019-05-03,367.0,373.0,362.0,365.1000061035156,349.7946472167969,27644,JK Lakshmi Cement Limited
2019-05-06,365.1000061035156,368.6499938964844,350.0,354.54998779296875,339.6869201660156,35014,JK Lakshmi Cement Limited
2019-05-07,351.29998779296875,374.5,351.29998779296875,367.9500122070313,352.5251770019531,93454,JK Lakshmi Cement Limited
2019-05-08,369.7000122070313,371.6499938964844,350.8500061035156,352.20001220703125,337.4354248046875,49042,JK Lakshmi Cement Limited
2019-05-09,352.75,355.29998779296875,350.1499938964844,353.0,338.2018737792969,34791,JK Lakshmi Cement Limited
2019-05-10,353.25,354.1000061035156,340.5,342.1000061035156,327.7588195800781,42127,JK Lakshmi Cement Limited
2019-05-13,339.0,344.8500061035156,333.5,340.04998779296875,325.79473876953125,29826,JK Lakshmi Cement Limited
2019-05-14,343.8999938964844,347.1499938964844,336.8500061035156,341.95001220703125,327.6150817871094,20688,JK Lakshmi Cement Limited
2019-05-15,344.79998779296875,344.8500061035156,337.45001220703125,339.1499938964844,324.9324951171875,8886,JK Lakshmi Cement Limited
2019-05-16,339.95001220703125,344.95001220703125,335.6499938964844,342.54998779296875,328.1899108886719,13559,JK Lakshmi Cement Limited
2019-05-17,340.0,344.95001220703125,338.1000061035156,340.20001220703125,325.9385070800781,25839,JK Lakshmi Cement Limited
2019-05-20,356.20001220703125,369.8999938964844,345.04998779296875,364.8999938964844,349.6029663085937,215795,JK Lakshmi Cement Limited
2019-05-21,367.0,372.25,354.1000061035156,369.1499938964844,353.6748352050781,326471,JK Lakshmi Cement Limited
2019-05-22,369.0,381.5499877929688,368.0,370.4500122070313,354.9203796386719,96341,JK Lakshmi Cement Limited
2019-05-23,375.0,380.0,359.3999938964844,362.3500061035156,347.1599426269531,246192,JK Lakshmi Cement Limited
2019-05-24,370.0,387.2000122070313,361.3999938964844,376.1000061035156,360.33349609375,328510,JK Lakshmi Cement Limited
2019-05-27,387.7999877929688,395.2000122070313,378.1000061035156,392.25,375.8064270019531,314601,JK Lakshmi Cement Limited
2019-05-28,395.0,395.0,380.1000061035156,393.1000061035156,376.620849609375,93471,JK Lakshmi Cement Limited
2019-05-29,392.7999877929688,393.9500122070313,385.1000061035156,391.4500122070313,375.0400085449219,43694,JK Lakshmi Cement Limited
2019-05-30,392.9500122070313,395.0,385.0499877929688,388.7999877929688,372.5010986328125,48459,JK Lakshmi Cement Limited
2019-05-31,389.0,389.3999938964844,383.0,386.1499938964844,369.9621887207031,44957,JK Lakshmi Cement Limited
2019-06-03,390.0,390.0,383.0,386.3999938964844,370.2017211914063,57902,JK Lakshmi Cement Limited
2019-06-04,390.9500122070313,395.9500122070313,374.8500061035156,377.2000122070313,361.3873901367188,86349,JK Lakshmi Cement Limited
2019-06-06,382.0,382.0,350.0,353.1000061035156,338.2976379394531,120241,JK Lakshmi Cement Limited
2019-06-07,356.6499938964844,363.0,351.1000061035156,353.04998779296875,338.2497253417969,49241,JK Lakshmi Cement Limited
2019-06-10,354.1499938964844,363.6000061035156,354.1499938964844,358.54998779296875,343.5191955566406,71211,JK Lakshmi Cement Limited
2019-06-11,356.6000061035156,365.0,355.29998779296875,362.2999877929688,347.11199951171875,74151,JK Lakshmi Cement Limited
2019-06-12,368.7000122070313,368.7000122070313,354.8500061035156,361.0,345.8664855957031,34247,JK Lakshmi Cement Limited
2019-06-13,366.0,366.0,351.3999938964844,353.3500061035156,338.5372009277344,29796,JK Lakshmi Cement Limited
2019-06-14,351.54998779296875,360.8999938964844,351.54998779296875,356.20001220703125,341.2677307128906,20747,JK Lakshmi Cement Limited
2019-06-17,358.0,358.0,352.04998779296875,354.29998779296875,339.4473571777344,15490,JK Lakshmi Cement Limited
2019-06-18,354.29998779296875,357.95001220703125,345.0,346.0,331.49530029296875,31682,JK Lakshmi Cement Limited
2019-06-19,348.95001220703125,351.70001220703125,331.54998779296875,332.3500061035156,318.41754150390625,45827,JK Lakshmi Cement Limited
2019-06-20,330.0,341.0,325.0,338.75,324.5492553710937,80117,JK Lakshmi Cement Limited
2019-06-21,340.3500061035156,345.79998779296875,335.45001220703125,341.04998779296875,326.7528076171875,19866,JK Lakshmi Cement Limited
2019-06-24,344.25,346.3500061035156,336.0,339.45001220703125,325.21990966796875,14796,JK Lakshmi Cement Limited
2019-06-25,339.20001220703125,354.79998779296875,339.20001220703125,347.70001220703125,333.1240539550781,32671,JK Lakshmi Cement Limited
2019-06-26,347.20001220703125,348.95001220703125,340.0,341.6499938964844,327.3276672363281,26567,JK Lakshmi Cement Limited
2019-06-27,342.5,346.3999938964844,340.8999938964844,342.1499938964844,327.8066711425781,16229,JK Lakshmi Cement Limited
2019-06-28,340.8999938964844,347.0,339.04998779296875,341.20001220703125,326.8965759277344,344639,JK Lakshmi Cement Limited
2019-07-01,340.54998779296875,341.75,332.0,335.3500061035156,321.2917785644531,56273,JK Lakshmi Cement Limited
2019-07-02,337.3500061035156,337.3500061035156,330.5,331.75,317.8426818847656,27336,JK Lakshmi Cement Limited
2019-07-03,333.6000061035156,337.20001220703125,327.70001220703125,332.8999938964844,318.9444580078125,40204,JK Lakshmi Cement Limited
2019-07-04,333.0,336.79998779296875,330.0,332.75,318.8008117675781,27585,JK Lakshmi Cement Limited
2019-07-05,335.0,342.5,333.1000061035156,339.6499938964844,325.4114990234375,49760,JK Lakshmi Cement Limited
2019-07-08,337.04998779296875,338.6499938964844,327.70001220703125,332.04998779296875,318.1300964355469,803930,JK Lakshmi Cement Limited
2019-07-09,330.0,343.29998779296875,327.75,341.25,326.94439697265625,40221,JK Lakshmi Cement Limited
2019-07-10,344.0,344.75,334.8999938964844,336.8500061035156,322.7289123535156,30970,JK Lakshmi Cement Limited
2019-07-11,337.0,338.45001220703125,332.04998779296875,333.8999938964844,319.9025573730469,26427,JK Lakshmi Cement Limited
2019-07-12,335.0,335.0,331.0,332.0,318.0821838378906,30637,JK Lakshmi Cement Limited
2019-07-15,335.0,335.0,332.0,333.0,319.0403137207031,14907,JK Lakshmi Cement Limited
2019-07-16,333.0,334.70001220703125,331.70001220703125,332.1000061035156,318.1780090332031,18092,JK Lakshmi Cement Limited
2019-07-17,330.1000061035156,352.0,330.1000061035156,347.95001220703125,333.363525390625,61152,JK Lakshmi Cement Limited
2019-07-18,348.04998779296875,353.54998779296875,348.04998779296875,350.25,335.567138671875,41568,JK Lakshmi Cement Limited
2019-07-19,353.95001220703125,371.7000122070313,343.45001220703125,349.95001220703125,335.2797546386719,133335,JK Lakshmi Cement Limited
2019-07-22,348.8999938964844,348.95001220703125,333.0,335.25,321.1959533691406,30480,JK Lakshmi Cement Limited
2019-07-23,335.25,350.8999938964844,332.0,347.8999938964844,333.3157043457031,84790,JK Lakshmi Cement Limited
2019-07-24,345.0,348.0,336.0,340.20001220703125,325.9385070800781,21098,JK Lakshmi Cement Limited
2019-07-25,338.0,344.0,331.0,332.6499938964844,318.7049255371094,40077,JK Lakshmi Cement Limited
2019-07-26,329.04998779296875,337.5,329.04998779296875,335.6499938964844,321.5792236328125,17802,JK Lakshmi Cement Limited
2019-07-29,337.8999938964844,341.6499938964844,332.04998779296875,340.25,325.986328125,125369,JK Lakshmi Cement Limited
2019-07-30,342.0,347.95001220703125,334.0,339.04998779296875,324.8366394042969,110192,JK Lakshmi Cement Limited
2019-07-31,339.95001220703125,339.95001220703125,332.04998779296875,334.20001220703125,320.1899719238281,24749,JK Lakshmi Cement Limited
2019-08-01,336.0,336.0,330.45001220703125,332.1000061035156,318.1780090332031,34218,JK Lakshmi Cement Limited
2019-08-02,328.0,333.0,328.0,330.25,316.40557861328125,32931,JK Lakshmi Cement Limited
2019-08-05,325.1000061035156,339.79998779296875,325.1000061035156,335.8999938964844,321.8186950683594,54029,JK Lakshmi Cement Limited
2019-08-06,334.0,344.79998779296875,333.3500061035156,338.8500061035156,324.6450500488281,140556,JK Lakshmi Cement Limited
2019-08-07,349.0,353.8999938964844,329.20001220703125,331.5,317.6031494140625,487918,JK Lakshmi Cement Limited
2019-08-08,332.5,334.8500061035156,328.0,330.04998779296875,316.21392822265625,166064,JK Lakshmi Cement Limited
2019-08-09,330.70001220703125,337.20001220703125,330.04998779296875,332.04998779296875,318.1300964355469,50978,JK Lakshmi Cement Limited
2019-08-13,335.0,337.70001220703125,323.29998779296875,325.25,311.6151733398437,543609,JK Lakshmi Cement Limited
2019-08-14,329.3500061035156,329.3500061035156,323.0,323.79998779296875,310.2259521484375,35011,JK Lakshmi Cement Limited
2019-08-16,326.75,329.75,322.04998779296875,326.5,312.812744140625,71896,JK Lakshmi Cement Limited
2019-08-19,325.0,328.1499938964844,324.5,325.8500061035156,312.19000244140625,34003,JK Lakshmi Cement Limited
2019-08-20,326.0,329.6499938964844,324.45001220703125,325.8500061035156,312.19000244140625,44335,JK Lakshmi Cement Limited
2019-08-21,326.5,327.1000061035156,324.04998779296875,325.29998779296875,311.6630249023437,62968,JK Lakshmi Cement Limited
2019-08-22,325.04998779296875,325.04998779296875,318.95001220703125,320.29998779296875,307.58184814453125,42053,JK Lakshmi Cement Limited
2019-08-23,319.95001220703125,322.5,317.45001220703125,320.0,307.29376220703125,20905,JK Lakshmi Cement Limited
2019-08-26,326.20001220703125,328.0,320.95001220703125,323.5,310.6547546386719,120186,JK Lakshmi Cement Limited
2019-08-27,323.1000061035156,328.0,323.1000061035156,325.29998779296875,312.3832397460937,35631,JK Lakshmi Cement Limited
2019-08-28,325.0,328.6000061035156,323.0,325.1499938964844,312.2392578125,46681,JK Lakshmi Cement Limited
2019-08-29,321.0,329.1499938964844,321.0,324.54998779296875,311.6630249023437,21152,JK Lakshmi Cement Limited
2019-08-30,321.1000061035156,327.45001220703125,321.1000061035156,325.3999938964844,312.4793395996094,20586,JK Lakshmi Cement Limited
2019-09-03,323.3999938964844,326.1000061035156,323.3999938964844,325.1000061035156,312.1912536621094,18862,JK Lakshmi Cement Limited
2019-09-04,324.6499938964844,326.3500061035156,318.20001220703125,322.1000061035156,309.31036376953125,142557,JK Lakshmi Cement Limited
2019-09-05,319.1000061035156,324.0,315.0,317.0,304.41290283203125,19737,JK Lakshmi Cement Limited
2019-09-06,318.1000061035156,321.8999938964844,317.5,319.8999938964844,307.1977233886719,20994,JK Lakshmi Cement Limited
2019-09-09,321.0,326.54998779296875,320.0,324.79998779296875,311.9031677246094,14548,JK Lakshmi Cement Limited
2019-09-11,324.0,334.5,324.0,327.04998779296875,314.0638122558594,29814,JK Lakshmi Cement Limited
2019-09-12,332.79998779296875,332.79998779296875,326.5,327.6499938964844,314.6399841308594,19300,JK Lakshmi Cement Limited
2019-09-13,329.8999938964844,332.54998779296875,323.0,326.1000061035156,313.15155029296875,34325,JK Lakshmi Cement Limited
2019-09-16,324.79998779296875,329.79998779296875,306.79998779296875,317.29998779296875,304.700927734375,55777,JK Lakshmi Cement Limited
2019-09-17,315.0,323.75,298.3999938964844,303.25,291.2088317871094,62295,JK Lakshmi Cement Limited
2019-09-18,304.0,309.29998779296875,298.0,300.54998779296875,288.61602783203125,58383,JK Lakshmi Cement Limited
2019-09-19,300.54998779296875,302.75,292.20001220703125,295.29998779296875,283.57452392578125,44378,JK Lakshmi Cement Limited
2019-09-20,293.3999938964844,319.5,288.0,302.70001220703125,290.6806640625,229232,JK Lakshmi Cement Limited
2019-09-23,304.70001220703125,330.0,304.70001220703125,320.70001220703125,307.9659423828125,184361,JK Lakshmi Cement Limited
2019-09-24,322.8999938964844,329.8999938964844,320.1000061035156,326.20001220703125,313.2475891113281,207887,JK Lakshmi Cement Limited
2019-09-25,322.70001220703125,326.75,320.0,322.3500061035156,309.5504455566406,84023,JK Lakshmi Cement Limited
2019-09-26,322.75,325.6000061035156,315.0,317.6499938964844,305.0370178222656,25999,JK Lakshmi Cement Limited
2019-09-27,319.0,319.25,308.04998779296875,312.0,299.6114196777344,35958,JK Lakshmi Cement Limited
2019-09-30,312.0,312.95001220703125,299.5,303.25,291.2088317871094,28242,JK Lakshmi Cement Limited
2019-10-01,302.0,314.6000061035156,299.1000061035156,307.75,295.5301513671875,58289,JK Lakshmi Cement Limited
2019-10-03,303.0,311.45001220703125,299.25,301.20001220703125,289.2402648925781,29121,JK Lakshmi Cement Limited
2019-10-04,305.25,306.70001220703125,296.29998779296875,299.04998779296875,287.17559814453125,21315,JK Lakshmi Cement Limited
2019-10-07,301.0,301.0,284.6499938964844,288.25,276.804443359375,53804,JK Lakshmi Cement Limited
2019-10-09,290.0,294.0,282.3999938964844,286.3999938964844,275.0279235839844,34869,JK Lakshmi Cement Limited
2019-10-10,287.0,288.20001220703125,282.0,283.25,272.0029296875,28517,JK Lakshmi Cement Limited
2019-10-11,287.95001220703125,291.25,283.25,284.3999938964844,273.1072998046875,25227,JK Lakshmi Cement Limited
2019-10-14,280.6000061035156,289.0,280.6000061035156,284.1499938964844,272.86724853515625,20242,JK Lakshmi Cement Limited
2019-10-15,288.8500061035156,288.8500061035156,277.20001220703125,278.95001220703125,267.8737487792969,34503,JK Lakshmi Cement Limited
2019-10-16,281.1499938964844,287.0,281.1499938964844,282.95001220703125,271.71490478515625,21853,JK Lakshmi Cement Limited
2019-10-17,283.1000061035156,288.1499938964844,280.0,286.45001220703125,275.075927734375,59105,JK Lakshmi Cement Limited
2019-10-18,289.3999938964844,292.1000061035156,286.0,288.0,276.5643310546875,27806,JK Lakshmi Cement Limited
2019-10-22,287.0,295.5,285.0,289.0,277.524658203125,54799,JK Lakshmi Cement Limited
2019-10-23,289.04998779296875,295.0,285.0,287.70001220703125,276.2763061523437,26147,JK Lakshmi Cement Limited
2019-10-24,287.0,289.75,282.0,283.1000061035156,271.8589782714844,9922,JK Lakshmi Cement Limited
2019-10-25,283.20001220703125,295.0,282.5,283.8500061035156,272.57916259765625,107574,JK Lakshmi Cement Limited
2019-10-27,293.3999938964844,297.0,290.6499938964844,293.79998779296875,282.1340637207031,25462,JK Lakshmi Cement Limited
2019-10-29,294.0,295.0,290.0,290.79998779296875,279.253173828125,34262,JK Lakshmi Cement Limited
2019-10-30,292.0,298.0,289.20001220703125,290.25,278.7250671386719,88234,JK Lakshmi Cement Limited
2019-10-31,292.79998779296875,297.79998779296875,289.1000061035156,290.04998779296875,278.5329284667969,71550,JK Lakshmi Cement Limited
2019-11-01,293.79998779296875,301.0,288.3999938964844,289.95001220703125,278.4369506835937,243403,JK Lakshmi Cement Limited
2019-11-04,299.0,317.8500061035156,296.5,307.54998779296875,295.3381042480469,970581,JK Lakshmi Cement Limited
2019-11-05,310.1000061035156,317.0,305.04998779296875,306.25,294.0897216796875,268792,JK Lakshmi Cement Limited
2019-11-06,311.5,311.5,303.1000061035156,306.6499938964844,294.47381591796875,98263,JK Lakshmi Cement Limited
2019-11-07,309.95001220703125,313.0,306.8500061035156,308.54998779296875,296.29840087890625,98495,JK Lakshmi Cement Limited
2019-11-08,311.0,312.1000061035156,303.1499938964844,305.8999938964844,293.75360107421875,63530,JK Lakshmi Cement Limited
2019-11-11,306.25,311.0,304.5,309.20001220703125,296.9225769042969,66945,JK Lakshmi Cement Limited
2019-11-13,311.0,311.0,300.0,300.5,288.5679931640625,83162,JK Lakshmi Cement Limited
2019-11-14,302.04998779296875,306.0,299.0,300.1499938964844,288.23193359375,65163,JK Lakshmi Cement Limited
2019-11-15,303.0,303.95001220703125,295.6499938964844,300.04998779296875,288.1358642578125,115376,JK Lakshmi Cement Limited
2019-11-18,300.5,301.79998779296875,292.29998779296875,293.1000061035156,281.4618530273437,207914,JK Lakshmi Cement Limited
2019-11-19,293.1000061035156,295.95001220703125,282.0,283.79998779296875,272.5311584472656,206686,JK Lakshmi Cement Limited
2019-11-20,285.5,287.6499938964844,282.0,282.70001220703125,271.4748229980469,67717,JK Lakshmi Cement Limited
2019-11-21,283.79998779296875,285.3500061035156,280.0,281.5,270.3224792480469,101355,JK Lakshmi Cement Limited
2019-11-22,281.6000061035156,284.8999938964844,276.04998779296875,278.04998779296875,267.00946044921875,63910,JK Lakshmi Cement Limited
2019-11-25,283.45001220703125,283.45001220703125,275.3999938964844,276.79998779296875,265.8090515136719,53383,JK Lakshmi Cement Limited
2019-11-26,276.79998779296875,285.45001220703125,275.0,282.3500061035156,271.1387634277344,61767,JK Lakshmi Cement Limited
2019-11-27,284.6000061035156,292.20001220703125,282.0,288.75,277.2845458984375,228797,JK Lakshmi Cement Limited
2019-11-28,287.04998779296875,289.6499938964844,281.8999938964844,285.54998779296875,274.21160888671875,460563,JK Lakshmi Cement Limited
2019-11-29,284.0,292.5,284.0,291.04998779296875,279.49322509765625,162220,JK Lakshmi Cement Limited
2019-12-02,291.8999938964844,294.0,286.3500061035156,289.54998779296875,278.05279541015625,35154,JK Lakshmi Cement Limited
2019-12-03,292.5,292.5,281.20001220703125,282.75,271.5228271484375,23942,JK Lakshmi Cement Limited
2019-12-04,283.04998779296875,285.0,279.20001220703125,282.04998779296875,270.8506164550781,26799,JK Lakshmi Cement Limited
2019-12-05,286.3999938964844,286.3999938964844,279.95001220703125,281.8500061035156,270.6585693359375,202574,JK Lakshmi Cement Limited
2019-12-06,283.6000061035156,294.70001220703125,281.20001220703125,282.79998779296875,271.57086181640625,93682,JK Lakshmi Cement Limited
2019-12-09,285.0,285.0,276.5,278.5,267.44158935546875,48606,JK Lakshmi Cement Limited
2019-12-10,280.0,280.6499938964844,270.1499938964844,272.54998779296875,261.72784423828125,84369,JK Lakshmi Cement Limited
2019-12-11,273.0,273.0,262.75,265.0,254.4776153564453,71278,JK Lakshmi Cement Limited
2019-12-12,266.0,269.1000061035156,264.70001220703125,266.54998779296875,255.9660797119141,29541,JK Lakshmi Cement Limited
2019-12-13,267.20001220703125,269.3500061035156,265.29998779296875,267.79998779296875,257.1664428710937,43695,JK Lakshmi Cement Limited
2019-12-16,270.0,273.1000061035156,270.0,270.20001220703125,259.47119140625,28008,JK Lakshmi Cement Limited
2019-12-17,271.95001220703125,275.95001220703125,270.0,274.04998779296875,263.16827392578125,37465,JK Lakshmi Cement Limited
2019-12-18,272.0,275.75,271.95001220703125,274.45001220703125,263.55242919921875,19785,JK Lakshmi Cement Limited
2019-12-19,271.75,274.0,270.79998779296875,271.79998779296875,261.00762939453125,22665,JK Lakshmi Cement Limited
2019-12-20,271.79998779296875,274.6499938964844,270.0,272.8500061035156,262.0159912109375,32389,JK Lakshmi Cement Limited
2019-12-23,272.3999938964844,272.6000061035156,270.0,270.54998779296875,259.8072814941406,21960,JK Lakshmi Cement Limited
2019-12-24,270.5,273.79998779296875,270.0,273.1000061035156,262.2560119628906,25950,JK Lakshmi Cement Limited
2019-12-26,273.79998779296875,275.8999938964844,272.29998779296875,273.3500061035156,262.49609375,24355,JK Lakshmi Cement Limited
2019-12-27,277.3500061035156,278.0,274.0,275.70001220703125,264.7528076171875,111199,JK Lakshmi Cement Limited
2019-12-30,276.5,280.79998779296875,274.6499938964844,279.79998779296875,268.6899719238281,28283,JK Lakshmi Cement Limited
2019-12-31,280.6000061035156,281.1499938964844,276.5,279.95001220703125,268.833984375,50100,JK Lakshmi Cement Limited
2020-01-01,282.0,289.29998779296875,281.1499938964844,288.04998779296875,276.61236572265625,23659,JK Lakshmi Cement Limited
2020-01-02,289.79998779296875,305.5,284.0,303.70001220703125,291.6409606933594,287246,JK Lakshmi Cement Limited
2020-01-03,303.0,309.5,295.1000061035156,306.29998779296875,294.1377258300781,156458,JK Lakshmi Cement Limited
2020-01-06,307.0,307.0,295.20001220703125,303.1000061035156,291.0647888183594,153285,JK Lakshmi Cement Limited
2020-01-07,301.0,310.0,301.0,307.8500061035156,295.6261901855469,662031,JK Lakshmi Cement Limited
2020-01-08,305.79998779296875,328.3999938964844,302.04998779296875,314.5,302.0121154785156,963702,JK Lakshmi Cement Limited
2020-01-09,317.0,320.70001220703125,312.5,318.8999938964844,306.2373962402344,294446,JK Lakshmi Cement Limited
2020-01-10,318.5,332.0,314.75,325.1000061035156,312.1912536621094,261245,JK Lakshmi Cement Limited
2020-01-13,330.0,338.8999938964844,325.0,333.75,320.49774169921875,279203,JK Lakshmi Cement Limited
2020-01-14,336.0,343.79998779296875,333.0,342.25,328.6602783203125,180774,JK Lakshmi Cement Limited
2020-01-15,343.25,347.79998779296875,337.0,345.25,331.5411376953125,428225,JK Lakshmi Cement Limited
2020-01-16,346.0,354.3999938964844,344.04998779296875,347.0,333.2216186523437,157382,JK Lakshmi Cement Limited
2020-01-17,345.0,348.8500061035156,340.1000061035156,342.3999938964844,328.8042907714844,118201,JK Lakshmi Cement Limited
2020-01-20,344.3999938964844,348.6499938964844,342.3999938964844,344.1499938964844,330.4847717285156,281543,JK Lakshmi Cement Limited
2020-01-21,344.1499938964844,345.0,340.1000061035156,341.20001220703125,327.6520080566406,447678,JK Lakshmi Cement Limited
2020-01-22,345.0,351.79998779296875,336.20001220703125,341.1499938964844,327.6039428710937,807621,JK Lakshmi Cement Limited
2020-01-23,341.04998779296875,346.79998779296875,340.04998779296875,342.75,329.14044189453125,232642,JK Lakshmi Cement Limited
2020-01-24,341.1000061035156,367.8999938964844,341.1000061035156,366.0499877929688,351.5152282714844,665161,JK Lakshmi Cement Limited
2020-01-27,365.0,378.0499877929688,362.6000061035156,374.25,359.3896179199219,781253,JK Lakshmi Cement Limited
2020-01-28,377.0,388.0,363.8999938964844,373.2999877929688,358.47735595703125,469882,JK Lakshmi Cement Limited
2020-01-29,385.0,388.0,366.25,370.2999877929688,355.5964660644531,802406,JK Lakshmi Cement Limited
2020-01-30,369.8500061035156,369.8500061035156,353.3500061035156,355.8999938964844,341.76824951171875,218931,JK Lakshmi Cement Limited
2020-01-31,357.8999938964844,359.1499938964844,345.25,356.8500061035156,342.6805725097656,213395,JK Lakshmi Cement Limited
2020-02-03,337.95001220703125,352.75,333.0,347.1000061035156,333.3177185058594,212313,JK Lakshmi Cement Limited
2020-02-04,350.0,362.7999877929688,350.0,358.6499938964844,344.4090576171875,172752,JK Lakshmi Cement Limited
2020-02-05,360.8999938964844,367.0,356.0,359.0,344.7451477050781,684158,JK Lakshmi Cement Limited
2020-02-06,359.95001220703125,361.8999938964844,350.1499938964844,358.6499938964844,344.4090576171875,155727,JK Lakshmi Cement Limited
2020-02-07,358.8999938964844,361.0,352.0,357.8999938964844,343.6888427734375,118173,JK Lakshmi Cement Limited
2020-02-10,359.75,360.8999938964844,350.0,352.20001220703125,338.2151794433594,60136,JK Lakshmi Cement Limited
2020-02-11,351.3999938964844,359.0,347.20001220703125,351.04998779296875,337.11083984375,149734,JK Lakshmi Cement Limited
2020-02-12,352.79998779296875,354.95001220703125,345.29998779296875,347.3999938964844,333.60577392578125,61713,JK Lakshmi Cement Limited
2020-02-13,348.04998779296875,353.0,342.5,348.3999938964844,334.5660705566406,89197,JK Lakshmi Cement Limited
2020-02-14,351.29998779296875,354.75,342.5,345.1499938964844,331.4450988769531,95332,JK Lakshmi Cement Limited
2020-02-17,342.0,347.0,328.0,330.6499938964844,317.5208435058594,81202,JK Lakshmi Cement Limited
2020-02-18,330.6499938964844,331.0,322.54998779296875,325.45001220703125,312.5273742675781,58850,JK Lakshmi Cement Limited
2020-02-19,327.45001220703125,330.0,323.1499938964844,326.75,313.7757263183594,100228,JK Lakshmi Cement Limited
2020-02-20,328.79998779296875,330.0,323.70001220703125,325.54998779296875,312.62335205078125,45371,JK Lakshmi Cement Limited
2020-02-24,326.0,326.0,318.20001220703125,321.04998779296875,308.30206298828125,57510,JK Lakshmi Cement Limited
2020-02-25,320.3999938964844,329.5,316.1499938964844,323.25,310.4146728515625,92479,JK Lakshmi Cement Limited
2020-02-26,323.25,340.0,315.0,317.3500061035156,304.7489624023437,440303,JK Lakshmi Cement Limited
2020-02-27,317.0,322.0,315.0,321.5,308.7342224121094,195495,JK Lakshmi Cement Limited
2020-02-28,315.0,315.0,301.75,307.8999938964844,295.6741943359375,229716,JK Lakshmi Cement Limited
2020-03-02,314.0,314.04998779296875,299.0,301.45001220703125,289.4803771972656,208462,JK Lakshmi Cement Limited
2020-03-03,310.0,310.0,302.6000061035156,304.54998779296875,292.45721435546875,51527,JK Lakshmi Cement Limited
2020-03-04,303.04998779296875,308.95001220703125,291.3500061035156,300.29998779296875,288.3759765625,269308,JK Lakshmi Cement Limited
2020-03-05,298.29998779296875,305.0,292.04998779296875,296.79998779296875,285.0149230957031,63865,JK Lakshmi Cement Limited
2020-03-06,289.0,295.5,285.8500061035156,288.1000061035156,276.6604309082031,94745,JK Lakshmi Cement Limited
2020-03-09,285.0,285.0,271.0,276.45001220703125,265.4730224609375,92663,JK Lakshmi Cement Limited
2020-03-11,270.79998779296875,280.54998779296875,267.20001220703125,274.1499938964844,263.26434326171875,50314,JK Lakshmi Cement Limited
2020-03-12,265.0,265.70001220703125,228.0,229.6499938964844,220.53126525878903,564694,JK Lakshmi Cement Limited
2020-03-13,221.1999969482422,252.6999969482422,216.0,248.1000061035156,238.24868774414065,162552,JK Lakshmi Cement Limited
2020-03-16,241.0,241.0,223.5500030517578,229.8999938964844,220.7713317871093,186096,JK Lakshmi Cement Limited
2020-03-17,231.0,240.0,226.8999938964844,234.3999938964844,225.0926513671875,649531,JK Lakshmi Cement Limited
2020-03-18,239.0,248.3999938964844,233.6000061035156,236.3999938964844,227.01324462890625,344568,JK Lakshmi Cement Limited
2020-03-19,220.0,242.3000030517578,211.6499938964844,229.25,222.5001678466797,121773,JK Lakshmi Cement Limited
2020-03-20,229.8999938964844,239.0,225.0,231.6999969482422,224.87803649902344,353625,JK Lakshmi Cement Limited
2020-03-23,223.4499969482422,228.0,202.0,204.3999938964844,198.3818206787109,104902,JK Lakshmi Cement Limited
2020-03-24,205.0,212.0,194.1999969482422,203.3999938964844,197.4112701416016,50042,JK Lakshmi Cement Limited
2020-03-25,195.25,207.9499969482422,195.0,204.1499938964844,198.13917541503903,42613,JK Lakshmi Cement Limited
2020-03-26,205.5500030517578,218.8000030517578,203.25,206.75,200.66262817382807,40323,JK Lakshmi Cement Limited
2020-03-27,211.0,215.8999938964844,196.0,200.8000030517578,194.8878326416016,47805,JK Lakshmi Cement Limited
2020-03-30,192.4499969482422,201.0,180.0,196.8999938964844,191.1026306152344,71845,JK Lakshmi Cement Limited
2020-03-31,198.0,202.0,192.3000030517578,196.0,190.22915649414065,103563,JK Lakshmi Cement Limited
2020-04-01,196.0,200.0,188.0500030517578,197.75,191.92759704589844,44047,JK Lakshmi Cement Limited
2020-04-03,196.0,196.0,184.0,185.0500030517578,179.60154724121094,94248,JK Lakshmi Cement Limited
2020-04-07,190.1999969482422,192.5500030517578,179.75,181.6999969482422,176.3501739501953,247044,JK Lakshmi Cement Limited
2020-04-08,184.8999938964844,190.5,180.0,184.8000030517578,179.3589324951172,78617,JK Lakshmi Cement Limited
2020-04-09,185.1000061035156,192.5500030517578,185.1000061035156,188.0500030517578,182.5132293701172,63493,JK Lakshmi Cement Limited
2020-04-13,190.3500061035156,203.0,181.0500030517578,194.3500061035156,188.6277313232422,414096,JK Lakshmi Cement Limited
2020-04-15,200.75,208.8999938964844,196.0500030517578,200.1499938964844,194.25694274902344,752386,JK Lakshmi Cement Limited
2020-04-16,200.0,206.1000061035156,198.3000030517578,202.5,196.53775024414065,145897,JK Lakshmi Cement Limited
2020-04-17,215.1999969482422,226.0,211.0,223.1499938964844,216.5797576904297,679593,JK Lakshmi Cement Limited
2020-04-20,227.0,235.8000030517578,216.3000030517578,218.6000061035156,212.16375732421875,330374,JK Lakshmi Cement Limited
2020-04-21,218.8000030517578,218.8000030517578,198.8000030517578,202.8999938964844,196.9259796142578,298426,JK Lakshmi Cement Limited
2020-04-22,204.8500061035156,207.3999938964844,199.0500030517578,204.6000061035156,198.5759429931641,196943,JK Lakshmi Cement Limited
2020-04-23,206.0,207.25,203.3000030517578,204.0,197.9935913085937,217272,JK Lakshmi Cement Limited
2020-04-24,200.3500061035156,203.9499969482422,194.0,195.3999938964844,189.6468200683593,98915,JK Lakshmi Cement Limited
2020-04-27,198.3500061035156,206.0,198.0,200.6499938964844,194.7422332763672,113037,JK Lakshmi Cement Limited
2020-04-28,207.8000030517578,207.8000030517578,199.0,199.3999938964844,193.529052734375,180563,JK Lakshmi Cement Limited
2020-04-29,200.0,203.3000030517578,196.8500061035156,200.0500030517578,194.159896850586,122029,JK Lakshmi Cement Limited
2020-04-30,202.1999969482422,206.0,198.5,199.5500030517578,193.6746368408203,210029,JK Lakshmi Cement Limited
2020-05-04,198.8999938964844,198.8999938964844,192.8999938964844,194.0,188.2880401611328,70922,JK Lakshmi Cement Limited
2020-05-05,197.0,198.4499969482422,191.1000061035156,194.5,188.7733154296875,132726,JK Lakshmi Cement Limited
2020-05-06,195.0,201.6999969482422,192.1999969482422,197.8500061035156,192.02468872070312,94106,JK Lakshmi Cement Limited
2020-05-07,197.5,199.1999969482422,194.1999969482422,195.3999938964844,189.6468200683593,30129,JK Lakshmi Cement Limited
2020-05-08,198.8999938964844,198.8999938964844,192.1999969482422,193.3999938964844,187.7056884765625,46412,JK Lakshmi Cement Limited
2020-05-11,197.0,206.8000030517578,191.1999969482422,191.5500030517578,185.91017150878903,583459,JK Lakshmi Cement Limited
2020-05-12,190.0,193.3500061035156,186.0500030517578,190.6499938964844,185.0366668701172,89909,JK Lakshmi Cement Limited
2020-05-13,195.1499938964844,200.0,193.0500030517578,198.0500030517578,192.2187957763672,460167,JK Lakshmi Cement Limited
2020-05-14,199.8000030517578,199.8000030517578,192.1000061035156,193.4499969482422,187.7542266845703,100298,JK Lakshmi Cement Limited
2020-05-15,195.8000030517578,200.0,193.0,193.8999938964844,188.1909637451172,307559,JK Lakshmi Cement Limited
2020-05-18,197.4499969482422,197.4499969482422,182.6000061035156,189.1499938964844,183.5808258056641,181843,JK Lakshmi Cement Limited
2020-05-19,194.3000030517578,198.8000030517578,191.1000061035156,194.1499938964844,188.43359375,139445,JK Lakshmi Cement Limited
2020-05-20,197.0,201.0,191.0,199.5,193.6260986328125,387986,JK Lakshmi Cement Limited
2020-05-21,208.0,217.8000030517578,200.3000030517578,206.1999969482422,200.1288299560547,2563845,JK Lakshmi Cement Limited
2020-05-22,209.75,211.0,206.0,208.9499969482422,202.7978515625,633801,JK Lakshmi Cement Limited
2020-05-26,214.0,239.9499969482422,210.0500030517578,234.5,227.59559631347656,3192059,JK Lakshmi Cement Limited
2020-05-27,235.5,244.5,227.1499938964844,236.75,229.7793426513672,1572280,JK Lakshmi Cement Limited
2020-05-28,239.8999938964844,248.3999938964844,237.5500030517578,245.0,237.78643798828125,828710,JK Lakshmi Cement Limited
2020-05-29,247.0,258.75,237.5,241.6999969482422,234.58360290527344,1449591,JK Lakshmi Cement Limited
2020-06-01,245.0,248.6499938964844,241.25,243.3000030517578,236.1364898681641,452302,JK Lakshmi Cement Limited
2020-06-02,245.3999938964844,245.6000061035156,238.0500030517578,241.1999969482422,234.0983123779297,307794,JK Lakshmi Cement Limited
2020-06-03,241.1999969482422,246.5,236.5500030517578,241.0500030517578,233.9527282714844,450604,JK Lakshmi Cement Limited
2020-06-04,241.0500030517578,243.0,235.6999969482422,238.8500061035156,231.8175048828125,288877,JK Lakshmi Cement Limited
2020-06-05,241.3999938964844,250.3999938964844,240.8999938964844,248.0,240.6981201171875,750230,JK Lakshmi Cement Limited
2020-06-08,250.3999938964844,251.0,241.5500030517578,247.75,240.4554901123047,456309,JK Lakshmi Cement Limited
2020-06-09,247.0,249.0,241.75,243.8500061035156,236.6702880859375,221094,JK Lakshmi Cement Limited
2020-06-10,247.0,251.9499969482422,241.1000061035156,246.1000061035156,238.85406494140625,574491,JK Lakshmi Cement Limited
2020-06-11,246.9499969482422,251.0,243.6000061035156,247.6000061035156,240.3098907470703,409422,JK Lakshmi Cement Limited
2020-06-12,238.0,244.0,235.0,242.0,234.874755859375,354666,JK Lakshmi Cement Limited
2020-06-15,243.8000030517578,243.8000030517578,237.3000030517578,239.3500061035156,232.30279541015625,251068,JK Lakshmi Cement Limited
2020-06-16,242.0,245.0,236.0,241.6499938964844,234.53504943847656,270400,JK Lakshmi Cement Limited
2020-06-17,240.0,257.29998779296875,240.0,252.6000061035156,245.16265869140625,931551,JK Lakshmi Cement Limited
2020-06-18,252.3000030517578,262.0,250.9499969482422,258.3999938964844,250.7919006347656,531994,JK Lakshmi Cement Limited
2020-06-19,258.79998779296875,265.0,252.6000061035156,256.0,248.4625701904297,633113,JK Lakshmi Cement Limited
2020-06-22,258.3999938964844,262.70001220703125,257.54998779296875,259.54998779296875,251.9080352783203,190908,JK Lakshmi Cement Limited
2020-06-23,263.0,264.95001220703125,257.5,261.1499938964844,253.4609222412109,276260,JK Lakshmi Cement Limited
2020-06-24,262.95001220703125,265.0,251.3500061035156,254.25,246.7640838623047,332511,JK Lakshmi Cement Limited
2020-06-25,249.0,256.1000061035156,248.5,254.6000061035156,247.10379028320312,132855,JK Lakshmi Cement Limited
2020-06-26,256.1000061035156,260.1499938964844,252.6999969482422,256.5,248.94786071777344,156744,JK Lakshmi Cement Limited
2020-06-29,257.29998779296875,257.29998779296875,248.0500030517578,249.8000030517578,242.4451141357422,110203,JK Lakshmi Cement Limited
2020-06-30,251.1999969482422,257.70001220703125,249.3999938964844,252.9499969482422,245.5023651123047,193779,JK Lakshmi Cement Limited
2020-07-01,255.25,261.0,252.1999969482422,259.5,251.8595123291016,163013,JK Lakshmi Cement Limited
2020-07-02,261.0,263.0,257.1499938964844,259.8500061035156,252.1992034912109,168464,JK Lakshmi Cement Limited
2020-07-03,260.8999938964844,278.8999938964844,258.0,276.29998779296875,268.1648864746094,647493,JK Lakshmi Cement Limited
2020-07-06,279.0,286.0,269.6000061035156,284.8500061035156,276.4631042480469,599987,JK Lakshmi Cement Limited
2020-07-07,287.79998779296875,289.8999938964844,277.8500061035156,282.6499938964844,274.327880859375,436577,JK Lakshmi Cement Limited
2020-07-08,284.6499938964844,287.0,276.04998779296875,282.54998779296875,274.2308654785156,351119,JK Lakshmi Cement Limited
2020-07-09,284.0,284.0,276.0,279.04998779296875,270.8338928222656,184338,JK Lakshmi Cement Limited
2020-07-10,281.20001220703125,285.0,276.79998779296875,278.1499938964844,269.9604187011719,406410,JK Lakshmi Cement Limited
2020-07-13,279.8999938964844,294.0,278.1499938964844,285.1499938964844,276.7542724609375,1480171,JK Lakshmi Cement Limited
2020-07-14,282.5,289.1499938964844,278.5,282.6499938964844,274.327880859375,341805,JK Lakshmi Cement Limited
2020-07-15,284.6499938964844,291.0,282.0,284.20001220703125,275.8323059082031,333984,JK Lakshmi Cement Limited
2020-07-16,280.1000061035156,288.0,280.1000061035156,281.45001220703125,273.1632385253906,138588,JK Lakshmi Cement Limited
2020-07-17,283.79998779296875,286.95001220703125,282.04998779296875,283.8999938964844,275.5411071777344,157779,JK Lakshmi Cement Limited
2020-07-20,286.3999938964844,287.8999938964844,279.8999938964844,281.79998779296875,273.5029296875,237074,JK Lakshmi Cement Limited
2020-07-21,284.79998779296875,289.3999938964844,282.6000061035156,283.8999938964844,275.5411071777344,303539,JK Lakshmi Cement Limited
2020-07-22,285.75,285.8500061035156,282.04998779296875,284.45001220703125,276.0749206542969,116620,JK Lakshmi Cement Limited
2020-07-23,285.95001220703125,285.95001220703125,276.3999938964844,279.70001220703125,271.4648132324219,169456,JK Lakshmi Cement Limited
2020-07-24,279.5,281.8999938964844,275.29998779296875,279.8999938964844,271.6588439941406,116053,JK Lakshmi Cement Limited
2020-07-27,282.0,284.95001220703125,276.1000061035156,282.6000061035156,274.2793884277344,146824,JK Lakshmi Cement Limited
2020-07-28,283.0,297.1499938964844,282.6000061035156,291.95001220703125,283.3540954589844,779782,JK Lakshmi Cement Limited
2020-07-29,300.0,305.8999938964844,295.3500061035156,299.1000061035156,290.2935485839844,626897,JK Lakshmi Cement Limited
2020-07-30,300.04998779296875,302.8999938964844,286.25,290.3500061035156,281.8012084960937,210315,JK Lakshmi Cement Limited
2020-07-31,294.75,298.0,289.6499938964844,294.3500061035156,285.68341064453125,129246,JK Lakshmi Cement Limited
2020-08-03,294.0,302.25,292.20001220703125,295.20001220703125,286.5083923339844,215542,JK Lakshmi Cement Limited
2020-08-04,298.95001220703125,301.6499938964844,295.25,298.8999938964844,290.0994567871094,185323,JK Lakshmi Cement Limited
2020-08-05,301.70001220703125,306.95001220703125,294.3500061035156,297.8500061035156,289.08038330078125,370311,JK Lakshmi Cement Limited
2020-08-06,289.29998779296875,290.8500061035156,284.0,285.70001220703125,277.2881164550781,569814,JK Lakshmi Cement Limited
2020-08-07,285.79998779296875,289.95001220703125,285.79998779296875,286.5,278.0645446777344,104484,JK Lakshmi Cement Limited
2020-08-10,289.79998779296875,289.8999938964844,283.25,284.95001220703125,276.5602111816406,176790,JK Lakshmi Cement Limited
2020-08-11,286.0,288.8999938964844,282.0,283.5,275.15289306640625,411380,JK Lakshmi Cement Limited
2020-08-12,283.20001220703125,286.3500061035156,283.0,284.79998779296875,276.4145812988281,153886,JK Lakshmi Cement Limited
2020-08-13,287.20001220703125,287.20001220703125,278.5,279.45001220703125,271.2221374511719,195356,JK Lakshmi Cement Limited
2020-08-14,279.45001220703125,279.8999938964844,270.20001220703125,271.0,263.0209350585937,224633,JK Lakshmi Cement Limited
2020-08-17,275.8500061035156,275.8500061035156,269.0,269.75,261.8077087402344,134157,JK Lakshmi Cement Limited
2020-08-18,272.3999938964844,275.0,267.0,268.75,260.837158203125,248825,JK Lakshmi Cement Limited
2020-08-19,271.5,274.0,268.8999938964844,270.79998779296875,262.8267822265625,226110,JK Lakshmi Cement Limited
2020-08-20,270.79998779296875,277.0,270.0,274.3999938964844,266.32080078125,171299,JK Lakshmi Cement Limited
2020-08-21,276.1499938964844,287.5,275.1499938964844,282.0,273.6969909667969,549502,JK Lakshmi Cement Limited
2020-08-24,286.54998779296875,286.95001220703125,280.0,281.0,272.7264709472656,308320,JK Lakshmi Cement Limited
2020-08-25,284.75,288.20001220703125,281.0,283.6499938964844,275.2984619140625,269373,JK Lakshmi Cement Limited
2020-08-26,286.75,286.75,278.3500061035156,280.8500061035156,272.5809020996094,211076,JK Lakshmi Cement Limited
2020-08-27,280.95001220703125,283.8500061035156,277.20001220703125,279.1499938964844,270.9309387207031,154176,JK Lakshmi Cement Limited
2020-08-28,283.0,283.0,273.79998779296875,275.29998779296875,267.1943054199219,426880,JK Lakshmi Cement Limited
2020-08-31,279.75,279.75,258.5,261.79998779296875,254.0917816162109,240246,JK Lakshmi Cement Limited
2020-09-01,261.8500061035156,265.29998779296875,258.0,262.1499938964844,254.4314727783203,104157,JK Lakshmi Cement Limited
2020-09-02,263.5,270.0,263.0,266.04998779296875,258.2166748046875,136321,JK Lakshmi Cement Limited
2020-09-03,267.0,273.8999938964844,267.0,270.6000061035156,262.6327209472656,579367,JK Lakshmi Cement Limited
2020-09-04,265.8999938964844,265.8999938964844,259.25,263.29998779296875,255.5476226806641,245417,JK Lakshmi Cement Limited
2020-09-07,266.0,266.0,258.5,258.95001220703125,251.3257293701172,112507,JK Lakshmi Cement Limited
2020-09-08,260.0,261.0,255.0,255.4499969482422,247.9287567138672,81300,JK Lakshmi Cement Limited
2020-09-09,254.6499938964844,255.0500030517578,243.1999969482422,253.3999938964844,245.9391021728516,446527,JK Lakshmi Cement Limited
2020-09-10,254.6999969482422,256.0,248.6499938964844,252.1000061035156,244.6774139404297,182793,JK Lakshmi Cement Limited
2020-09-11,253.6499938964844,259.45001220703125,248.1000061035156,257.8999938964844,250.3066253662109,390187,JK Lakshmi Cement Limited
2020-09-14,262.0,274.29998779296875,260.3999938964844,270.3999938964844,262.43853759765625,784385,JK Lakshmi Cement Limited
2020-09-15,273.8999938964844,273.8999938964844,263.5,267.29998779296875,259.42987060546875,608142,JK Lakshmi Cement Limited
2020-09-16,267.5,273.3500061035156,264.1499938964844,271.95001220703125,263.94293212890625,361680,JK Lakshmi Cement Limited
2020-09-17,274.8999938964844,276.8999938964844,267.0,268.79998779296875,260.8856506347656,296230,JK Lakshmi Cement Limited
2020-09-18,270.0,276.5,265.8500061035156,273.1499938964844,265.10760498046875,358210,JK Lakshmi Cement Limited
2020-09-21,276.0,278.1000061035156,263.0,265.75,257.925537109375,311465,JK Lakshmi Cement Limited
2020-09-22,266.54998779296875,269.95001220703125,248.75,250.8999938964844,243.51271057128903,420793,JK Lakshmi Cement Limited
2020-09-23,254.3999938964844,256.79998779296875,249.8000030517578,251.3000030517578,243.9009552001953,135708,JK Lakshmi Cement Limited
2020-09-24,250.0,250.8500061035156,245.5,249.1499938964844,241.8142547607422,121947,JK Lakshmi Cement Limited
2020-09-25,250.0,252.6000061035156,243.8999938964844,247.3999938964844,240.1157684326172,221093,JK Lakshmi Cement Limited
2020-09-28,248.1999969482422,254.3000030517578,248.1999969482422,252.6999969482422,245.25973510742188,106609,JK Lakshmi Cement Limited
2020-09-29,258.8999938964844,261.29998779296875,253.0,259.95001220703125,252.29627990722656,168806,JK Lakshmi Cement Limited
2020-09-30,260.04998779296875,261.95001220703125,255.3999938964844,257.5,249.9183807373047,54725,JK Lakshmi Cement Limited
2020-10-01,260.0,264.95001220703125,259.54998779296875,261.1499938964844,253.4609222412109,182571,JK Lakshmi Cement Limited
2020-10-05,266.0,268.95001220703125,260.0,261.3999938964844,253.7035369873047,197064,JK Lakshmi Cement Limited
2020-10-06,263.0,266.8999938964844,262.04998779296875,262.95001220703125,255.2079620361328,132899,JK Lakshmi Cement Limited
2020-10-07,263.1000061035156,268.1499938964844,260.0,265.20001220703125,257.3916931152344,275671,JK Lakshmi Cement Limited
2020-10-08,268.0,268.45001220703125,262.6000061035156,264.0,256.2270202636719,98555,JK Lakshmi Cement Limited
2020-10-09,265.0,270.0,264.25,265.75,257.925537109375,149045,JK Lakshmi Cement Limited
2020-10-12,268.3999938964844,269.70001220703125,262.0,263.5,255.74176025390625,76384,JK Lakshmi Cement Limited
2020-10-13,264.3999938964844,271.79998779296875,263.8500061035156,268.6499938964844,260.7401123046875,539870,JK Lakshmi Cement Limited
2020-10-14,272.0,272.0,263.54998779296875,269.95001220703125,262.0018615722656,328474,JK Lakshmi Cement Limited
2020-10-15,271.70001220703125,272.8999938964844,267.5,270.54998779296875,262.5841369628906,345633,JK Lakshmi Cement Limited
2020-10-16,271.6499938964844,278.0,269.0,274.3999938964844,266.32080078125,444700,JK Lakshmi Cement Limited
2020-10-19,278.0,280.95001220703125,275.0,279.04998779296875,270.8338928222656,281094,JK Lakshmi Cement Limited
2020-10-20,281.5,285.0,278.1499938964844,280.1000061035156,271.85302734375,301439,JK Lakshmi Cement Limited
2020-10-21,282.0,282.0,265.8999938964844,277.95001220703125,269.76629638671875,395892,JK Lakshmi Cement Limited
2020-10-22,281.0,297.0,278.5,291.29998779296875,282.7232360839844,1156889,JK Lakshmi Cement Limited
2020-10-23,292.95001220703125,297.29998779296875,288.5,295.04998779296875,286.36279296875,740453,JK Lakshmi Cement Limited
2020-10-26,297.0,298.79998779296875,278.6499938964844,283.6499938964844,275.2984619140625,347665,JK Lakshmi Cement Limited
2020-10-27,282.0,290.8999938964844,279.20001220703125,288.1000061035156,279.61749267578125,295260,JK Lakshmi Cement Limited
2020-10-28,289.54998779296875,289.54998779296875,284.29998779296875,287.04998779296875,278.5983581542969,168056,JK Lakshmi Cement Limited
2020-10-29,284.29998779296875,288.8500061035156,280.54998779296875,285.8500061035156,277.4337158203125,142379,JK Lakshmi Cement Limited
2020-10-30,286.6000061035156,291.95001220703125,286.0,290.1000061035156,281.5585632324219,328282,JK Lakshmi Cement Limited
2020-11-02,290.79998779296875,290.79998779296875,280.0,281.95001220703125,273.6485595703125,283388,JK Lakshmi Cement Limited
2020-11-03,282.8999938964844,288.5,278.1499938964844,281.5,273.21173095703125,251389,JK Lakshmi Cement Limited
2020-11-04,284.79998779296875,292.79998779296875,282.0,289.75,281.2188720703125,384819,JK Lakshmi Cement Limited
2020-11-05,293.3999938964844,306.45001220703125,288.8999938964844,292.20001220703125,283.59674072265625,1205232,JK Lakshmi Cement Limited
2020-11-06,292.6000061035156,295.8999938964844,284.5,287.25,278.7924499511719,366885,JK Lakshmi Cement Limited
2020-11-09,287.0,293.6000061035156,287.0,289.8500061035156,281.31591796875,261477,JK Lakshmi Cement Limited
2020-11-10,290.0,303.70001220703125,290.0,301.1499938964844,292.283203125,1105741,JK Lakshmi Cement Limited
2020-11-11,304.5,311.0,300.0,302.1000061035156,293.20526123046875,484767,JK Lakshmi Cement Limited
2020-11-12,302.25,319.45001220703125,302.1000061035156,316.8999938964844,307.5694580078125,720313,JK Lakshmi Cement Limited
2020-11-13,316.8999938964844,333.5,310.20001220703125,328.6499938964844,318.9735412597656,898842,JK Lakshmi Cement Limited
2020-11-14,333.5,342.79998779296875,332.75,338.79998779296875,328.8246765136719,306834,JK Lakshmi Cement Limited
2020-11-17,338.04998779296875,356.0,333.8999938964844,355.25,344.7903137207031,1109710,JK Lakshmi Cement Limited
2020-11-18,355.8500061035156,358.0,347.54998779296875,354.1499938964844,343.7226867675781,627362,JK Lakshmi Cement Limited
2020-11-19,354.0,358.0,342.0,343.3999938964844,333.28924560546875,467303,JK Lakshmi Cement Limited
2020-11-20,348.0,349.8999938964844,340.0,341.45001220703125,331.3966979980469,169677,JK Lakshmi Cement Limited
2020-11-23,343.20001220703125,351.25,343.20001220703125,346.5,336.2979431152344,224446,JK Lakshmi Cement Limited
2020-11-24,348.8999938964844,349.8500061035156,340.1499938964844,340.95001220703125,330.911376953125,171509,JK Lakshmi Cement Limited
2020-11-25,343.95001220703125,344.0,332.0,332.6000061035156,322.8072204589844,239689,JK Lakshmi Cement Limited
2020-11-26,334.8500061035156,341.29998779296875,333.6499938964844,336.75,326.8350524902344,211068,JK Lakshmi Cement Limited
2020-11-27,338.45001220703125,342.0,329.1000061035156,331.0,321.2543640136719,275223,JK Lakshmi Cement Limited
2020-12-01,333.6499938964844,355.95001220703125,331.45001220703125,354.54998779296875,344.1109313964844,1012071,JK Lakshmi Cement Limited
2020-12-02,357.0,360.0,346.1000061035156,357.3500061035156,346.8285217285156,578297,JK Lakshmi Cement Limited
2020-12-03,355.8999938964844,366.2999877929688,355.8999938964844,359.20001220703125,348.6240539550781,463657,JK Lakshmi Cement Limited
2020-12-04,361.0,368.5,359.5,362.8500061035156,352.1665954589844,467333,JK Lakshmi Cement Limited
2020-12-07,367.9500122070313,368.7000122070313,360.1000061035156,361.6000061035156,350.953369140625,258870,JK Lakshmi Cement Limited
2020-12-08,366.9500122070313,367.7999877929688,352.25,358.8999938964844,348.3328552246094,353562,JK Lakshmi Cement Limited
2020-12-09,360.0,363.1000061035156,350.0,352.75,342.36395263671875,338715,JK Lakshmi Cement Limited
2020-12-10,352.0,352.0,343.54998779296875,344.1499938964844,334.0171203613281,237466,JK Lakshmi Cement Limited
2020-12-11,345.70001220703125,351.0,342.0,343.75,333.62890625,203622,JK Lakshmi Cement Limited
2020-12-14,345.0,347.79998779296875,340.1000061035156,340.70001220703125,330.668701171875,257872,JK Lakshmi Cement Limited
2020-12-15,341.04998779296875,347.95001220703125,340.1000061035156,341.1000061035156,331.05694580078125,408632,JK Lakshmi Cement Limited
2020-12-16,343.8999938964844,345.95001220703125,337.0,337.95001220703125,327.99969482421875,273922,JK Lakshmi Cement Limited
2020-12-17,340.0,350.45001220703125,339.70001220703125,340.8999938964844,330.8628234863281,704415,JK Lakshmi Cement Limited
2020-12-18,343.6000061035156,344.79998779296875,339.5,340.25,330.23199462890625,165000,JK Lakshmi Cement Limited
2020-12-21,338.3500061035156,342.6000061035156,318.04998779296875,330.25,320.5263977050781,286816,JK Lakshmi Cement Limited
2020-12-22,325.20001220703125,331.5,308.0,324.95001220703125,315.3824768066406,314476,JK Lakshmi Cement Limited
2020-12-23,324.95001220703125,342.8999938964844,322.1000061035156,342.25,332.173095703125,208008,JK Lakshmi Cement Limited
2020-12-24,343.0,345.0,335.04998779296875,337.1000061035156,327.1747436523437,203891,JK Lakshmi Cement Limited
2020-12-28,337.5,340.70001220703125,335.79998779296875,336.8500061035156,326.9320983886719,104436,JK Lakshmi Cement Limited
2020-12-29,338.0,340.8500061035156,332.04998779296875,333.3999938964844,323.58367919921875,129801,JK Lakshmi Cement Limited
2020-12-30,336.3999938964844,350.0,333.3999938964844,345.3500061035156,335.18182373046875,716815,JK Lakshmi Cement Limited
2020-12-31,346.29998779296875,348.1499938964844,337.5,339.8999938964844,329.8923034667969,423597,JK Lakshmi Cement Limited
2021-01-01,341.6499938964844,344.79998779296875,340.54998779296875,342.45001220703125,332.3671875,199057,JK Lakshmi Cement Limited
2021-01-04,346.0,346.1499938964844,342.1499938964844,345.3999938964844,335.2303161621094,347839,JK Lakshmi Cement Limited
2021-01-05,342.0,345.3999938964844,341.0,341.8999938964844,331.8333740234375,235100,JK Lakshmi Cement Limited
2021-01-06,344.8999938964844,346.95001220703125,337.0,341.6499938964844,331.5907592773437,552133,JK Lakshmi Cement Limited
2021-01-07,343.0,351.29998779296875,342.04998779296875,345.8500061035156,335.6671142578125,853722,JK Lakshmi Cement Limited
2021-01-08,348.0,354.6000061035156,346.0,353.75,343.33447265625,798919,JK Lakshmi Cement Limited
2021-01-11,356.5,359.8999938964844,343.75,346.6499938964844,336.44354248046875,788401,JK Lakshmi Cement Limited
2021-01-12,349.70001220703125,353.95001220703125,347.3999938964844,352.8500061035156,342.46099853515625,263946,JK Lakshmi Cement Limited
2021-01-13,353.0,354.0,341.29998779296875,347.04998779296875,336.8317565917969,388269,JK Lakshmi Cement Limited
2021-01-14,347.04998779296875,349.95001220703125,339.5,340.1499938964844,330.1349182128906,417704,JK Lakshmi Cement Limited
2021-01-15,340.70001220703125,343.8500061035156,335.54998779296875,338.1000061035156,328.145263671875,249248,JK Lakshmi Cement Limited
2021-01-18,336.0,339.0,325.0,325.8999938964844,316.30450439453125,220073,JK Lakshmi Cement Limited
2021-01-19,329.3999938964844,330.0,323.6000061035156,327.3500061035156,317.7117919921875,382950,JK Lakshmi Cement Limited
2021-01-20,327.8999938964844,336.45001220703125,327.0,328.3500061035156,318.682373046875,231104,JK Lakshmi Cement Limited
2021-01-21,331.0,332.0,325.95001220703125,327.5,317.8573913574219,313155,JK Lakshmi Cement Limited
2021-01-22,330.5,330.5,324.79998779296875,325.70001220703125,316.1103515625,162804,JK Lakshmi Cement Limited
2021-01-25,334.0,337.8999938964844,322.20001220703125,325.54998779296875,315.9647827148437,597066,JK Lakshmi Cement Limited
2021-01-27,326.95001220703125,330.0,318.54998779296875,320.0,310.5782165527344,188040,JK Lakshmi Cement Limited
2021-01-28,318.0,322.6499938964844,310.29998779296875,318.8500061035156,309.4620666503906,258857,JK Lakshmi Cement Limited
2021-01-29,320.3999938964844,322.0,316.0,318.25,308.8797302246094,188213,JK Lakshmi Cement Limited
2021-02-01,318.25,337.0,310.5,335.04998779296875,325.1850891113281,787925,JK Lakshmi Cement Limited
2021-02-02,336.5,354.79998779296875,336.0,351.0,340.6654357910156,1007659,JK Lakshmi Cement Limited
2021-02-03,355.0,360.8999938964844,352.0,357.6000061035156,347.0711364746094,760440,JK Lakshmi Cement Limited
2021-02-04,361.3999938964844,361.4500122070313,353.6000061035156,357.95001220703125,347.4108581542969,777758,JK Lakshmi Cement Limited
2021-02-05,359.70001220703125,361.0,347.6499938964844,350.1000061035156,339.7919616699219,397651,JK Lakshmi Cement Limited
2021-02-08,352.0,371.0,351.0,368.0499877929688,357.2134704589844,1777030,JK Lakshmi Cement Limited
2021-02-09,371.0,388.8999938964844,366.3999938964844,378.7999877929688,367.64691162109375,1526932,JK Lakshmi Cement Limited
2021-02-10,380.0,380.5,362.3500061035156,373.5,362.5030212402344,632994,JK Lakshmi Cement Limited
2021-02-11,373.5,375.5,369.8999938964844,371.6000061035156,360.658935546875,241728,JK Lakshmi Cement Limited
2021-02-12,374.0,381.8999938964844,372.1499938964844,375.0,363.9588012695313,659155,JK Lakshmi Cement Limited
2021-02-15,377.7000122070313,383.75,368.1000061035156,370.0499877929688,359.1545715332031,417256,JK Lakshmi Cement Limited
2021-02-16,372.9500122070313,380.0,371.7999877929688,378.5499877929688,367.404296875,316009,JK Lakshmi Cement Limited
2021-02-17,378.0,379.1000061035156,372.6000061035156,375.5,364.4441223144531,154444,JK Lakshmi Cement Limited
2021-02-18,378.5,385.9500122070313,369.4500122070313,382.2000122070313,370.9468383789063,305803,JK Lakshmi Cement Limited
2021-02-19,382.2000122070313,390.0,361.7000122070313,376.25,365.1719970703125,520301,JK Lakshmi Cement Limited
2021-02-22,376.25,379.0,364.6499938964844,366.2999877929688,355.5149841308594,182718,JK Lakshmi Cement Limited
2021-02-23,367.7999877929688,374.0,366.0499877929688,368.8999938964844,358.0384216308594,165848,JK Lakshmi Cement Limited
2021-02-24,369.0,379.0,360.5,369.3999938964844,358.5237121582031,89216,JK Lakshmi Cement Limited
2021-02-25,370.1000061035156,378.0,370.1000061035156,375.25,364.2014770507813,215034,JK Lakshmi Cement Limited
2021-02-26,371.0,381.5499877929688,368.6000061035156,373.6000061035156,362.60009765625,458024,JK Lakshmi Cement Limited
2021-03-01,376.5,396.8999938964844,373.6000061035156,394.0,382.3994445800781,787844,JK Lakshmi Cement Limited
2021-03-02,399.5,439.2999877929688,398.2000122070313,431.2000122070313,418.504150390625,1713135,JK Lakshmi Cement Limited
2021-03-03,439.8999938964844,439.8999938964844,415.0499877929688,421.1499938964844,408.7500305175781,539214,JK Lakshmi Cement Limited
2021-03-04,420.0,439.8999938964844,411.0,434.3500061035156,421.5613708496094,603760,JK Lakshmi Cement Limited
2021-03-05,439.3500061035156,448.5,425.0499877929688,428.7000122070313,416.0777587890625,1050786,JK Lakshmi Cement Limited
2021-03-08,435.0,439.4500122070313,430.0,432.4500122070313,419.7173461914063,196446,JK Lakshmi Cement Limited
2021-03-09,435.8999938964844,443.0,430.25,437.2999877929688,424.424560546875,487066,JK Lakshmi Cement Limited
2021-03-10,438.8500061035156,440.0,427.0499877929688,428.7999877929688,416.1747741699219,402011,JK Lakshmi Cement Limited
2021-03-12,428.7999877929688,434.7000122070313,421.0,429.1000061035156,416.4659423828125,192550,JK Lakshmi Cement Limited
2021-03-15,429.1000061035156,439.0,421.2999877929688,423.2000122070313,410.7397155761719,204154,JK Lakshmi Cement Limited
2021-03-16,425.3500061035156,431.0,420.1499938964844,425.5,412.971923828125,116819,JK Lakshmi Cement Limited
2021-03-17,423.0,425.5,412.3500061035156,420.7000122070313,408.3132629394531,307663,JK Lakshmi Cement Limited
2021-03-18,420.7000122070313,426.0,400.5499877929688,404.5,392.5902404785156,363440,JK Lakshmi Cement Limited
2021-03-19,399.0,419.0,377.6000061035156,412.7999877929688,400.6458740234375,335253,JK Lakshmi Cement Limited
2021-03-22,411.8999938964844,428.7999877929688,405.0,406.8500061035156,394.8710632324219,244179,JK Lakshmi Cement Limited
2021-03-23,406.2999877929688,414.9500122070313,403.2000122070313,406.25,394.2887268066406,229350,JK Lakshmi Cement Limited
2021-03-24,405.25,413.5,399.0499877929688,400.7000122070313,388.9021301269531,201049,JK Lakshmi Cement Limited
2021-03-25,401.0,408.7000122070313,385.0,390.75,379.2451171875,165306,JK Lakshmi Cement Limited
2021-03-26,391.0,417.7000122070313,390.8999938964844,409.8999938964844,397.8312683105469,222394,JK Lakshmi Cement Limited
2021-03-30,419.0,423.0,412.1000061035156,419.7999877929688,407.4397888183594,482841,JK Lakshmi Cement Limited
2021-03-31,420.0,439.7000122070313,417.0,432.9500122070313,420.2026062011719,526273,JK Lakshmi Cement Limited
2021-04-01,436.2000122070313,441.0,426.0,438.6499938964844,425.7347717285156,616815,JK Lakshmi Cement Limited
2021-04-05,438.0,438.0,414.4500122070313,425.2000122070313,412.6808166503906,346926,JK Lakshmi Cement Limited
2021-04-06,425.2000122070313,427.75,415.8500061035156,419.6000061035156,407.2456970214844,363918,JK Lakshmi Cement Limited
2021-04-07,420.0,427.9500122070313,415.0,425.7000122070313,413.16607666015625,336023,JK Lakshmi Cement Limited
2021-04-08,425.1000061035156,444.8999938964844,425.1000061035156,439.1499938964844,426.2200622558594,515426,JK Lakshmi Cement Limited
2021-04-09,445.0,467.0,440.4500122070313,443.9500122070313,430.8787231445313,1239593,JK Lakshmi Cement Limited
2021-04-12,439.0,440.0,398.7000122070313,407.0499877929688,395.065185546875,525096,JK Lakshmi Cement Limited
2021-04-13,412.8999938964844,430.7999877929688,407.6000061035156,415.3500061035156,403.1208190917969,704631,JK Lakshmi Cement Limited
2021-04-15,415.8999938964844,416.6000061035156,390.0499877929688,399.3999938964844,387.640380859375,878133,JK Lakshmi Cement Limited
2021-04-16,400.0,417.8999938964844,396.0,409.0,396.957763671875,389205,JK Lakshmi Cement Limited
2021-04-19,394.0,402.2999877929688,386.2999877929688,395.3500061035156,383.7096557617188,216576,JK Lakshmi Cement Limited
2021-04-20,403.7000122070313,413.7000122070313,398.5499877929688,400.25,388.4653930664063,329449,JK Lakshmi Cement Limited
2021-04-22,400.2999877929688,406.7000122070313,394.3999938964844,398.2999877929688,386.5727844238281,202348,JK Lakshmi Cement Limited
2021-04-23,398.2999877929688,402.0499877929688,390.1000061035156,393.7000122070313,382.1082763671875,138977,JK Lakshmi Cement Limited
2021-04-26,399.0,403.1499938964844,394.3500061035156,396.4500122070313,384.7773132324219,164176,JK Lakshmi Cement Limited
2021-04-27,399.8999938964844,406.0,398.1000061035156,400.5,388.7080078125,158208,JK Lakshmi Cement Limited
2021-04-28,400.5,410.3999938964844,400.5,405.0499877929688,393.1240539550781,214495,JK Lakshmi Cement Limited
2021-04-29,409.0,411.4500122070313,400.5,401.6000061035156,389.7756652832031,168434,JK Lakshmi Cement Limited
2021-04-30,399.9500122070313,412.0499877929688,399.6499938964844,402.75,390.8917846679688,241221,JK Lakshmi Cement Limited
2021-05-03,401.0,411.5499877929688,398.5,404.9500122070313,393.0270690917969,221438,JK Lakshmi Cement Limited
2021-05-04,412.0,422.8999938964844,410.5,415.3500061035156,403.1208190917969,485979,JK Lakshmi Cement Limited
2021-05-05,419.5499877929688,420.7000122070313,410.25,416.25,403.9942932128906,153777,JK Lakshmi Cement Limited
2021-05-06,416.6000061035156,418.2999877929688,406.5,407.5499877929688,395.5504455566406,154754,JK Lakshmi Cement Limited
2021-05-07,408.6000061035156,420.0,408.25,418.4500122070313,406.1295166015625,211750,JK Lakshmi Cement Limited
2021-05-10,422.0,423.2999877929688,409.2999877929688,411.7000122070313,399.5782775878906,296686,JK Lakshmi Cement Limited
2021-05-11,410.0,418.5,406.5499877929688,412.0,399.8694458007813,129817,JK Lakshmi Cement Limited
2021-05-12,420.0,422.0,413.7000122070313,414.8999938964844,402.68408203125,234195,JK Lakshmi Cement Limited
2021-05-14,418.0,419.7999877929688,397.5,406.0,394.046142578125,213007,JK Lakshmi Cement Limited
2021-05-17,418.0,424.0,411.3500061035156,419.5,407.1485900878906,440715,JK Lakshmi Cement Limited
2021-05-18,421.0,433.8500061035156,421.0,426.7999877929688,414.2336730957031,635132,JK Lakshmi Cement Limited
2021-05-19,429.9500122070313,451.0,429.9500122070313,444.7000122070313,431.6066589355469,1434578,JK Lakshmi Cement Limited
2021-05-20,449.7000122070313,470.0,447.0,465.7999877929688,452.08538818359375,1538582,JK Lakshmi Cement Limited
2021-05-21,481.0,513.7999877929688,481.0,493.5499877929688,479.0183715820313,7329970,JK Lakshmi Cement Limited
2021-05-24,493.5499877929688,535.5,485.25,527.7000122070312,512.162841796875,3175103,JK Lakshmi Cement Limited
2021-05-25,526.2999877929688,538.0,516.0,532.0,516.3362426757812,1611663,JK Lakshmi Cement Limited
2021-05-26,528.3499755859375,555.0,524.0,551.4500122070312,535.2135620117188,1412582,JK Lakshmi Cement Limited
2021-05-27,550.0,555.0,539.0,551.0999755859375,534.8738403320312,1492479,JK Lakshmi Cement Limited
2021-05-28,545.3499755859375,563.9000244140625,530.3499755859375,537.6500244140625,521.8200073242188,1071458,JK Lakshmi Cement Limited
2021-05-31,539.25,560.0,536.0999755859375,542.6500244140625,526.6727294921875,1436698,JK Lakshmi Cement Limited
2021-06-01,548.4000244140625,551.0,532.4500122070312,539.9500122070312,524.0521850585938,685491,JK Lakshmi Cement Limited
2021-06-02,543.0,545.7000122070312,535.5499877929688,542.4000244140625,526.4300537109375,395447,JK Lakshmi Cement Limited
2021-06-03,546.9500122070312,552.0,540.0999755859375,549.3499755859375,533.1754150390625,1012030,JK Lakshmi Cement Limited
2021-06-04,554.0,554.0,538.0499877929688,541.3499755859375,525.4110107421875,391253,JK Lakshmi Cement Limited
2021-06-07,546.7999877929688,588.0,538.0,572.25,555.4011840820312,1829342,JK Lakshmi Cement Limited
2021-06-08,578.4000244140625,578.4000244140625,552.0,556.9000244140625,540.503173828125,558566,JK Lakshmi Cement Limited
2021-06-09,560.0,574.5999755859375,558.4500122070312,567.9500122070312,551.2278442382812,428506,JK Lakshmi Cement Limited
2021-06-10,573.0,577.0,556.0,560.0,543.5118408203125,268104,JK Lakshmi Cement Limited
2021-06-11,560.0,571.9000244140625,560.0,565.0999755859375,548.4617309570312,294169,JK Lakshmi Cement Limited
2021-06-14,568.9000244140625,572.9000244140625,542.0,570.5,553.7026977539062,331730,JK Lakshmi Cement Limited
2021-06-15,570.5,583.0,560.0999755859375,568.1500244140625,551.4219360351562,570545,JK Lakshmi Cement Limited
2021-06-16,572.5999755859375,574.3499755859375,554.0,558.7000122070312,542.2501220703125,348270,JK Lakshmi Cement Limited
2021-06-17,558.6500244140625,594.7000122070312,553.9500122070312,581.5499877929688,564.4273681640625,1649626,JK Lakshmi Cement Limited
2021-06-18,588.5,593.0,563.0,570.1500244140625,553.3629760742188,684962,JK Lakshmi Cement Limited
2021-06-21,569.7000122070312,588.25,561.5,583.0,565.8345947265625,340531,JK Lakshmi Cement Limited
2021-06-22,582.6500244140625,587.0,571.4500122070312,575.0,558.0702514648438,280566,JK Lakshmi Cement Limited
2021-06-23,575.0,582.9000244140625,572.0,577.4000244140625,560.3995361328125,261187,JK Lakshmi Cement Limited
2021-06-24,572.0,590.9500122070312,570.0,574.1500244140625,557.2453002929688,387252,JK Lakshmi Cement Limited
2021-06-25,573.3499755859375,580.0,570.2000122070312,578.5,561.4671630859375,213132,JK Lakshmi Cement Limited
2021-06-28,571.3499755859375,579.9500122070312,571.3499755859375,574.5499877929688,557.6334838867188,249292,JK Lakshmi Cement Limited
2021-06-29,580.0,580.0,567.5,574.0,557.0996704101562,161081,JK Lakshmi Cement Limited
2021-06-30,578.0999755859375,582.5,565.2999877929688,577.4500122070312,560.4481201171875,339548,JK Lakshmi Cement Limited
2021-07-01,578.0,587.0,567.5499877929688,582.25,565.1067504882812,214134,JK Lakshmi Cement Limited
2021-07-02,586.0,586.0,576.8499755859375,584.0999755859375,566.9022216796875,142510,JK Lakshmi Cement Limited
2021-07-05,588.5,602.0,584.25,599.2999877929688,581.6547241210938,496337,JK Lakshmi Cement Limited
2021-07-06,608.5999755859375,674.0,606.3499755859375,650.75,631.58984375,4502198,JK Lakshmi Cement Limited
2021-07-07,650.75,653.75,625.3499755859375,633.9500122070312,615.2845458984375,1075566,JK Lakshmi Cement Limited
2021-07-08,636.5499877929688,646.0,626.3499755859375,634.5999755859375,615.9153442382812,650610,JK Lakshmi Cement Limited
2021-07-09,636.0,644.0,628.4500122070312,638.7999877929688,619.9917602539062,419813,JK Lakshmi Cement Limited
2021-07-12,645.7000122070312,651.5,640.1500244140625,646.2999877929688,627.2709350585938,495288,JK Lakshmi Cement Limited
2021-07-13,652.0,675.0,646.0,669.6500244140625,649.9334716796875,1128473,JK Lakshmi Cement Limited
2021-07-14,669.6500244140625,670.25,657.0,659.75,640.3248901367188,343103,JK Lakshmi Cement Limited
2021-07-15,664.7999877929688,667.9000244140625,649.0,653.5999755859375,634.35595703125,266918,JK Lakshmi Cement Limited
2021-07-16,660.5,662.0,648.0499877929688,656.5499877929688,637.2190551757812,253949,JK Lakshmi Cement Limited
2021-07-19,654.75,665.9500122070312,653.0499877929688,659.7000122070312,640.2763671875,352249,JK Lakshmi Cement Limited
2021-07-20,660.5,717.9500122070312,657.5499877929688,701.4500122070312,680.797119140625,4049789,JK Lakshmi Cement Limited
2021-07-22,713.0,721.25,699.0999755859375,705.0499877929688,684.2911376953125,790426,JK Lakshmi Cement Limited
2021-07-23,709.0,714.5499877929688,691.4500122070312,696.4500122070312,675.9443969726562,308302,JK Lakshmi Cement Limited
2021-07-26,708.0,718.0,697.0499877929688,711.0,690.0659790039062,570334,JK Lakshmi Cement Limited
2021-07-27,716.5999755859375,729.9000244140625,713.0999755859375,727.0,705.5949096679688,902780,JK Lakshmi Cement Limited
2021-07-28,731.0,731.0499877929688,713.4000244140625,725.25,703.8963623046875,1012089,JK Lakshmi Cement Limited
2021-07-29,731.7999877929688,816.0,721.25,734.9500122070312,713.3108520507812,1947291,JK Lakshmi Cement Limited
2021-07-30,745.0,745.0,685.8499755859375,691.9500122070312,671.5768432617188,1855019,JK Lakshmi Cement Limited
2021-08-02,700.4000244140625,700.4000244140625,675.1500244140625,678.5999755859375,658.619873046875,659277,JK Lakshmi Cement Limited
2021-08-03,681.0,696.9500122070312,670.0,674.0,654.1553955078125,466655,JK Lakshmi Cement Limited
2021-08-04,679.75,687.4000244140625,660.0,662.9500122070312,643.4306640625,544437,JK Lakshmi Cement Limited
2021-08-05,668.0,692.0499877929688,647.2000122070312,678.9000244140625,658.9111328125,762958,JK Lakshmi Cement Limited
2021-08-06,683.0999755859375,685.9500122070312,670.0,672.9000244140625,653.0877685546875,283814,JK Lakshmi Cement Limited
2021-08-09,678.9000244140625,680.9500122070312,667.0,672.5999755859375,652.7965087890625,471364,JK Lakshmi Cement Limited
2021-08-10,675.9500122070312,676.5,632.0,640.3499755859375,621.49609375,443924,JK Lakshmi Cement Limited
2021-08-11,640.0,681.9500122070312,637.25,675.9500122070312,656.0479736328125,995206,JK Lakshmi Cement Limited
2021-08-12,681.9000244140625,684.5999755859375,670.3499755859375,677.8499755859375,661.5620727539062,719240,JK Lakshmi Cement Limited
2021-08-13,682.4000244140625,682.9500122070312,664.4000244140625,666.5499877929688,650.53369140625,233853,JK Lakshmi Cement Limited
2021-08-16,671.7000122070312,679.7999877929688,665.5499877929688,674.25,658.0487060546875,278366,JK Lakshmi Cement Limited
2021-08-17,676.0,710.0,672.9500122070312,701.75,684.8878173828125,799904,JK Lakshmi Cement Limited
2021-08-18,712.5,721.9000244140625,705.25,709.5,692.4517211914062,1377570,JK Lakshmi Cement Limited
2021-08-20,705.9000244140625,708.0,685.4500122070312,697.0499877929688,680.3008422851562,395870,JK Lakshmi Cement Limited
2021-08-23,699.0,711.0,676.25,695.7999877929688,679.080810546875,528866,JK Lakshmi Cement Limited
2021-08-24,695.0999755859375,712.2999877929688,695.0999755859375,703.2000122070312,686.3031005859375,398624,JK Lakshmi Cement Limited
2021-08-25,704.5,710.5999755859375,696.6500244140625,702.2999877929688,685.4246826171875,215102,JK Lakshmi Cement Limited
2021-08-26,708.9000244140625,715.5499877929688,697.0499877929688,701.75,684.8878173828125,329943,JK Lakshmi Cement Limited
2021-08-27,705.0,715.0,698.6500244140625,712.4000244140625,695.2820434570312,427785,JK Lakshmi Cement Limited
2021-08-30,719.0,728.9000244140625,701.25,707.0,690.0117797851562,360342,JK Lakshmi Cement Limited
2021-08-31,711.9000244140625,718.0,701.8499755859375,709.0499877929688,692.0125122070312,288855,JK Lakshmi Cement Limited
2021-09-01,714.7000122070312,714.7000122070312,699.0,703.4000244140625,686.498291015625,245097,JK Lakshmi Cement Limited
2021-09-02,702.25,713.5,698.25,702.8499755859375,685.96142578125,307566,JK Lakshmi Cement Limited
2021-09-03,703.0,710.25,703.0,707.8499755859375,690.84130859375,366000,JK Lakshmi Cement Limited
2021-09-06,714.0999755859375,714.4000244140625,700.2999877929688,712.8499755859375,695.72119140625,314133,JK Lakshmi Cement Limited
2021-09-07,708.0999755859375,739.6500244140625,708.0999755859375,732.5999755859375,714.9966430664062,1009426,JK Lakshmi Cement Limited
2021-09-08,738.0999755859375,747.5999755859375,725.4000244140625,731.1500244140625,713.5814208984375,557830,JK Lakshmi Cement Limited
2021-09-09,733.4000244140625,736.0,696.0999755859375,714.4000244140625,697.2339477539062,399044,JK Lakshmi Cement Limited
2021-09-13,715.0,732.5,715.0,729.8499755859375,712.3126220703125,300245,JK Lakshmi Cement Limited
2021-09-14,730.4000244140625,747.0,721.8499755859375,736.2999877929688,718.6077270507812,379780,JK Lakshmi Cement Limited
2021-09-15,736.2999877929688,739.0,723.4000244140625,728.3499755859375,710.8486938476562,213801,JK Lakshmi Cement Limited
2021-09-16,734.0,734.0,705.5499877929688,710.0,692.9396362304688,532115,JK Lakshmi Cement Limited
2021-09-17,715.5,717.0,680.5499877929688,688.6500244140625,672.1026611328125,1826398,JK Lakshmi Cement Limited
2021-09-20,684.9500122070312,688.1500244140625,676.0499877929688,681.3499755859375,664.9780883789062,164962,JK Lakshmi Cement Limited
2021-09-21,679.9500122070312,684.0999755859375,653.6500244140625,675.75,659.5126342773438,244196,JK Lakshmi Cement Limited
2021-09-22,671.0999755859375,689.5,671.0999755859375,674.0999755859375,657.9022827148438,171010,JK Lakshmi Cement Limited
2021-09-23,675.0,675.4000244140625,648.0,650.5999755859375,634.9669799804688,748724,JK Lakshmi Cement Limited
2021-09-24,658.0,665.9500122070312,636.1500244140625,641.75,626.32958984375,405150,JK Lakshmi Cement Limited
2021-09-27,632.0,638.9000244140625,619.6500244140625,626.2000122070312,611.1533203125,533501,JK Lakshmi Cement Limited
2021-09-28,626.4000244140625,646.9500122070312,621.5999755859375,625.25,610.22607421875,486021,JK Lakshmi Cement Limited
2021-09-29,626.6500244140625,631.0,613.7999877929688,618.75,603.8822631835938,300057,JK Lakshmi Cement Limited
2021-09-30,624.0,629.75,612.5,617.9000244140625,603.052734375,302194,JK Lakshmi Cement Limited
2021-10-01,624.6500244140625,634.5499877929688,619.5999755859375,627.0,611.9339599609375,346846,JK Lakshmi Cement Limited
2021-10-04,632.0,644.0,628.0999755859375,641.75,626.32958984375,387568,JK Lakshmi Cement Limited
2021-10-05,643.9500122070312,655.0,637.5999755859375,653.4000244140625,637.6996459960938,431652,JK Lakshmi Cement Limited
2021-10-06,653.0,660.0,638.2999877929688,642.3499755859375,626.9151611328125,434469,JK Lakshmi Cement Limited
2021-10-07,649.0,655.0,646.9500122070312,650.5999755859375,634.9669799804688,231212,JK Lakshmi Cement Limited
2021-10-08,655.0,655.0,646.0,650.8499755859375,635.2109375,101210,JK Lakshmi Cement Limited
2021-10-11,650.8499755859375,656.7000122070312,643.25,646.7000122070312,631.16064453125,108999,JK Lakshmi Cement Limited
2021-10-12,652.0999755859375,652.0999755859375,640.0999755859375,641.5999755859375,626.1832275390625,112561,JK Lakshmi Cement Limited
2021-10-13,645.0,646.9000244140625,630.0,631.5,616.325927734375,251842,JK Lakshmi Cement Limited
2021-10-14,637.0,640.0,627.2999877929688,631.25,616.0819091796875,246350,JK Lakshmi Cement Limited
2021-10-18,632.0,634.75,619.0,620.7000122070312,605.7854614257812,263224,JK Lakshmi Cement Limited
2021-10-19,621.0,627.6500244140625,597.0,602.5999755859375,588.1203002929688,239157,JK Lakshmi Cement Limited
2021-10-20,608.0,609.0,580.0,589.5499877929688,575.3839111328125,281970,JK Lakshmi Cement Limited
2021-10-21,588.75,609.8499755859375,577.5,600.4500122070312,586.0220336914062,347630,JK Lakshmi Cement Limited
2021-10-22,600.4500122070312,600.4500122070312,578.75,585.0999755859375,571.0408325195312,165605,JK Lakshmi Cement Limited
2021-10-25,589.7999877929688,589.7999877929688,561.5999755859375,573.0,559.2316284179688,211917,JK Lakshmi Cement Limited
2021-10-26,573.0,588.9500122070312,572.9500122070312,585.4500122070312,571.3824462890625,220312,JK Lakshmi Cement Limited
2021-10-27,588.5,620.0,588.0999755859375,617.7999877929688,602.955078125,294093,JK Lakshmi Cement Limited
2021-10-28,620.0,620.5,605.0,610.3499755859375,595.68408203125,163581,JK Lakshmi Cement Limited
2021-10-29,614.75,619.5,580.4000244140625,614.9500122070312,600.173583984375,173084,JK Lakshmi Cement Limited
2021-11-01,597.2000122070312,619.4000244140625,597.2000122070312,614.7000122070312,599.9296264648438,260966,JK Lakshmi Cement Limited
2021-11-02,619.7000122070312,623.5999755859375,610.0,612.6500244140625,597.9288940429688,225204,JK Lakshmi Cement Limited
2021-11-03,622.0,622.0,608.3499755859375,619.7999877929688,604.906982421875,312532,JK Lakshmi Cement Limited
2021-11-04,630.0,635.0,625.4500122070312,631.1500244140625,615.9843139648438,66838,JK Lakshmi Cement Limited
2021-11-08,630.0,656.0,621.0499877929688,652.9000244140625,637.2117309570312,519505,JK Lakshmi Cement Limited
2021-11-09,658.0,658.0,643.1500244140625,653.0,637.3092651367188,357660,JK Lakshmi Cement Limited
2021-11-10,649.0499877929688,657.5499877929688,646.2000122070312,655.0999755859375,639.3587646484375,223383,JK Lakshmi Cement Limited
2021-11-11,657.0,673.7999877929688,656.0999755859375,670.1500244140625,654.0471801757812,365603,JK Lakshmi Cement Limited
2021-11-12,673.7000122070312,678.5999755859375,645.5499877929688,651.5,635.8453369140625,223604,JK Lakshmi Cement Limited
2021-11-15,654.8499755859375,656.0999755859375,638.0,649.5,633.8933715820312,656091,JK Lakshmi Cement Limited
2021-11-16,649.2999877929688,656.2999877929688,638.4000244140625,644.8499755859375,629.3551025390625,322233,JK Lakshmi Cement Limited
2021-11-17,644.5,648.5,636.0,639.8499755859375,624.4752197265625,89983,JK Lakshmi Cement Limited
2021-11-18,640.0,640.9500122070312,624.5,635.75,620.4738159179688,88948,JK Lakshmi Cement Limited
2021-11-22,629.75,639.2000122070312,606.2000122070312,623.9000244140625,608.9085693359375,208247,JK Lakshmi Cement Limited
2021-11-23,622.0,629.0499877929688,618.8499755859375,625.75,610.714111328125,90442,JK Lakshmi Cement Limited
2021-11-24,625.0,638.2999877929688,622.0999755859375,631.25,616.0819091796875,103835,JK Lakshmi Cement Limited
2021-11-25,638.7999877929688,638.9500122070312,624.0,628.1500244140625,613.056396484375,48839,JK Lakshmi Cement Limited
2021-11-26,627.0,641.7999877929688,608.2000122070312,633.3499755859375,618.1314086914062,138641,JK Lakshmi Cement Limited
2021-11-29,623.0,654.9500122070312,540.4000244140625,647.5499877929688,631.990234375,452305,JK Lakshmi Cement Limited
2021-11-30,648.0,659.9000244140625,625.0999755859375,634.9500122070312,619.6930541992188,180528,JK Lakshmi Cement Limited
2021-12-01,639.0,644.9000244140625,619.4500122070312,630.2999877929688,615.1546630859375,135932,JK Lakshmi Cement Limited
2021-12-02,633.1500244140625,634.0,617.0999755859375,627.2000122070312,612.1292724609375,127345,JK Lakshmi Cement Limited
2021-12-03,632.0,634.9000244140625,620.0,623.6500244140625,608.66455078125,505352,JK Lakshmi Cement Limited
2021-12-06,628.7000122070312,633.0,618.9500122070312,620.1500244140625,605.2486572265625,51092,JK Lakshmi Cement Limited
2021-12-07,620.0999755859375,629.4000244140625,620.0,621.25,606.3222045898438,41891,JK Lakshmi Cement Limited
2021-12-08,622.0,637.2999877929688,622.0,627.7000122070312,612.6172485351562,57160,JK Lakshmi Cement Limited
2021-12-09,631.0,632.9000244140625,622.0,624.75,609.738037109375,51774,JK Lakshmi Cement Limited
2021-12-10,630.5,635.5,625.5,627.5499877929688,612.4707641601562,35090,JK Lakshmi Cement Limited
2021-12-13,630.7000122070312,639.0,621.0499877929688,622.5999755859375,607.6397094726562,44794,JK Lakshmi Cement Limited
2021-12-14,627.4000244140625,632.3499755859375,615.0499877929688,617.4500122070312,602.613525390625,150495,JK Lakshmi Cement Limited
2021-12-15,601.0,609.7000122070312,580.0,588.3499755859375,574.2127075195312,576442,JK Lakshmi Cement Limited
2021-12-16,590.0499877929688,593.9500122070312,576.4500122070312,587.0499877929688,572.9439697265625,252214,JK Lakshmi Cement Limited
2021-12-17,578.3499755859375,587.0,565.0,567.9000244140625,554.254150390625,370550,JK Lakshmi Cement Limited
2021-12-20,559.5,566.3499755859375,536.0,539.5999755859375,526.6341552734375,424579,JK Lakshmi Cement Limited
2021-12-21,540.4500122070312,550.0,534.5499877929688,537.4000244140625,524.4869995117188,161132,JK Lakshmi Cement Limited
2021-12-22,534.2000122070312,545.9500122070312,529.0999755859375,531.5499877929688,518.777587890625,389804,JK Lakshmi Cement Limited
2021-12-23,531.0999755859375,544.4000244140625,531.0999755859375,541.7999877929688,528.7811889648438,306847,JK Lakshmi Cement Limited
2021-12-24,543.0,555.0,537.2000122070312,550.7000122070312,537.4674072265625,157747,JK Lakshmi Cement Limited
2021-12-27,553.0,565.9500122070312,545.7000122070312,561.2000122070312,547.7151489257812,145720,JK Lakshmi Cement Limited
2021-12-28,567.9000244140625,573.3499755859375,557.9000244140625,570.1500244140625,556.4501342773438,174503,JK Lakshmi Cement Limited
2021-12-29,570.5499877929688,581.0,565.7000122070312,574.9500122070312,561.134765625,143689,JK Lakshmi Cement Limited
2021-12-30,574.9500122070312,585.0,568.4000244140625,572.4500122070312,558.69482421875,924531,JK Lakshmi Cement Limited
2021-12-31,575.0,582.0,568.5,578.25,564.3554077148438,73829,JK Lakshmi Cement Limited
2022-01-03,577.7000122070312,589.9000244140625,573.0,584.4500122070312,570.4064331054688,118747,JK Lakshmi Cement Limited
2022-01-04,588.0,605.2000122070312,581.6500244140625,602.4000244140625,587.9251098632812,186771,JK Lakshmi Cement Limited
2022-01-05,604.0,620.0499877929688,597.75,614.5999755859375,599.8319091796875,371784,JK Lakshmi Cement Limited
2022-01-06,612.9000244140625,617.2000122070312,605.4000244140625,614.9500122070312,600.173583984375,83932,JK Lakshmi Cement Limited
2022-01-07,612.7999877929688,630.0999755859375,610.7999877929688,623.0999755859375,608.1277465820312,238966,JK Lakshmi Cement Limited
2022-01-10,626.0,627.75,601.5999755859375,604.3499755859375,589.8283081054688,198978,JK Lakshmi Cement Limited
2022-01-11,605.0,607.9000244140625,595.0,597.1500244140625,582.8013305664062,125052,JK Lakshmi Cement Limited
2022-01-12,597.1500244140625,600.6500244140625,588.5999755859375,592.7000122070312,578.458251953125,108161,JK Lakshmi Cement Limited
2022-01-13,594.9000244140625,601.0,588.0,589.6500244140625,575.4815673828125,57760,JK Lakshmi Cement Limited
2022-01-14,592.4000244140625,603.75,586.2000122070312,594.5,580.2149658203125,124712,JK Lakshmi Cement Limited
2022-01-17,598.9000244140625,612.0,598.1500244140625,607.0499877929688,592.46337890625,85037,JK Lakshmi Cement Limited
2022-01-18,610.0,613.5499877929688,605.5,608.7000122070312,594.07373046875,184674,JK Lakshmi Cement Limited
2022-01-19,606.0,612.7999877929688,595.2000122070312,606.1500244140625,591.5850219726562,102398,JK Lakshmi Cement Limited
2022-01-20,600.0,611.9500122070312,598.4500122070312,603.7999877929688,589.29150390625,48148,JK Lakshmi Cement Limited
2022-01-21,598.2999877929688,609.0999755859375,585.0,589.5999755859375,575.4326171875,48154,JK Lakshmi Cement Limited
2022-01-24,585.0,607.7000122070312,576.4500122070312,592.7999877929688,578.5557861328125,449687,JK Lakshmi Cement Limited
2022-01-25,595.5,599.75,559.0,567.3499755859375,553.7173461914062,146800,JK Lakshmi Cement Limited
2022-01-27,560.0,583.0,559.0999755859375,569.25,555.5717163085938,79586,JK Lakshmi Cement Limited
2022-01-28,578.0,580.0,560.75,563.4000244140625,549.8622436523438,80774,JK Lakshmi Cement Limited
2022-01-31,574.0,574.0,560.0,563.2000122070312,549.6670532226562,247217,JK Lakshmi Cement Limited
2022-02-01,565.8499755859375,589.0,564.5999755859375,587.0499877929688,572.9439697265625,236395,JK Lakshmi Cement Limited
2022-02-02,591.2999877929688,591.2999877929688,568.7999877929688,569.9000244140625,556.2061157226562,475634,JK Lakshmi Cement Limited
2022-02-03,561.5999755859375,576.2000122070312,555.2999877929688,558.5499877929688,545.1287841796875,310364,JK Lakshmi Cement Limited
2022-02-04,561.9500122070312,565.0,549.4500122070312,551.5999755859375,538.3458251953125,196298,JK Lakshmi Cement Limited
2022-02-07,555.0,566.5499877929688,549.25,559.4000244140625,545.9583740234375,218417,JK Lakshmi Cement Limited
2022-02-08,563.0,564.8499755859375,546.0,547.25,534.100341796875,180049,JK Lakshmi Cement Limited
2022-02-09,550.0999755859375,554.7000122070312,525.2000122070312,528.25,515.5568237304688,342543,JK Lakshmi Cement Limited
2022-02-10,536.1500244140625,538.7000122070312,528.5,533.0499877929688,520.2415161132812,125214,JK Lakshmi Cement Limited
2022-02-11,528.9000244140625,529.4500122070312,514.0999755859375,519.0999755859375,506.626708984375,262863,JK Lakshmi Cement Limited
2022-02-14,507.5499877929688,511.6000061035156,486.25,489.1499938964844,477.39642333984375,177593,JK Lakshmi Cement Limited
2022-02-15,495.0,502.9500122070313,471.6499938964844,480.5499877929688,469.0030517578125,477450,JK Lakshmi Cement Limited
2022-02-16,487.5499877929688,494.8999938964844,470.0499877929688,473.3500061035156,461.9760437011719,220240,JK Lakshmi Cement Limited
2022-02-17,480.0,480.0,459.0,460.5499877929688,449.4836120605469,221986,JK Lakshmi Cement Limited
2022-02-18,462.7000122070313,464.8500061035156,456.8999938964844,460.1499938964844,449.09320068359375,148066,JK Lakshmi Cement Limited
2022-02-21,454.3999938964844,462.25,446.0,449.3999938964844,438.60150146484375,223325,JK Lakshmi Cement Limited
2022-02-22,440.0,444.25,429.0499877929688,431.6000061035156,421.229248046875,248675,JK Lakshmi Cement Limited
2022-02-23,437.2000122070313,450.0,435.5,445.75,435.0392150878906,134221,JK Lakshmi Cement Limited
2022-02-24,425.0,445.75,422.7000122070313,438.6000061035156,428.06103515625,212604,JK Lakshmi Cement Limited
2022-02-25,439.8999938964844,465.1499938964844,438.3500061035156,447.1000061035156,436.3567810058594,134637,JK Lakshmi Cement Limited
2022-02-28,428.5499877929688,458.0,428.5499877929688,448.7999877929688,438.0158996582031,106229,JK Lakshmi Cement Limited
2022-03-02,444.7000122070313,447.7999877929688,429.3500061035156,432.0499877929688,421.6684265136719,273565,JK Lakshmi Cement Limited
2022-03-03,436.8999938964844,441.5499877929688,412.25,418.2999877929688,408.2488098144531,126068,JK Lakshmi Cement Limited
2022-03-04,414.1000061035156,414.1000061035156,403.25,412.1000061035156,402.1977844238281,266885,JK Lakshmi Cement Limited
2022-03-07,408.8999938964844,409.4500122070313,388.0,401.1499938964844,391.5109252929688,180468,JK Lakshmi Cement Limited
2022-03-08,405.1499938964844,420.2000122070313,393.75,396.2000122070313,386.6798706054688,301571,JK Lakshmi Cement Limited
2022-03-09,399.8999938964844,411.9500122070313,396.5499877929688,403.3999938964844,393.7068176269531,257909,JK Lakshmi Cement Limited
2022-03-10,412.0,441.7999877929688,412.0,437.75,427.2314453125,698585,JK Lakshmi Cement Limited
2022-03-11,438.9500122070313,470.75,430.3500061035156,455.1499938964844,444.21337890625,865645,JK Lakshmi Cement Limited
2022-03-14,455.1499938964844,462.0,437.0,439.25,428.6954040527344,194862,JK Lakshmi Cement Limited
2022-03-15,442.9500122070313,447.9500122070313,438.1000061035156,441.6499938964844,431.0377197265625,168167,JK Lakshmi Cement Limited
2022-03-16,450.0,450.8999938964844,426.1499938964844,442.3999938964844,431.7697143554688,640690,JK Lakshmi Cement Limited
2022-03-17,450.0,450.8500061035156,430.0,435.8500061035156,425.3771057128906,543480,JK Lakshmi Cement Limited
2022-03-21,434.8999938964844,438.9500122070313,425.0,428.8500061035156,418.5453186035156,239304,JK Lakshmi Cement Limited
2022-03-22,431.0,431.0,417.25,422.0,411.8599243164063,184958,JK Lakshmi Cement Limited
2022-03-23,426.0,428.0,413.5499877929688,415.8500061035156,405.857666015625,216311,JK Lakshmi Cement Limited
2022-03-24,417.0,417.7999877929688,411.3500061035156,415.0,405.028076171875,169567,JK Lakshmi Cement Limited
2022-03-25,419.0,422.5,412.0499877929688,415.2000122070313,405.2233276367188,123976,JK Lakshmi Cement Limited
2022-03-28,417.2999877929688,418.0,402.5499877929688,413.9500122070313,404.00335693359375,266032,JK Lakshmi Cement Limited
2022-03-29,413.9500122070313,446.3500061035156,413.9500122070313,443.3999938964844,432.7456970214844,632570,JK Lakshmi Cement Limited
2022-03-30,450.0,477.0,446.0499877929688,470.8500061035156,459.5361022949219,844767,JK Lakshmi Cement Limited
2022-03-31,472.0499877929688,488.0,457.7000122070313,474.8500061035156,463.4400024414063,588695,JK Lakshmi Cement Limited
2022-04-01,477.7000122070313,479.1499938964844,463.3999938964844,465.9500122070313,454.7538757324219,240357,JK Lakshmi Cement Limited
2022-04-04,478.0,479.8999938964844,466.0,467.4500122070313,456.2178039550781,258862,JK Lakshmi Cement Limited
2022-04-05,470.0,470.9500122070313,460.7999877929688,463.2000122070313,452.0699462890625,265938,JK Lakshmi Cement Limited
2022-04-06,463.0,465.8999938964844,459.0,460.6000061035156,449.5324096679688,202181,JK Lakshmi Cement Limited
2022-04-07,461.7999877929688,464.5,451.0,452.8999938964844,442.0173950195313,201141,JK Lakshmi Cement Limited
2022-04-08,463.0,466.9500122070313,457.0,460.0499877929688,448.99560546875,290426,JK Lakshmi Cement Limited
2022-04-11,463.5499877929688,479.1499938964844,461.1000061035156,476.2000122070313,464.757568359375,684675,JK Lakshmi Cement Limited
2022-04-12,480.0,483.2000122070313,468.0499877929688,472.0499877929688,460.707275390625,292607,JK Lakshmi Cement Limited
2022-04-13,477.4500122070313,477.4500122070313,466.0,467.3500061035156,456.1202087402344,149562,JK Lakshmi Cement Limited
2022-04-18,468.0,468.8999938964844,456.1000061035156,462.0,450.8987426757813,136069,JK Lakshmi Cement Limited
2022-04-19,468.8999938964844,468.8999938964844,433.2999877929688,440.5,429.9153442382813,252845,JK Lakshmi Cement Limited
2022-04-20,440.3500061035156,450.4500122070313,433.1000061035156,445.8999938964844,435.1856384277344,262907,JK Lakshmi Cement Limited
2022-04-21,448.7000122070313,455.7000122070313,447.8999938964844,452.3500061035156,441.4806213378906,109591,JK Lakshmi Cement Limited
2022-04-22,449.0,460.0,444.0499877929688,451.75,440.8950500488281,97570,JK Lakshmi Cement Limited
2022-04-25,451.0,453.0,435.9500122070313,439.0499877929688,428.5002136230469,105029,JK Lakshmi Cement Limited
2022-04-26,443.0,460.0,433.8999938964844,437.7000122070313,427.18267822265625,187930,JK Lakshmi Cement Limited
2022-04-27,435.0,438.9500122070313,431.0,436.75,426.2554931640625,81170,JK Lakshmi Cement Limited
2022-04-28,442.0499877929688,451.75,434.2999877929688,449.3999938964844,438.60150146484375,127162,JK Lakshmi Cement Limited
2022-04-29,449.4500122070313,455.0,437.3500061035156,442.1000061035156,431.4769287109375,65443,JK Lakshmi Cement Limited
2022-05-02,431.2999877929688,441.0499877929688,431.1000061035156,439.2999877929688,428.7442321777344,107268,JK Lakshmi Cement Limited
2022-05-04,444.0,446.9500122070313,407.0499877929688,414.8999938964844,404.9304809570313,150808,JK Lakshmi Cement Limited
2022-05-05,430.0,430.0,412.7999877929688,415.7999877929688,405.8088684082031,108087,JK Lakshmi Cement Limited
2022-05-06,407.5,415.0,402.4500122070313,408.1000061035156,398.2939147949219,132565,JK Lakshmi Cement Limited
2022-05-09,409.0,409.0,396.0,405.0,395.2684020996094,139323,JK Lakshmi Cement Limited
2022-05-10,407.0499877929688,416.4500122070313,390.1000061035156,396.5,386.9726257324219,139702,JK Lakshmi Cement Limited
2022-05-11,397.3999938964844,399.25,377.2000122070313,384.75,375.5049743652344,170411,JK Lakshmi Cement Limited
2022-05-12,380.0,399.3999938964844,368.7000122070313,377.25,368.1851806640625,160395,JK Lakshmi Cement Limited
2022-05-13,382.7000122070313,389.9500122070313,377.5,385.9500122070313,376.6761474609375,185222,JK Lakshmi Cement Limited
2022-05-16,388.2000122070313,396.7000122070313,387.0499877929688,393.7000122070313,384.2399291992188,237842,JK Lakshmi Cement Limited
2022-05-17,403.8999938964844,403.8999938964844,366.25,394.75,385.26470947265625,172270,JK Lakshmi Cement Limited
2022-05-18,406.0,413.9500122070313,389.0,393.0499877929688,383.60552978515625,263223,JK Lakshmi Cement Limited
2022-05-19,420.0,448.0,402.75,421.5499877929688,411.4206848144531,7474639,JK Lakshmi Cement Limited
2022-05-20,434.0,505.7999877929688,421.6000061035156,493.75,481.8858947753906,11527164,JK Lakshmi Cement Limited
2022-05-23,495.0,496.1499938964844,464.1000061035156,469.3500061035156,458.0721435546875,1392207,JK Lakshmi Cement Limited
2022-05-24,465.0,477.4500122070313,451.0499877929688,457.8500061035156,446.8484802246094,381989,JK Lakshmi Cement Limited
2022-05-25,461.8500061035156,471.5499877929688,438.0499877929688,445.75,435.0392150878906,308940,JK Lakshmi Cement Limited
2022-05-26,445.7000122070313,465.0,422.0,460.9500122070313,449.8739929199219,379861,JK Lakshmi Cement Limited
2022-05-27,461.0,468.7000122070313,446.5,449.8999938964844,439.0895080566406,155396,JK Lakshmi Cement Limited
2022-05-30,455.25,459.8999938964844,449.0,451.6499938964844,440.7974243164063,135154,JK Lakshmi Cement Limited
2022-05-31,454.9500122070313,460.0,441.0,443.9500122070313,433.282470703125,169001,JK Lakshmi Cement Limited
2022-06-01,446.7000122070313,446.7000122070313,437.0499877929688,441.4500122070313,430.8425598144531,241239,JK Lakshmi Cement Limited
2022-06-02,442.9500122070313,461.0,440.5,448.6000061035156,437.8207702636719,400286,JK Lakshmi Cement Limited
2022-06-03,457.8500061035156,460.0,423.0,425.3500061035156,415.1294250488281,432573,JK Lakshmi Cement Limited
2022-06-06,431.4500122070313,431.4500122070313,410.3999938964844,414.3500061035156,404.3937377929688,262099,JK Lakshmi Cement Limited
2022-06-07,413.4500122070313,422.75,401.0499877929688,416.8500061035156,406.8336486816406,499225,JK Lakshmi Cement Limited
2022-06-08,416.25,425.0,409.2000122070313,416.4500122070313,406.4432678222656,263621,JK Lakshmi Cement Limited
2022-06-09,416.0,422.2000122070313,411.7000122070313,420.9500122070313,410.8351440429688,201302,JK Lakshmi Cement Limited
2022-06-10,417.3999938964844,420.8999938964844,413.4500122070313,418.7000122070313,408.6392211914063,116087,JK Lakshmi Cement Limited
2022-06-13,411.5,412.7000122070313,397.6499938964844,407.3999938964844,397.6107177734375,237967,JK Lakshmi Cement Limited
2022-06-14,405.0,409.1499938964844,398.25,399.6000061035156,389.9981384277344,123602,JK Lakshmi Cement Limited
2022-06-15,403.0,404.3500061035156,397.0,401.0499877929688,391.4132690429688,94691,JK Lakshmi Cement Limited
2022-06-16,407.0,408.0,382.7999877929688,389.5499877929688,380.1896362304688,384212,JK Lakshmi Cement Limited
2022-06-17,389.0,397.1499938964844,388.5,390.1000061035156,380.7264404296875,265731,JK Lakshmi Cement Limited
2022-06-20,392.0,412.1499938964844,389.2999877929688,404.7999877929688,395.0732116699219,350655,JK Lakshmi Cement Limited
2022-06-21,412.7999877929688,416.5,409.5,414.3999938964844,404.4425048828125,286690,JK Lakshmi Cement Limited
2022-06-22,415.0,421.7000122070313,406.6000061035156,417.75,407.7120056152344,196742,JK Lakshmi Cement Limited
2022-06-23,420.0,422.7000122070313,411.5,415.0499877929688,405.076904296875,174737,JK Lakshmi Cement Limited
2022-06-24,417.7999877929688,418.4500122070313,397.0499877929688,408.1000061035156,398.2939147949219,335647,JK Lakshmi Cement Limited
2022-06-27,415.0,422.7999877929688,408.7999877929688,416.1000061035156,406.1016845703125,139040,JK Lakshmi Cement Limited
2022-06-28,416.1000061035156,430.7999877929688,406.0499877929688,416.1499938964844,406.15045166015625,221589,JK Lakshmi Cement Limited
2022-06-29,411.25,425.2999877929688,411.25,420.3500061035156,410.2495422363281,216209,JK Lakshmi Cement Limited
2022-06-30,419.7000122070313,425.0,411.1499938964844,420.25,410.1519470214844,188484,JK Lakshmi Cement Limited
2022-07-01,416.0499877929688,423.4500122070313,412.0,418.0499877929688,408.00482177734375,92645,JK Lakshmi Cement Limited
2022-07-04,423.8999938964844,428.7999877929688,418.8500061035156,421.0499877929688,410.9327087402344,334191,JK Lakshmi Cement Limited
2022-07-05,423.0,425.0,418.0,420.6499938964844,410.5423889160156,386298,JK Lakshmi Cement Limited
2022-07-06,418.0,428.1000061035156,415.2999877929688,427.1000061035156,416.8373718261719,195729,JK Lakshmi Cement Limited
2022-07-07,429.0,436.9500122070313,428.1000061035156,434.0,423.5715637207031,395702,JK Lakshmi Cement Limited
2022-07-08,435.8999938964844,441.6499938964844,432.4500122070313,435.2999877929688,424.84033203125,166944,JK Lakshmi Cement Limited
2022-07-11,439.9500122070313,439.9500122070313,430.0,433.3500061035156,422.9372253417969,289870,JK Lakshmi Cement Limited
2022-07-12,432.9500122070313,434.7999877929688,418.0,420.4500122070313,410.3471374511719,96037,JK Lakshmi Cement Limited
2022-07-13,423.2000122070313,429.9500122070313,420.6000061035156,428.1499938964844,417.8621215820313,128144,JK Lakshmi Cement Limited
2022-07-14,424.2000122070313,430.9500122070313,421.5499877929688,425.25,415.0318603515625,512182,JK Lakshmi Cement Limited
2022-07-15,424.0499877929688,427.9500122070313,423.6499938964844,425.3500061035156,415.1294250488281,397476,JK Lakshmi Cement Limited
2022-07-18,431.7000122070313,438.8999938964844,427.1499938964844,437.5499877929688,427.0362548828125,239559,JK Lakshmi Cement Limited
2022-07-19,435.0,456.0,432.25,453.6000061035156,442.7005920410156,400500,JK Lakshmi Cement Limited
2022-07-20,459.3999938964844,464.6499938964844,450.0,457.0,446.0188903808594,424024,JK Lakshmi Cement Limited
2022-07-21,455.9500122070313,458.0,450.2999877929688,457.25,446.2629089355469,97539,JK Lakshmi Cement Limited
2022-07-22,455.0,467.0,450.1000061035156,460.6499938964844,449.5812072753906,500617,JK Lakshmi Cement Limited
2022-07-25,461.0499877929688,464.6499938964844,452.6499938964844,458.4500122070313,447.4340515136719,483947,JK Lakshmi Cement Limited
2022-07-26,455.0499877929688,460.6000061035156,445.2999877929688,448.7000122070313,437.9183654785156,161687,JK Lakshmi Cement Limited
2022-07-27,446.3999938964844,448.7000122070313,439.75,441.7000122070313,431.0865478515625,265201,JK Lakshmi Cement Limited
2022-07-28,442.7999877929688,444.0,433.2999877929688,436.8500061035156,426.3530578613281,361727,JK Lakshmi Cement Limited
2022-07-29,440.0,445.0,437.0,442.4500122070313,431.8185119628906,493445,JK Lakshmi Cement Limited
2022-08-01,448.8999938964844,456.8500061035156,442.0,444.8500061035156,434.1608581542969,249618,JK Lakshmi Cement Limited
2022-08-02,447.2999877929688,461.0,445.1499938964844,459.9500122070313,448.8980712890625,326542,JK Lakshmi Cement Limited
2022-08-03,461.0,466.0,453.3999938964844,463.4500122070313,452.3139343261719,167103,JK Lakshmi Cement Limited
2022-08-04,461.7999877929688,477.3999938964844,454.6499938964844,458.7999877929688,452.65924072265625,472388,JK Lakshmi Cement Limited
2022-08-05,460.6499938964844,466.3999938964844,438.9500122070313,464.3500061035156,458.1349792480469,335005,JK Lakshmi Cement Limited
2022-08-08,465.5,474.5,463.6000061035156,473.2999877929688,466.9651794433594,297694,JK Lakshmi Cement Limited
2022-08-10,468.2999877929688,472.9500122070313,460.9500122070313,463.3500061035156,457.1483459472656,171641,JK Lakshmi Cement Limited
2022-08-11,469.6499938964844,478.0,464.25,476.8999938964844,470.5169677734375,371483,JK Lakshmi Cement Limited
2022-08-12,476.0,476.0,470.5,473.25,466.9158325195313,113026,JK Lakshmi Cement Limited
2022-08-16,476.0,483.8500061035156,475.2000122070313,478.25,471.8489074707031,152055,JK Lakshmi Cement Limited
2022-08-17,478.25,483.0,474.25,479.7000122070313,473.2795104980469,410190,JK Lakshmi Cement Limited
2022-08-18,475.0,478.75,466.0499877929688,467.75,461.4894409179688,210579,JK Lakshmi Cement Limited
2022-08-19,467.9500122070313,471.6499938964844,455.2999877929688,458.9500122070313,452.8072509765625,263839,JK Lakshmi Cement Limited
2022-08-22,458.8999938964844,465.3999938964844,452.0499877929688,455.2000122070313,449.1074523925781,192938,JK Lakshmi Cement Limited
2022-08-23,454.8500061035156,472.8500061035156,451.5,470.5,464.2026672363281,201186,JK Lakshmi Cement Limited
2022-08-24,472.0,472.7999877929688,462.0499877929688,468.2999877929688,462.0320739746094,88687,JK Lakshmi Cement Limited
2022-08-25,468.8500061035156,479.5,464.25,467.0,460.7494812011719,303504,JK Lakshmi Cement Limited
2022-08-26,468.25,483.5,468.25,481.6000061035156,475.1540832519531,190932,JK Lakshmi Cement Limited
2022-08-29,471.0,481.0,463.25,469.2999877929688,463.0187072753906,235991,JK Lakshmi Cement Limited
2022-08-30,473.4500122070313,477.0,467.0499877929688,472.3500061035156,466.0278625488281,174121,JK Lakshmi Cement Limited
2022-09-01,466.1000061035156,483.5,466.1000061035156,481.3999938964844,474.9567565917969,190381,JK Lakshmi Cement Limited
2022-09-02,484.0,490.0,469.1499938964844,470.75,464.44927978515625,208326,JK Lakshmi Cement Limited
2022-09-05,473.9500122070313,473.9500122070313,465.1000061035156,468.0499877929688,461.7854309082031,100678,JK Lakshmi Cement Limited
2022-09-06,471.3999938964844,471.3999938964844,466.3500061035156,468.6000061035156,462.3280944824219,73295,JK Lakshmi Cement Limited
2022-09-07,470.8999938964844,504.0,470.0,499.6499938964844,492.9624633789063,1317768,JK Lakshmi Cement Limited
2022-09-08,507.3999938964844,583.75,501.1000061035156,556.25,548.804931640625,3159737,JK Lakshmi Cement Limited
2022-09-09,565.0,588.7000122070312,538.2000122070312,555.1500244140625,547.7196655273438,2045946,JK Lakshmi Cement Limited
2022-09-12,558.0,562.0,541.4000244140625,554.7000122070312,547.2756958007812,517020,JK Lakshmi Cement Limited
2022-09-13,557.0,566.7999877929688,551.0999755859375,563.5999755859375,556.0565185546875,365137,JK Lakshmi Cement Limited
2022-09-14,551.6500244140625,647.0,551.6500244140625,630.5499877929688,622.1105346679688,2742245,JK Lakshmi Cement Limited
2022-09-15,631.0,632.0,607.25,616.2000122070312,607.9525146484375,904120,JK Lakshmi Cement Limited
2022-09-16,615.0499877929688,623.0,598.7999877929688,607.0999755859375,598.974365234375,520107,JK Lakshmi Cement Limited
2022-09-19,601.5499877929688,637.9000244140625,593.0499877929688,619.7000122070312,611.4057006835938,750483,JK Lakshmi Cement Limited
2022-09-20,622.7999877929688,684.5,622.7999877929688,664.0,655.1127319335938,3599304,JK Lakshmi Cement Limited
2022-09-21,655.9000244140625,658.6500244140625,610.6500244140625,614.2999877929688,606.0780029296875,921616,JK Lakshmi Cement Limited
2022-09-22,614.7999877929688,635.1500244140625,601.9000244140625,606.2000122070312,598.08642578125,844453,JK Lakshmi Cement Limited
2022-09-23,609.2000122070312,617.0499877929688,566.0499877929688,571.7999877929688,564.1467895507812,486976,JK Lakshmi Cement Limited
2022-09-26,570.0,571.0,542.0,563.0499877929688,555.513916015625,467410,JK Lakshmi Cement Limited
2022-09-27,566.4000244140625,587.9000244140625,551.2999877929688,569.9500122070312,562.3215942382812,456266,JK Lakshmi Cement Limited
2022-09-28,569.7999877929688,572.4500122070312,556.25,565.9500122070312,558.3751220703125,287029,JK Lakshmi Cement Limited
2022-09-29,569.9500122070312,584.5,557.0,575.2999877929688,567.5999755859375,332771,JK Lakshmi Cement Limited
2022-09-30,574.0,592.0,565.25,585.0999755859375,577.268798828125,415273,JK Lakshmi Cement Limited
2022-10-03,570.5499877929688,589.1500244140625,561.75,568.1500244140625,560.5457153320312,211343,JK Lakshmi Cement Limited
2022-10-04,580.0,584.3499755859375,569.6500244140625,572.7999877929688,565.1334228515625,200152,JK Lakshmi Cement Limited
2022-10-06,579.4000244140625,582.0999755859375,571.6500244140625,574.1500244140625,566.46533203125,134181,JK Lakshmi Cement Limited
2022-10-07,573.4500122070312,585.0,566.9000244140625,578.5999755859375,570.8557739257812,189878,JK Lakshmi Cement Limited
2022-10-10,567.2000122070312,584.2999877929688,567.2000122070312,571.8499755859375,564.1961669921875,144162,JK Lakshmi Cement Limited
2022-10-11,573.0,581.0499877929688,551.0499877929688,553.6500244140625,546.2398071289062,169407,JK Lakshmi Cement Limited
2022-10-12,553.6500244140625,562.4000244140625,549.0499877929688,556.5499877929688,549.1009521484375,146911,JK Lakshmi Cement Limited
2022-10-13,558.4000244140625,558.4000244140625,540.75,544.6500244140625,537.3602294921875,106168,JK Lakshmi Cement Limited
2022-10-14,555.5999755859375,561.4500122070312,535.0499877929688,538.3499755859375,531.1444702148438,110780,JK Lakshmi Cement Limited
2022-10-17,538.3499755859375,549.8499755859375,527.6500244140625,546.3499755859375,539.0374145507812,130010,JK Lakshmi Cement Limited
2022-10-18,550.0,555.7000122070312,541.2000122070312,545.9000244140625,538.5934448242188,105552,JK Lakshmi Cement Limited
2022-10-19,544.2000122070312,552.7999877929688,536.0,538.0,530.7992553710938,71839,JK Lakshmi Cement Limited
2022-10-20,538.0,545.9000244140625,532.0,536.0,528.8259887695312,69063,JK Lakshmi Cement Limited
2022-10-21,537.9000244140625,543.0,530.0,533.3499755859375,526.2114868164062,77524,JK Lakshmi Cement Limited
2022-10-24,535.0,539.4000244140625,533.3499755859375,536.9000244140625,529.7139892578125,17118,JK Lakshmi Cement Limited
2022-10-25,536.9000244140625,570.25,531.5499877929688,561.9500122070312,554.4286499023438,492967,JK Lakshmi Cement Limited
2022-10-27,561.9500122070312,564.9500122070312,550.0,560.3499755859375,552.8500366210938,250356,JK Lakshmi Cement Limited
2022-10-28,563.2000122070312,567.7000122070312,544.0,549.6500244140625,542.2933349609375,170706,JK Lakshmi Cement Limited
2022-10-31,552.4000244140625,556.5,545.5,552.9000244140625,545.4998168945312,287671,JK Lakshmi Cement Limited
2022-11-01,551.0,588.9000244140625,549.0499877929688,585.75,577.91015625,1062702,JK Lakshmi Cement Limited
2022-11-02,587.9000244140625,601.25,575.25,580.0999755859375,572.335693359375,554167,JK Lakshmi Cement Limited
2022-11-03,578.9000244140625,587.9000244140625,570.0,574.9000244140625,567.205322265625,205070,JK Lakshmi Cement Limited
2022-11-04,575.0,634.0,575.0,626.5499877929688,618.1640014648438,2479010,JK Lakshmi Cement Limited
2022-11-07,635.0,670.0,635.0,665.1500244140625,656.2474365234375,1772501,JK Lakshmi Cement Limited
2022-11-09,664.5,690.0,655.5499877929688,684.2000122070312,675.0424194335938,1431223,JK Lakshmi Cement Limited
2022-11-10,682.0,683.4500122070312,648.5,652.1500244140625,643.4214477539062,590745,JK Lakshmi Cement Limited
2022-11-11,659.9000244140625,663.0,638.0,644.0499877929688,635.4297485351562,382211,JK Lakshmi Cement Limited
2022-11-14,643.0,650.5499877929688,640.5499877929688,645.5499877929688,636.9097290039062,256369,JK Lakshmi Cement Limited
2022-11-15,647.0,661.5999755859375,641.4500122070312,652.3499755859375,643.61865234375,164898,JK Lakshmi Cement Limited
2022-11-16,657.2999877929688,674.2000122070312,651.0,663.4500122070312,654.5701293945312,582772,JK Lakshmi Cement Limited
2022-11-17,663.0499877929688,667.5,641.2000122070312,646.9500122070312,638.291015625,109793,JK Lakshmi Cement Limited
2022-11-18,648.9000244140625,650.0,630.25,636.5499877929688,628.0301513671875,155909,JK Lakshmi Cement Limited
2022-11-21,636.2999877929688,640.0,630.0,633.5,625.0209350585938,92515,JK Lakshmi Cement Limited
2022-11-22,633.5,645.0,624.25,630.4000244140625,621.9625244140625,171763,JK Lakshmi Cement Limited
2022-11-23,632.1500244140625,647.9000244140625,625.1500244140625,644.9500122070312,636.3176879882812,152949,JK Lakshmi Cement Limited
2022-11-24,647.2999877929688,669.0,636.75,666.4500122070312,657.530029296875,529879,JK Lakshmi Cement Limited
2022-11-25,667.0,674.2999877929688,662.5499877929688,665.2000122070312,656.2966918945312,403110,JK Lakshmi Cement Limited
2022-11-28,665.5,681.7000122070312,664.9500122070312,676.3499755859375,667.2974853515625,250310,JK Lakshmi Cement Limited
2022-11-29,678.9000244140625,707.0,674.0999755859375,686.5999755859375,677.4102172851562,1070025,JK Lakshmi Cement Limited
2022-11-30,691.7000122070312,719.0999755859375,689.25,712.5499877929688,703.012939453125,1091762,JK Lakshmi Cement Limited
2022-12-01,718.7000122070312,733.2000122070312,710.2000122070312,714.5499877929688,704.9862060546875,888913,JK Lakshmi Cement Limited
2022-12-02,715.0,751.0,710.2999877929688,748.5499877929688,738.5310668945312,1476913,JK Lakshmi Cement Limited
2022-12-05,748.5499877929688,834.75,747.0,825.3499755859375,814.3031616210938,3968081,JK Lakshmi Cement Limited
2022-12-06,815.0,816.9000244140625,796.3499755859375,809.8499755859375,799.0106201171875,1586441,JK Lakshmi Cement Limited
2022-12-07,811.0,821.0999755859375,795.5499877929688,802.7999877929688,792.0550537109375,1004593,JK Lakshmi Cement Limited
2022-12-08,808.5499877929688,860.4000244140625,802.7999877929688,852.2999877929688,840.8924560546875,4844606,JK Lakshmi Cement Limited
2022-12-09,853.0,887.5,839.4500122070312,846.6500244140625,835.3181762695312,2565412,JK Lakshmi Cement Limited
2022-12-12,846.6500244140625,878.2000122070312,823.4500122070312,861.7999877929688,850.2653198242188,944113,JK Lakshmi Cement Limited
2022-12-13,866.1500244140625,884.0,860.0,880.6500244140625,868.8630981445312,693532,JK Lakshmi Cement Limited
2022-12-14,883.9500122070312,896.9000244140625,870.0,878.0499877929688,866.2978515625,712450,JK Lakshmi Cement Limited
2022-12-15,856.0999755859375,881.5999755859375,843.4000244140625,851.0,839.6099243164062,629513,JK Lakshmi Cement Limited
2022-12-16,850.0,866.0,842.0,850.0999755859375,838.721923828125,575575,JK Lakshmi Cement Limited
2022-12-19,855.0,887.0,854.0,867.2000122070312,855.5930786132812,773624,JK Lakshmi Cement Limited
2022-12-20,871.0499877929688,882.9000244140625,857.6500244140625,868.7999877929688,857.171630859375,468694,JK Lakshmi Cement Limited
2022-12-21,868.7999877929688,877.9500122070312,831.3499755859375,842.4500122070312,831.1743774414062,367568,JK Lakshmi Cement Limited
2022-12-22,843.0,860.0,821.0499877929688,855.3499755859375,843.9016723632812,443817,JK Lakshmi Cement Limited
2022-12-23,850.0,850.0,770.25,794.1500244140625,783.5208129882812,960348,JK Lakshmi Cement Limited
2022-12-26,770.0,823.0,770.0,796.2000122070312,785.5433959960938,535382,JK Lakshmi Cement Limited
2022-12-27,810.3499755859375,820.7999877929688,800.0,802.6500244140625,791.9070434570312,162158,JK Lakshmi Cement Limited
2022-12-28,799.9000244140625,806.2000122070312,793.0499877929688,798.9500122070312,788.2565307617188,162695,JK Lakshmi Cement Limited
2022-12-29,790.9500122070312,805.5,783.5,797.7999877929688,787.1219482421875,232274,JK Lakshmi Cement Limited
2022-12-30,800.5999755859375,840.25,800.0999755859375,816.3499755859375,805.4236450195312,580394,JK Lakshmi Cement Limited
2023-01-02,822.5499877929688,824.3499755859375,791.0,795.25,784.6060180664062,323120,JK Lakshmi Cement Limited
2023-01-03,800.9500122070312,802.0999755859375,778.0,787.0499877929688,776.5157470703125,305775,JK Lakshmi Cement Limited
2023-01-04,787.9500122070312,793.4500122070312,773.3499755859375,781.0,770.5467529296875,177443,JK Lakshmi Cement Limited
2023-01-05,784.2999877929688,799.0,770.0,774.2000122070312,763.8378295898438,350906,JK Lakshmi Cement Limited
2023-01-06,777.0999755859375,777.7000122070312,756.8499755859375,761.4000244140625,751.2091674804688,171954,JK Lakshmi Cement Limited
2023-01-09,761.0999755859375,774.7999877929688,740.75,748.5499877929688,738.5310668945312,515369,JK Lakshmi Cement Limited
2023-01-10,752.3499755859375,757.0999755859375,731.0499877929688,741.7999877929688,731.8715209960938,193844,JK Lakshmi Cement Limited
2023-01-11,741.75,771.7999877929688,735.0499877929688,761.5499877929688,751.3571166992188,513049,JK Lakshmi Cement Limited
2023-01-12,771.5,789.7999877929688,760.0,773.1500244140625,762.8018798828125,675565,JK Lakshmi Cement Limited
2023-01-13,777.2000122070312,793.1500244140625,760.2000122070312,765.2999877929688,755.056884765625,259887,JK Lakshmi Cement Limited
2023-01-16,769.2000122070312,774.25,753.4000244140625,758.4500122070312,748.2986450195312,123357,JK Lakshmi Cement Limited
2023-01-17,760.7000122070312,761.9000244140625,746.0999755859375,751.75,741.6882934570312,178841,JK Lakshmi Cement Limited
2023-01-18,754.4000244140625,764.0,739.75,746.8499755859375,736.8538818359375,132791,JK Lakshmi Cement Limited
2023-01-19,739.4500122070312,745.9500122070312,712.5999755859375,728.7999877929688,719.0454711914062,293064,JK Lakshmi Cement Limited
2023-01-20,727.75,749.2000122070312,725.2000122070312,738.2000122070312,728.3196411132812,303449,JK Lakshmi Cement Limited
2023-01-23,743.0999755859375,749.25,727.75,740.5,730.5888671875,211318,JK Lakshmi Cement Limited
2023-01-24,739.7999877929688,739.7999877929688,721.5499877929688,732.5999755859375,722.7946166992188,345078,JK Lakshmi Cement Limited
2023-01-25,731.9500122070312,743.8499755859375,702.7000122070312,740.6500244140625,730.7368774414062,369319,JK Lakshmi Cement Limited
2023-01-27,738.75,738.75,704.0,712.0,702.4702758789062,357917,JK Lakshmi Cement Limited
2023-01-30,710.0999755859375,732.3499755859375,702.0999755859375,720.25,710.6099243164062,353811,JK Lakshmi Cement Limited
2023-01-31,722.5499877929688,744.9000244140625,719.0999755859375,735.7000122070312,725.8530883789062,165438,JK Lakshmi Cement Limited
2023-02-01,739.9500122070312,803.0,738.9500122070312,774.0999755859375,763.7391357421875,928172,JK Lakshmi Cement Limited
2023-02-02,774.0499877929688,809.0,760.0,765.3499755859375,755.1062622070312,303146,JK Lakshmi Cement Limited
2023-02-03,769.5,773.7000122070312,730.7000122070312,745.75,735.7686157226562,268570,JK Lakshmi Cement Limited
2023-02-06,749.9500122070312,765.0,745.75,760.4000244140625,750.2225952148438,234237,JK Lakshmi Cement Limited
2023-02-07,760.0,766.25,742.2000122070312,747.7999877929688,737.7911376953125,80102,JK Lakshmi Cement Limited
2023-02-08,750.7999877929688,765.0,742.0,758.4500122070312,748.2986450195312,157571,JK Lakshmi Cement Limited
2023-02-09,757.75,765.25,746.0,756.9500122070312,746.8187866210938,86723,JK Lakshmi Cement Limited
2023-02-10,752.0,762.4000244140625,747.5,758.25,748.101318359375,86902,JK Lakshmi Cement Limited
2023-02-13,773.0,777.0,747.2999877929688,752.6500244140625,742.5762329101562,165930,JK Lakshmi Cement Limited
2023-02-14,755.0999755859375,759.7000122070312,745.0,746.5499877929688,736.557861328125,80950,JK Lakshmi Cement Limited
2023-02-15,749.8499755859375,761.0,742.2999877929688,758.25,748.101318359375,85546,JK Lakshmi Cement Limited
2023-02-16,758.0,761.0499877929688,750.0,752.4000244140625,742.3296508789062,65811,JK Lakshmi Cement Limited
2023-02-17,751.8499755859375,772.1500244140625,741.9000244140625,745.1500244140625,735.1766357421875,308618,JK Lakshmi Cement Limited
2023-02-20,750.0,760.0,745.2000122070312,750.5999755859375,740.5536499023438,251901,JK Lakshmi Cement Limited
2023-02-21,752.9000244140625,769.6500244140625,741.2999877929688,748.0,737.9884643554688,215027,JK Lakshmi Cement Limited
2023-02-22,748.0,751.4500122070312,739.0,746.3499755859375,736.3605346679688,648397,JK Lakshmi Cement Limited
2023-02-23,748.7000122070312,754.5499877929688,740.0,747.7000122070312,737.6925048828125,51504,JK Lakshmi Cement Limited
2023-02-24,748.0999755859375,754.0,716.5499877929688,726.5499877929688,716.8255615234375,417875,JK Lakshmi Cement Limited
2023-02-27,716.0999755859375,724.0499877929688,675.0499877929688,689.0,679.7781372070312,322416,JK Lakshmi Cement Limited
2023-02-28,686.9000244140625,687.4500122070312,667.0,672.5,663.4990234375,241472,JK Lakshmi Cement Limited
2023-03-01,672.5,719.2000122070312,669.1500244140625,715.0499877929688,705.4794921875,777402,JK Lakshmi Cement Limited
2023-03-02,718.6500244140625,718.6500244140625,695.0,697.5999755859375,688.2630615234375,292036,JK Lakshmi Cement Limited
2023-03-03,700.9000244140625,712.0,698.3499755859375,705.7000122070312,696.2546997070312,198758,JK Lakshmi Cement Limited
2023-03-06,706.0,711.5,682.0,693.2000122070312,683.9219360351562,181236,JK Lakshmi Cement Limited
2023-03-08,692.4000244140625,709.8499755859375,688.0,700.9000244140625,691.5189208984375,214304,JK Lakshmi Cement Limited
2023-03-09,703.0,703.75,682.5499877929688,689.7000122070312,680.4688110351562,238472,JK Lakshmi Cement Limited
2023-03-10,689.0,691.8499755859375,679.0,682.7999877929688,673.6611328125,83344,JK Lakshmi Cement Limited
2023-03-13,672.0,698.7999877929688,651.0,688.4500122070312,679.2354736328125,538589,JK Lakshmi Cement Limited
2023-03-14,692.0999755859375,709.7999877929688,646.3499755859375,680.6500244140625,671.5399780273438,504573,JK Lakshmi Cement Limited
2023-03-15,690.75,693.5999755859375,656.0,662.2999877929688,653.435546875,237230,JK Lakshmi Cement Limited
2023-03-16,663.0,697.2999877929688,656.0,688.75,679.531494140625,371406,JK Lakshmi Cement Limited
2023-03-17,684.0,699.0,672.2999877929688,692.7000122070312,683.4286499023438,764214,JK Lakshmi Cement Limited
2023-03-20,692.7000122070312,700.0999755859375,681.0499877929688,693.0499877929688,683.77392578125,138542,JK Lakshmi Cement Limited
2023-03-21,695.3499755859375,722.7000122070312,685.7999877929688,717.25,707.6500854492188,820748,JK Lakshmi Cement Limited
2023-03-22,719.4500122070312,723.5999755859375,708.5999755859375,721.3499755859375,711.6951904296875,176663,JK Lakshmi Cement Limited
2023-03-23,711.5,741.1500244140625,710.8499755859375,737.4500122070312,727.5797119140625,837060,JK Lakshmi Cement Limited
2023-03-24,732.0499877929688,735.5999755859375,702.5999755859375,721.5999755859375,711.9418334960938,379052,JK Lakshmi Cement Limited
2023-03-27,721.5499877929688,727.4500122070312,695.0499877929688,718.7999877929688,709.1793823242188,266884,JK Lakshmi Cement Limited
2023-03-28,718.9500122070312,734.75,705.1500244140625,729.4000244140625,719.637451171875,442850,JK Lakshmi Cement Limited
2023-03-29,720.0,775.0,720.0,768.5,758.214111328125,650315,JK Lakshmi Cement Limited
2023-03-31,778.0999755859375,798.4000244140625,765.3499755859375,791.4000244140625,780.8076171875,582937,JK Lakshmi Cement Limited
2023-04-03,799.0,807.75,788.75,800.8499755859375,790.1311645507812,237956,JK Lakshmi Cement Limited
2023-04-05,793.0499877929688,850.0,786.5999755859375,824.7000122070312,813.661865234375,756930,JK Lakshmi Cement Limited
2023-04-06,826.9000244140625,830.0,796.7000122070312,803.2999877929688,792.5482788085938,247879,JK Lakshmi Cement Limited
2023-04-10,799.9000244140625,813.0,786.0,808.5,797.6787719726562,209410,JK Lakshmi Cement Limited
2023-04-11,813.0,817.0499877929688,801.0,805.3499755859375,794.5708618164062,207376,JK Lakshmi Cement Limited
2023-04-12,807.5,807.9500122070312,796.25,799.5499877929688,788.8485107421875,167376,JK Lakshmi Cement Limited
2023-04-13,801.7999877929688,821.0,784.1500244140625,788.9000244140625,778.3411254882812,368292,JK Lakshmi Cement Limited
2023-04-17,793.0499877929688,796.7999877929688,767.2999877929688,771.6500244140625,761.3219604492188,151669,JK Lakshmi Cement Limited
2023-04-18,777.0999755859375,777.0999755859375,758.5,761.7000122070312,751.505126953125,140460,JK Lakshmi Cement Limited
2023-04-19,765.5999755859375,777.0,762.0999755859375,769.2000122070312,758.9047241210938,149673,JK Lakshmi Cement Limited
2023-04-20,766.0,785.4000244140625,766.0,769.4500122070312,759.1514282226562,164826,JK Lakshmi Cement Limited
2023-04-21,773.4500122070312,782.5999755859375,765.1500244140625,771.7999877929688,761.4699096679688,98521,JK Lakshmi Cement Limited
2023-04-24,771.7999877929688,774.7999877929688,763.1500244140625,769.3499755859375,759.0526733398438,101658,JK Lakshmi Cement Limited
2023-04-25,769.9500122070312,796.2999877929688,767.2000122070312,794.0999755859375,783.471435546875,198637,JK Lakshmi Cement Limited
2023-04-26,794.7999877929688,801.9500122070312,785.0,788.3499755859375,777.7984008789062,89906,JK Lakshmi Cement Limited
2023-04-27,788.3499755859375,793.4000244140625,767.4500122070312,784.6500244140625,774.1480102539062,214522,JK Lakshmi Cement Limited
2023-04-28,793.5999755859375,798.4500122070312,776.6500244140625,782.1500244140625,771.6814575195312,116819,JK Lakshmi Cement Limited
2023-05-02,788.0,797.7999877929688,778.1500244140625,782.75,772.2733764648438,97318,JK Lakshmi Cement Limited
2023-05-03,782.0,786.0,771.0,776.6500244140625,766.2550659179688,86161,JK Lakshmi Cement Limited
2023-05-04,774.9000244140625,782.0,765.0,767.2000122070312,756.9315185546875,105127,JK Lakshmi Cement Limited
2023-05-05,766.7000122070312,775.9500122070312,753.3499755859375,769.7000122070312,759.3980712890625,273070,JK Lakshmi Cement Limited
2023-05-08,771.9500122070312,800.0,770.0,798.0,787.3192749023438,288511,JK Lakshmi Cement Limited
2023-05-09,802.9000244140625,814.0,780.4000244140625,784.7000122070312,774.197265625,156200,JK Lakshmi Cement Limited
2023-05-10,784.75,795.0999755859375,782.25,790.9500122070312,780.3635864257812,92122,JK Lakshmi Cement Limited
2023-05-11,787.0,798.0,781.4000244140625,783.5999755859375,773.1119384765625,82491,JK Lakshmi Cement Limited
2023-05-12,783.0,788.4000244140625,777.2999877929688,782.9500122070312,772.470703125,76765,JK Lakshmi Cement Limited
2023-05-15,778.0,794.0,776.0499877929688,789.9000244140625,779.3276977539062,78118,JK Lakshmi Cement Limited
2023-05-16,797.0,803.9500122070312,789.9000244140625,797.25,786.579345703125,104060,JK Lakshmi Cement Limited
2023-05-17,798.5999755859375,804.9500122070312,792.4000244140625,796.2000122070312,785.5433959960938,93986,JK Lakshmi Cement Limited
2023-05-18,788.5,814.4500122070312,782.4000244140625,800.8499755859375,790.1311645507812,104116,JK Lakshmi Cement Limited
2023-05-19,809.0,821.0999755859375,760.0499877929688,781.3499755859375,770.89208984375,222295,JK Lakshmi Cement Limited
2023-05-22,770.0,770.0,712.2999877929688,724.0999755859375,714.4083251953125,1045095,JK Lakshmi Cement Limited
2023-05-23,724.0,724.0,704.2000122070312,705.7999877929688,696.3533325195312,503958,JK Lakshmi Cement Limited
2023-05-24,705.0,705.0,685.0,698.5,689.1510009765625,436451,JK Lakshmi Cement Limited
2023-05-25,699.9000244140625,710.0,686.25,691.2999877929688,682.04736328125,253355,JK Lakshmi Cement Limited
2023-05-26,691.0,701.4500122070312,680.0,683.0499877929688,673.9077758789062,200491,JK Lakshmi Cement Limited
2023-05-29,682.5499877929688,685.1500244140625,665.2999877929688,667.75,658.8125610351562,397049,JK Lakshmi Cement Limited
2023-05-30,672.0,692.4000244140625,669.0,682.9500122070312,673.8092041015625,404401,JK Lakshmi Cement Limited
2023-05-31,682.9500122070312,689.0,660.0,663.0,654.126220703125,327576,JK Lakshmi Cement Limited
2023-06-01,667.7999877929688,673.9500122070312,663.0499877929688,670.0499877929688,661.0817260742188,166240,JK Lakshmi Cement Limited
2023-06-02,676.0,727.1500244140625,672.3499755859375,722.1500244140625,712.4844970703125,1298531,JK Lakshmi Cement Limited
2023-06-05,722.8499755859375,725.5999755859375,709.0,722.1500244140625,712.4844970703125,273770,JK Lakshmi Cement Limited
2023-06-06,723.0,737.4000244140625,721.0,732.1500244140625,722.3506469726562,429954,JK Lakshmi Cement Limited
2023-06-07,738.0499877929688,749.5,726.0,730.0999755859375,720.3280639648438,327203,JK Lakshmi Cement Limited
2023-06-08,735.6500244140625,745.8499755859375,727.3499755859375,731.7000122070312,721.9066772460938,210667,JK Lakshmi Cement Limited
2023-06-09,734.5,737.0999755859375,715.25,718.7999877929688,709.1793823242188,156798,JK Lakshmi Cement Limited
2023-06-12,719.9500122070312,736.0,715.5999755859375,729.25,719.4894409179688,510782,JK Lakshmi Cement Limited
2023-06-13,730.0499877929688,738.7999877929688,724.0,736.4000244140625,726.5437622070312,196703,JK Lakshmi Cement Limited
2023-06-14,740.0,748.0,731.2000122070312,742.75,732.8087768554688,507747,JK Lakshmi Cement Limited
2023-06-15,743.9500122070312,747.0999755859375,735.0499877929688,741.6500244140625,731.7235107421875,77846,JK Lakshmi Cement Limited
2023-06-16,736.5499877929688,741.5,720.0499877929688,725.9000244140625,716.1842651367188,556970,JK Lakshmi Cement Limited
2023-06-19,728.5999755859375,737.0,721.7000122070312,726.0499877929688,716.3322143554688,182348,JK Lakshmi Cement Limited
2023-06-20,727.0,733.0499877929688,718.25,725.4500122070312,715.7402954101562,410431,JK Lakshmi Cement Limited
2023-06-21,725.0,736.9500122070312,716.0499877929688,718.0,708.3900146484375,548863,JK Lakshmi Cement Limited
2023-06-22,723.0,730.0,716.0499877929688,723.0,713.3231201171875,114419,JK Lakshmi Cement Limited
2023-06-23,723.7000122070312,730.5,715.0,721.2999877929688,711.6458129882812,378733,JK Lakshmi Cement Limited
2023-06-26,715.5,734.5,702.0,731.2000122070312,721.413330078125,248862,JK Lakshmi Cement Limited
2023-06-27,731.2000122070312,739.7000122070312,722.0,727.5999755859375,717.8615112304688,111943,JK Lakshmi Cement Limited
2023-06-28,732.0,735.5499877929688,720.0499877929688,732.5499877929688,722.7452392578125,241863,JK Lakshmi Cement Limited
2023-06-30,731.4500122070312,731.4500122070312,716.1500244140625,718.5499877929688,708.9326171875,178888,JK Lakshmi Cement Limited
2023-07-03,720.9000244140625,730.0,704.2000122070312,707.25,697.7838745117188,196670,JK Lakshmi Cement Limited
2023-07-04,710.9500122070312,710.9500122070312,693.0,696.5499877929688,687.2271118164062,190887,JK Lakshmi Cement Limited
2023-07-05,696.0,709.0,686.4500122070312,697.6500244140625,688.3123779296875,180216,JK Lakshmi Cement Limited
2023-07-06,698.0,701.0499877929688,686.4500122070312,688.0999755859375,678.89013671875,468076,JK Lakshmi Cement Limited
2023-07-07,688.5,696.0,681.0,683.25,674.1051025390625,232975,JK Lakshmi Cement Limited
2023-07-10,687.9000244140625,687.9000244140625,673.4000244140625,680.2999877929688,671.1946411132812,187315,JK Lakshmi Cement Limited
2023-07-11,683.9500122070312,685.9500122070312,679.0499877929688,683.9000244140625,674.7464599609375,121375,JK Lakshmi Cement Limited
2023-07-12,686.7000122070312,686.7000122070312,673.0999755859375,674.75,665.7189331054688,164317,JK Lakshmi Cement Limited
2023-07-13,677.6500244140625,685.0,672.25,674.5,665.4722290039062,95723,JK Lakshmi Cement Limited
2023-07-14,679.9500122070312,685.9000244140625,671.0,681.6500244140625,672.5265502929688,92015,JK Lakshmi Cement Limited
2023-07-17,693.7999877929688,694.0,681.0499877929688,683.4500122070312,674.3024291992188,269277,JK Lakshmi Cement Limited
2023-07-18,686.9000244140625,689.9500122070312,675.5499877929688,678.5999755859375,669.517333984375,76002,JK Lakshmi Cement Limited
2023-07-19,679.9500122070312,684.9500122070312,675.0,676.5,667.4454345703125,60763,JK Lakshmi Cement Limited
2023-07-20,679.9000244140625,682.9000244140625,667.9500122070312,670.3499755859375,661.3778076171875,93962,JK Lakshmi Cement Limited
2023-07-21,670.9500122070312,674.7000122070312,660.0999755859375,661.9000244140625,653.0409545898438,137555,JK Lakshmi Cement Limited
2023-07-24,665.25,673.9000244140625,661.4500122070312,669.4500122070312,660.4898681640625,102263,JK Lakshmi Cement Limited
2023-07-25,676.0,693.0999755859375,670.25,686.0499877929688,676.8676147460938,499311,JK Lakshmi Cement Limited
2023-07-26,689.4500122070312,692.9000244140625,668.0,668.9500122070312,659.99658203125,216381,JK Lakshmi Cement Limited
2023-07-27,677.0,678.4000244140625,666.0,668.9500122070312,659.99658203125,128763,JK Lakshmi Cement Limited
2023-07-28,650.0,654.9000244140625,615.0,617.7999877929688,609.5311279296875,1212232,JK Lakshmi Cement Limited
2023-07-31,617.7999877929688,631.7999877929688,607.2000122070312,609.4000244140625,601.2435913085938,853314,JK Lakshmi Cement Limited
2023-08-01,615.0,623.9000244140625,609.7999877929688,622.25,613.9215087890625,346854,JK Lakshmi Cement Limited
2023-08-02,625.4000244140625,647.1500244140625,622.6500244140625,636.4500122070312,627.9315185546875,954266,JK Lakshmi Cement Limited
2023-08-03,628.0,641.0,626.5,636.2999877929688,627.7835083007812,278647,JK Lakshmi Cement Limited
2023-08-04,639.6500244140625,642.9000244140625,628.0,638.6500244140625,630.1021118164062,264997,JK Lakshmi Cement Limited
2023-08-07,639.9500122070312,656.0,639.9500122070312,654.3499755859375,645.5919189453125,341151,JK Lakshmi Cement Limited
2023-08-08,656.0,664.7000122070312,648.5499877929688,654.7000122070312,645.937255859375,294854,JK Lakshmi Cement Limited
2023-08-09,648.0499877929688,660.0,645.0499877929688,653.5,644.7532348632812,160687,JK Lakshmi Cement Limited
2023-08-10,653.5,661.0,636.2000122070312,638.8499755859375,630.2993774414062,235296,JK Lakshmi Cement Limited
2023-08-11,639.9000244140625,649.0,639.0,643.5499877929688,638.6854858398438,68843,JK Lakshmi Cement Limited
2023-08-14,642.0,647.0499877929688,630.7999877929688,631.8499755859375,627.073974609375,154772,JK Lakshmi Cement Limited
2023-08-16,631.0,639.0,626.2999877929688,637.0,632.18505859375,75710,JK Lakshmi Cement Limited
2023-08-17,636.5,650.4000244140625,636.5,646.4500122070312,641.5636596679688,117157,JK Lakshmi Cement Limited
2023-08-18,645.7000122070312,651.0999755859375,643.0499877929688,647.25,642.3575439453125,85680,JK Lakshmi Cement Limited
2023-08-21,647.25,662.0999755859375,645.0499877929688,658.0999755859375,653.1255493164062,151576,JK Lakshmi Cement Limited
2023-08-22,660.7999877929688,671.9500122070312,656.0999755859375,669.0,663.943115234375,156463,JK Lakshmi Cement Limited
2023-08-23,673.9500122070312,676.9500122070312,661.6500244140625,668.0999755859375,663.0499267578125,109377,JK Lakshmi Cement Limited
2023-08-24,667.9000244140625,673.0499877929688,660.5499877929688,664.2999877929688,659.2786865234375,90856,JK Lakshmi Cement Limited
2023-08-25,663.0499877929688,670.9500122070312,653.0499877929688,658.9000244140625,653.9194946289062,311826,JK Lakshmi Cement Limited
2023-08-28,665.0,668.8499755859375,642.0,642.6500244140625,637.7923583984375,588467,JK Lakshmi Cement Limited
2023-08-29,649.0499877929688,663.0,644.2999877929688,650.2999877929688,645.3844604492188,389095,JK Lakshmi Cement Limited
2023-08-30,653.9500122070312,667.25,653.9500122070312,658.5999755859375,653.6217041015625,429228,JK Lakshmi Cement Limited
2023-08-31,661.0,676.0,659.1500244140625,674.0499877929688,668.9549560546875,581277,JK Lakshmi Cement Limited
2023-09-01,678.2000122070312,686.0,664.2000122070312,667.3499755859375,662.3056030273438,413249,JK Lakshmi Cement Limited
2023-09-04,670.7000122070312,698.2999877929688,668.0999755859375,695.8499755859375,690.5902099609375,550039,JK Lakshmi Cement Limited
2023-09-05,699.9000244140625,711.0,689.5499877929688,700.3499755859375,695.05615234375,501718,JK Lakshmi Cement Limited
2023-09-06,708.0,710.5,689.5999755859375,691.6500244140625,686.4219970703125,579335,JK Lakshmi Cement Limited
2023-09-07,697.0,697.9000244140625,685.3499755859375,688.9000244140625,683.6927490234375,122481,JK Lakshmi Cement Limited
2023-09-08,692.25,695.3499755859375,678.25,679.3499755859375,674.21484375,295028,JK Lakshmi Cement Limited
2023-09-11,691.2000122070312,691.2000122070312,666.0,671.4500122070312,666.3746337890625,196180,JK Lakshmi Cement Limited
2023-09-12,675.8499755859375,683.2000122070312,649.0999755859375,652.0,647.0716552734375,801960,JK Lakshmi Cement Limited
2023-09-13,655.2999877929688,672.0,652.0,666.0499877929688,661.0154418945312,386333,JK Lakshmi Cement Limited
2023-09-14,669.4000244140625,675.5999755859375,662.4500122070312,666.9500122070312,661.9086303710938,224629,JK Lakshmi Cement Limited
2023-09-15,670.0,672.7000122070312,650.0,654.1500244140625,649.2053833007812,348064,JK Lakshmi Cement Limited
2023-09-18,659.8499755859375,666.0,645.0,648.5,643.59814453125,287223,JK Lakshmi Cement Limited
2023-09-20,649.9500122070312,659.5,645.0499877929688,647.9500122070312,643.0523071289062,247645,JK Lakshmi Cement Limited
2023-09-21,647.0,649.8499755859375,637.4000244140625,639.5,634.6661376953125,95874,JK Lakshmi Cement Limited
2023-09-22,639.0,651.0,627.9500122070312,644.4500122070312,639.5787353515625,151546,JK Lakshmi Cement Limited
2023-09-25,645.5,649.2000122070312,630.7000122070312,633.0999755859375,628.314453125,131287,JK Lakshmi Cement Limited
2023-09-26,634.9000244140625,639.4000244140625,631.2000122070312,634.0499877929688,629.25732421875,449762,JK Lakshmi Cement Limited
2023-09-27,636.0,642.5499877929688,635.0,636.7000122070312,631.8873291015625,217720,JK Lakshmi Cement Limited
2023-09-28,637.0499877929688,647.9500122070312,637.0499877929688,642.7999877929688,637.941162109375,146240,JK Lakshmi Cement Limited
2023-09-29,644.0,648.6500244140625,635.0,645.4500122070312,640.5711669921875,337509,JK Lakshmi Cement Limited
2023-10-03,646.0,663.0,640.5999755859375,658.7999877929688,653.8201904296875,335029,JK Lakshmi Cement Limited
2023-10-04,658.7999877929688,663.5499877929688,643.75,650.75,645.8311157226562,247925,JK Lakshmi Cement Limited
2023-10-05,653.0,676.1500244140625,651.0999755859375,670.1500244140625,665.08447265625,370282,JK Lakshmi Cement Limited
2023-10-06,670.0,676.4500122070312,663.0,675.2999877929688,670.195556640625,248222,JK Lakshmi Cement Limited
2023-10-09,682.7000122070312,684.4500122070312,663.6500244140625,668.8499755859375,663.7942504882812,316978,JK Lakshmi Cement Limited
2023-10-10,672.0,675.9500122070312,664.2000122070312,668.5999755859375,663.546142578125,359186,JK Lakshmi Cement Limited
2023-10-11,674.5,679.0,670.0,675.2999877929688,670.195556640625,178671,JK Lakshmi Cement Limited
2023-10-12,679.7999877929688,683.5499877929688,676.0,677.5499877929688,672.4285278320312,117075,JK Lakshmi Cement Limited
2023-10-13,678.0,682.9500122070312,673.25,678.8499755859375,673.7186889648438,149052,JK Lakshmi Cement Limited
2023-10-16,681.0,686.1500244140625,672.0999755859375,674.5999755859375,669.5007934570312,160859,JK Lakshmi Cement Limited
2023-10-17,676.0,688.0,672.0999755859375,683.4500122070312,678.283935546875,186189,JK Lakshmi Cement Limited
2023-10-18,685.0,687.0,676.0,677.7000122070312,672.5774536132812,237625,JK Lakshmi Cement Limited
2023-10-19,678.7999877929688,682.0,666.4000244140625,675.5999755859375,670.4932250976562,155858,JK Lakshmi Cement Limited
2023-10-20,675.5999755859375,684.0,670.7999877929688,677.6500244140625,672.5277709960938,709058,JK Lakshmi Cement Limited
2023-10-23,680.0,683.4500122070312,657.0499877929688,661.3499755859375,656.3509521484375,213089,JK Lakshmi Cement Limited
2023-10-25,662.9000244140625,671.3499755859375,657.0999755859375,659.4500122070312,654.46533203125,114600,JK Lakshmi Cement Limited
2023-10-26,658.0,665.0,649.5499877929688,654.7000122070312,649.751220703125,162544,JK Lakshmi Cement Limited
2023-10-27,655.0,690.0,655.0,680.4500122070312,675.3065795898438,322636,JK Lakshmi Cement Limited
2023-10-30,680.4500122070312,701.0,668.4000244140625,693.4500122070312,688.2083740234375,313002,JK Lakshmi Cement Limited
2023-10-31,700.0,702.0,677.2000122070312,686.5499877929688,681.3604736328125,159143,JK Lakshmi Cement Limited
2023-11-01,690.0,690.5,670.0,672.8499755859375,667.7639770507812,54799,JK Lakshmi Cement Limited
2023-11-02,673.0999755859375,682.9500122070312,670.6500244140625,674.2000122070312,669.1038818359375,88532,JK Lakshmi Cement Limited
2023-11-03,714.8499755859375,775.0,701.9500122070312,744.8499755859375,739.2197875976562,4398784,JK Lakshmi Cement Limited
2023-11-06,764.75,802.0,742.25,794.25,788.2463989257812,2320714,JK Lakshmi Cement Limited
2023-11-07,785.0,794.0499877929688,759.0,773.5999755859375,767.7525024414062,773946,JK Lakshmi Cement Limited
2023-11-08,773.0,779.0,760.0,764.7999877929688,759.0189819335938,313439,JK Lakshmi Cement Limited
2023-11-09,765.9500122070312,786.0,756.0,780.2999877929688,774.40185546875,427707,JK Lakshmi Cement Limited
2023-11-10,781.0499877929688,796.9500122070312,761.0999755859375,777.3499755859375,771.47412109375,291419,JK Lakshmi Cement Limited
2023-11-13,787.9500122070312,789.0999755859375,777.0999755859375,783.5,777.57763671875,134310,JK Lakshmi Cement Limited
2023-11-15,781.5,833.5,780.0,807.75,801.6443481445312,1120467,JK Lakshmi Cement Limited
2023-11-16,801.9000244140625,809.4000244140625,790.6500244140625,797.7000122070312,791.6703491210938,321847,JK Lakshmi Cement Limited
2023-11-17,795.0,815.0,792.0499877929688,812.5999755859375,806.4577026367188,213466,JK Lakshmi Cement Limited
2023-11-20,812.5999755859375,815.9000244140625,797.7000122070312,812.4000244140625,806.2592163085938,183242,JK Lakshmi Cement Limited
2023-11-21,816.0,823.7999877929688,801.0,804.9500122070312,798.8655395507812,193222,JK Lakshmi Cement Limited
2023-11-22,804.9500122070312,809.0499877929688,780.0499877929688,792.0499877929688,786.06298828125,289091,JK Lakshmi Cement Limited
2023-11-23,793.9500122070312,795.7999877929688,778.6500244140625,787.4500122070312,781.4978637695312,217271,JK Lakshmi Cement Limited
2023-11-24,793.8499755859375,795.0,780.0,789.6500244140625,783.6812133789062,83362,JK Lakshmi Cement Limited
2023-11-28,789.6500244140625,803.4500122070312,785.0,791.0999755859375,785.1201782226562,201773,JK Lakshmi Cement Limited
2023-11-29,796.9000244140625,796.9000244140625,780.0999755859375,782.4500122070312,776.53564453125,94722,JK Lakshmi Cement Limited
2023-11-30,786.4000244140625,825.2000122070312,773.4500122070312,816.5,810.3282470703125,573622,JK Lakshmi Cement Limited
2023-12-01,820.5499877929688,834.0,808.5,813.75,807.5989990234375,189488,JK Lakshmi Cement Limited
2023-12-04,830.0,831.7000122070312,819.4000244140625,825.5999755859375,819.3594360351562,113592,JK Lakshmi Cement Limited
2023-12-05,827.0499877929688,893.7000122070312,817.5499877929688,876.9500122070312,870.3212890625,1580098,JK Lakshmi Cement Limited
2023-12-06,880.0,882.75,866.5499877929688,876.6500244140625,870.0236206054688,281032,JK Lakshmi Cement Limited
2023-12-07,876.9000244140625,899.5,868.0499877929688,896.0499877929688,889.2769165039062,291205,JK Lakshmi Cement Limited
2023-12-08,895.0,895.0,873.5499877929688,877.9000244140625,871.2640991210938,135600,JK Lakshmi Cement Limited
2023-12-11,879.9000244140625,891.0,875.0499877929688,884.9500122070312,878.2608642578125,104014,JK Lakshmi Cement Limited
2023-12-12,884.9500122070312,898.0,864.6500244140625,868.5499877929688,861.9848022460938,135010,JK Lakshmi Cement Limited
2023-12-13,870.0,888.3499755859375,868.5499877929688,880.0999755859375,873.4474487304688,182820,JK Lakshmi Cement Limited
2023-12-14,889.7000122070312,915.5999755859376,881.0999755859375,886.2999877929688,879.6005859375,345588,JK Lakshmi Cement Limited
2023-12-15,886.2999877929688,903.9000244140624,886.2999877929688,896.1500244140625,889.3761596679688,142351,JK Lakshmi Cement Limited
2023-12-18,896.0,899.0999755859375,877.0,878.9000244140625,872.256591796875,68726,JK Lakshmi Cement Limited
2023-12-19,883.2000122070312,889.4500122070312,858.5,861.4500122070312,854.9384765625,101362,JK Lakshmi Cement Limited
2023-12-20,869.9500122070312,877.9500122070312,832.4500122070312,839.9000244140625,833.5513916015625,136475,JK Lakshmi Cement Limited
2023-12-21,835.0,865.9500122070312,821.1500244140625,858.2999877929688,851.812255859375,76956,JK Lakshmi Cement Limited
2023-12-22,864.0,874.2000122070312,856.0,870.0499877929688,863.4734497070312,77564,JK Lakshmi Cement Limited
2023-12-26,866.0,894.0499877929688,865.0999755859375,885.5499877929688,878.8562622070312,185536,JK Lakshmi Cement Limited
2023-12-27,886.0,903.0,877.0,900.0,893.1970825195312,233919,JK Lakshmi Cement Limited
2023-12-28,903.0,909.9000244140624,886.75,903.7000122070312,896.869140625,207505,JK Lakshmi Cement Limited
2023-12-29,903.0,907.5,883.2000122070312,899.4000244140625,892.6016235351562,254764,JK Lakshmi Cement Limited
2024-01-01,905.2000122070312,915.0,891.3499755859375,904.7999877929688,897.9607543945312,140374,JK Lakshmi Cement Limited
2024-01-02,902.0,902.0,877.0499877929688,890.7000122070312,883.9674072265625,103489,JK Lakshmi Cement Limited
2024-01-03,894.9500122070312,895.5,877.4500122070312,881.25,874.5888061523438,72251,JK Lakshmi Cement Limited
2024-01-04,882.1500244140625,898.4500122070312,878.9000244140625,894.2000122070312,887.44091796875,61206,JK Lakshmi Cement Limited
2024-01-05,908.0,909.9000244140624,873.0,877.3499755859375,870.7182006835938,127396,JK Lakshmi Cement Limited
2024-01-08,881.4000244140625,884.8499755859375,865.4000244140625,868.5999755859375,862.0343627929688,62802,JK Lakshmi Cement Limited
2024-01-09,870.0,891.4500122070312,837.3499755859375,842.1500244140625,835.7843627929688,128176,JK Lakshmi Cement Limited
2024-01-10,843.0,852.9500122070312,833.0,841.9500122070312,835.5858764648438,72651,JK Lakshmi Cement Limited
2024-01-11,843.0,886.0,839.8499755859375,873.9000244140625,867.2943725585938,706605,JK Lakshmi Cement Limited
2024-01-12,895.0,904.9000244140624,868.0,870.0,863.423828125,596532,JK Lakshmi Cement Limited
2024-01-15,871.8499755859375,889.9000244140625,868.0,875.5999755859375,868.9814453125,179570,JK Lakshmi Cement Limited
2024-01-16,884.0,884.0,865.2999877929688,874.8499755859375,868.2371215820312,447830,JK Lakshmi Cement Limited
2024-01-17,869.7999877929688,875.4000244140625,826.0,849.3499755859375,842.9298706054688,139039,JK Lakshmi Cement Limited
2024-01-18,846.0999755859375,869.3499755859375,845.9500122070312,862.1500244140625,855.6331787109375,145520,JK Lakshmi Cement Limited
2024-01-19,866.5499877929688,880.0,865.0,873.5499877929688,866.9469604492188,154017,JK Lakshmi Cement Limited
2024-01-23,898.2000122070312,901.7000122070312,862.5,865.7999877929688,859.2555541992188,398094,JK Lakshmi Cement Limited
2024-01-24,875.1500244140625,890.25,860.0,883.0499877929688,876.3751831054688,254486,JK Lakshmi Cement Limited
2024-01-25,887.2999877929688,970.0,882.2999877929688,930.9000244140624,923.863525390625,1764622,JK Lakshmi Cement Limited
2024-01-29,940.7999877929688,954.4500122070312,915.5499877929688,937.0999755859376,930.0166015625,431223,JK Lakshmi Cement Limited
2024-01-30,948.0,948.0,895.5999755859375,900.8499755859376,894.0405883789062,486202,JK Lakshmi Cement Limited
2024-01-31,904.4000244140624,943.0,902.0499877929688,935.8499755859376,928.7760620117188,289751,JK Lakshmi Cement Limited
2024-02-01,937.9500122070312,941.3499755859376,920.0499877929688,929.8499755859376,922.8214111328124,83587,JK Lakshmi Cement Limited
2024-02-02,943.0999755859376,944.9000244140624,910.0,919.5,912.5496215820312,113810,JK Lakshmi Cement Limited
2024-02-05,924.9000244140624,942.25,913.25,928.2999877929688,921.2831420898438,173309,JK Lakshmi Cement Limited
2024-02-06,945.0,945.0,910.25,920.8499755859376,913.8894653320312,117872,JK Lakshmi Cement Limited
2024-02-07,920.9000244140624,938.2999877929688,918.0,925.5,918.5043334960938,109358,JK Lakshmi Cement Limited
2024-02-08,927.75,940.0,902.8499755859376,917.2999877929688,910.3662719726562,143233,JK Lakshmi Cement Limited
2024-02-09,940.0,999.9000244140624,902.0999755859376,935.9500122070312,928.8753051757812,2989566,JK Lakshmi Cement Limited
2024-02-12,939.7999877929688,974.9500122070312,897.5999755859375,906.9000244140624,900.044921875,793137,JK Lakshmi Cement Limited
2024-02-13,913.0,918.25,880.3499755859375,886.0499877929688,879.3525390625,269930,JK Lakshmi Cement Limited
2024-02-14,892.0,925.9500122070312,880.2000122070312,913.1500244140624,906.2476806640624,517161,JK Lakshmi Cement Limited
2024-02-15,917.7000122070312,924.9500122070312,903.0,912.0499877929688,905.1559448242188,148568,JK Lakshmi Cement Limited
2024-02-16,921.2000122070312,975.0999755859376,916.3499755859376,963.75,956.4651489257812,1036903,JK Lakshmi Cement Limited
2024-02-19,968.7000122070312,973.5499877929688,950.5,963.3499755859376,956.0681762695312,187491,JK Lakshmi Cement Limited
2024-02-20,968.0,968.0,938.6500244140624,942.0,934.8795776367188,194847,JK Lakshmi Cement Limited
2024-02-21,948.0,975.0,944.5,959.0999755859376,953.87548828125,394230,JK Lakshmi Cement Limited
2024-02-22,967.2999877929688,968.7000122070312,932.0999755859376,938.5999755859376,933.4871826171876,225868,JK Lakshmi Cement Limited
2024-02-23,943.2999877929688,960.0,930.0999755859376,944.0499877929688,938.907470703125,145760,JK Lakshmi Cement Limited
2024-02-26,941.0499877929688,950.0999755859376,927.0,932.6500244140624,927.5696411132812,88316,JK Lakshmi Cement Limited
2024-02-27,931.0,953.5999755859376,928.0,943.9000244140624,938.7583618164062,163449,JK Lakshmi Cement Limited
2024-02-28,943.7999877929688,946.8499755859376,895.0,906.75,901.8106689453124,255332,JK Lakshmi Cement Limited
2024-02-29,906.9500122070312,929.0,902.5499877929688,918.9000244140624,913.89453125,384742,JK Lakshmi Cement Limited
2024-03-01,937.8499755859376,950.0,921.5999755859376,941.75,936.6200561523438,183729,JK Lakshmi Cement Limited
2024-03-04,949.9500122070312,952.4500122070312,929.0,943.0499877929688,937.9129638671876,144234,JK Lakshmi Cement Limited
2024-03-05,948.8499755859376,959.0,933.5499877929688,953.2000122070312,948.0076904296876,236285,JK Lakshmi Cement Limited
2024-03-06,952.6500244140624,952.6500244140624,892.0999755859375,899.9000244140625,894.998046875,219112,JK Lakshmi Cement Limited
2024-03-07,904.9000244140624,914.5,885.0,892.2999877929688,887.4393920898438,146875,JK Lakshmi Cement Limited
2024-03-11,892.2999877929688,910.7999877929688,883.0,895.8499755859375,890.9700317382812,94223,JK Lakshmi Cement Limited
2024-03-12,899.9500122070312,901.5,848.0,859.1500244140625,854.4700317382812,206643,JK Lakshmi Cement Limited
2024-03-13,858.4500122070312,864.7000122070312,775.0,795.2000122070312,790.8683471679688,245387,JK Lakshmi Cement Limited
2024-03-14,772.1500244140625,829.7000122070312,772.1500244140625,822.6500244140625,818.1688232421875,213677,JK Lakshmi Cement Limited
2024-03-15,822.0499877929688,836.75,808.0,824.9500122070312,820.456298828125,108881,JK Lakshmi Cement Limited
2024-03-18,820.0,826.0,804.9000244140625,823.8499755859375,819.3622436523438,96849,JK Lakshmi Cement Limited
2024-03-19,823.2000122070312,826.0,806.0999755859375,822.4500122070312,817.9699096679688,101567,JK Lakshmi Cement Limited
2024-03-20,826.5999755859375,836.9500122070312,808.9000244140625,821.5,817.0250854492188,154144,JK Lakshmi Cement Limited
2024-03-21,827.0,841.9500122070312,820.0499877929688,839.75,835.1756591796875,168455,JK Lakshmi Cement Limited
2024-03-22,835.75,858.4000244140625,832.0,855.9000244140625,851.2377319335938,169334,JK Lakshmi Cement Limited
2024-03-26,856.0,863.9500122070312,841.9000244140625,861.4000244140625,856.707763671875,125978,JK Lakshmi Cement Limited
2024-03-27,863.9500122070312,870.9500122070312,851.2000122070312,867.5,862.7744750976562,141670,JK Lakshmi Cement Limited
2024-03-28,871.0,879.7000122070312,861.0499877929688,875.7000122070312,870.9298095703125,127654,JK Lakshmi Cement Limited
2024-04-01,880.0,884.7000122070312,877.0,883.5,878.6873168945312,50593,JK Lakshmi Cement Limited
2024-04-02,875.2000122070312,897.4500122070312,875.2000122070312,889.2999877929688,884.4557495117188,139572,JK Lakshmi Cement Limited
2024-04-03,889.0,899.9500122070312,875.0,879.3499755859375,874.5599365234375,139606,JK Lakshmi Cement Limited
2024-04-04,883.5999755859375,889.9500122070312,868.4000244140625,869.9000244140625,865.1614379882812,157689,JK Lakshmi Cement Limited
2024-04-05,869.0,874.5,838.0,844.5499877929688,839.9495239257812,330429,JK Lakshmi Cement Limited
2024-04-08,856.5499877929688,859.9000244140625,820.0,820.5499877929688,816.0802612304688,306081,JK Lakshmi Cement Limited
2024-04-09,821.0499877929688,834.8499755859375,805.3499755859375,808.0499877929688,803.6483154296875,238050,JK Lakshmi Cement Limited
2024-04-10,822.0,822.7000122070312,796.25,799.6500244140625,795.2941284179688,313161,JK Lakshmi Cement Limited
2024-04-12,798.9000244140625,813.7000122070312,792.2000122070312,796.1500244140625,791.8131713867188,303422,JK Lakshmi Cement Limited
2024-04-15,793.7000122070312,811.9000244140625,775.0,808.4000244140625,803.9964599609375,232508,JK Lakshmi Cement Limited
2024-04-16,807.0,822.5,801.3499755859375,813.1500244140625,808.7205810546875,362500,JK Lakshmi Cement Limited
2024-04-18,815.9000244140625,825.0,803.4000244140625,807.7000122070312,803.3002319335938,97005,JK Lakshmi Cement Limited
2024-04-19,799.0,807.0,790.9500122070312,800.0,795.6422119140625,126698,JK Lakshmi Cement Limited
2024-04-22,804.0,810.0,791.0499877929688,797.75,793.4044189453125,116458,JK Lakshmi Cement Limited
2024-04-23,799.0,805.5,781.3499755859375,782.5,778.2374877929688,221861,JK Lakshmi Cement Limited
2024-04-24,786.4500122070312,807.5999755859375,786.4500122070312,802.2000122070312,797.8302001953125,155611,JK Lakshmi Cement Limited
2024-04-25,803.0,808.0,795.0499877929688,798.0999755859375,793.7525024414062,91905,JK Lakshmi Cement Limited
2024-04-26,798.1500244140625,799.0,789.0,794.25,789.9235229492188,80768,JK Lakshmi Cement Limited
2024-04-29,797.0,803.0,790.75,794.4000244140625,790.0726928710938,78431,JK Lakshmi Cement Limited
2024-04-30,795.7999877929688,803.9500122070312,794.3499755859375,796.0499877929688,791.7136840820312,139955,JK Lakshmi Cement Limited
2024-05-02,796.0999755859375,802.9500122070312,787.2999877929688,789.5,785.1994018554688,97553,JK Lakshmi Cement Limited
2024-05-03,793.0,798.9500122070312,783.2000122070312,797.2000122070312,792.857421875,120430,JK Lakshmi Cement Limited
2024-05-06,800.0,806.9000244140625,790.0,797.0499877929688,792.708251953125,142368,JK Lakshmi Cement Limited
2024-05-07,801.5,802.0,782.0,794.2000122070312,789.873779296875,292101,JK Lakshmi Cement Limited
2024-05-08,794.2000122070312,797.8499755859375,784.9500122070312,791.1500244140625,786.8403930664062,74221,JK Lakshmi Cement Limited
2024-05-09,795.6500244140625,795.6500244140625,765.0,771.9500122070312,767.7449951171875,78308,JK Lakshmi Cement Limited
2024-05-10,771.9000244140625,780.9000244140625,764.1500244140625,775.6500244140625,771.4248657226562,112091,JK Lakshmi Cement Limited
2024-05-13,775.6500244140625,782.5499877929688,751.0,759.6500244140625,755.5120239257812,127011,JK Lakshmi Cement Limited
2024-05-14,761.7999877929688,769.9500122070312,757.2999877929688,767.2999877929688,763.1203002929688,83406,JK Lakshmi Cement Limited
2024-05-15,768.0999755859375,781.0,767.2999877929688,777.25,773.01611328125,75169,JK Lakshmi Cement Limited
2024-05-16,782.0,782.2999877929688,771.0,777.2000122070312,772.9663696289062,54793,JK Lakshmi Cement Limited
2024-05-17,779.5999755859375,784.9500122070312,777.5499877929688,781.9000244140625,777.6408081054688,53774,JK Lakshmi Cement Limited
2024-05-21,778.3499755859375,795.25,771.0499877929688,793.2999877929688,788.9786987304688,122632,JK Lakshmi Cement Limited
2024-05-22,797.0,797.5,785.1500244140625,796.3499755859375,792.0120239257812,77382,JK Lakshmi Cement Limited
2024-05-23,802.0,803.9500122070312,792.25,794.3499755859375,790.02294921875,118453,JK Lakshmi Cement Limited
2024-05-24,830.0,852.8499755859375,801.0,805.5,801.1122436523438,1741513,JK Lakshmi Cement Limited
2024-05-27,806.5,813.3499755859375,793.0999755859375,799.75,795.3935546875,204038,JK Lakshmi Cement Limited
2024-05-28,810.0,810.0,795.0,797.8499755859375,793.5038452148438,118458,JK Lakshmi Cement Limited
2024-05-29,794.9000244140625,805.9500122070312,786.0499877929688,800.2999877929688,795.9405517578125,113888,JK Lakshmi Cement Limited
2024-05-30,800.2999877929688,801.0,781.6500244140625,784.8499755859375,780.57470703125,80377,JK Lakshmi Cement Limited
2024-05-31,788.8499755859375,796.0,780.0,784.2999877929688,780.0277099609375,117019,JK Lakshmi Cement Limited
2024-06-03,805.0,810.0,780.5999755859375,784.75,780.4752807617188,280525,JK Lakshmi Cement Limited
2024-06-04,788.0,788.0,709.25,761.5499877929688,757.401611328125,225808,JK Lakshmi Cement Limited
2024-06-05,764.0,790.0,742.6500244140625,789.5999755859375,785.298828125,124709,JK Lakshmi Cement Limited
2024-06-06,794.0,794.0,775.0,786.7000122070312,782.4146728515625,360385,JK Lakshmi Cement Limited
2024-06-07,786.5999755859375,799.0,783.0999755859375,795.1500244140625,790.818603515625,151374,JK Lakshmi Cement Limited
2024-06-10,796.0,827.5,793.0,821.7999877929688,817.3234252929688,1009949,JK Lakshmi Cement Limited
2024-06-11,828.0,828.7000122070312,811.3499755859375,812.8499755859375,808.4221801757812,272781,JK Lakshmi Cement Limited
2024-06-12,813.7000122070312,824.9500122070312,810.0,823.0999755859375,818.6163330078125,267398,JK Lakshmi Cement Limited
2024-06-13,826.0,829.9000244140625,817.0,825.2999877929688,820.8043823242188,308083,JK Lakshmi Cement Limited
2024-06-14,829.7999877929688,829.7999877929688,818.0999755859375,825.5,821.0032958984375,261073,JK Lakshmi Cement Limited
2024-06-18,828.0,845.9500122070312,826.0,836.8499755859375,832.2914428710938,546876,JK Lakshmi Cement Limited
2024-06-19,838.9000244140625,840.9500122070312,826.7000122070312,831.25,826.7219848632812,187704,JK Lakshmi Cement Limited
2024-06-20,831.2999877929688,847.9500122070312,823.7999877929688,845.75,841.1429443359375,261915,JK Lakshmi Cement Limited
2024-06-21,846.9000244140625,850.0,825.0,830.4000244140625,825.8765869140625,217303,JK Lakshmi Cement Limited
2024-06-24,830.5,856.2999877929688,828.0,845.2000122070312,840.5960083007812,259857,JK Lakshmi Cement Limited
2024-06-25,846.0,860.0,846.0,849.9000244140625,845.2703857421875,190494,JK Lakshmi Cement Limited
2024-06-26,850.0,913.3499755859376,839.0499877929688,866.9500122070312,862.2274780273438,1613543,JK Lakshmi Cement Limited
2024-06-27,867.0,935.0,866.9500122070312,892.2999877929688,887.4393920898438,2097309,JK Lakshmi Cement Limited
2024-06-28,899.5,904.0,876.3499755859375,883.9500122070312,879.1348876953125,367610,JK Lakshmi Cement Limited
2024-07-01,883.9500122070312,906.7000122070312,883.9500122070312,896.9000244140625,892.0143432617188,170344,JK Lakshmi Cement Limited
2024-07-02,900.0,910.0,885.5999755859375,897.4000244140625,892.5116577148438,166782,JK Lakshmi Cement Limited
2024-07-03,906.0,906.0,876.7999877929688,879.2999877929688,874.5101928710938,196302,JK Lakshmi Cement Limited
2024-07-04,882.9500122070312,887.4500122070312,863.1500244140625,871.75,867.0013427734375,223037,JK Lakshmi Cement Limited
2024-07-05,877.0,880.0,867.7999877929688,870.5999755859375,865.8576049804688,96241,JK Lakshmi Cement Limited
2024-07-08,870.2000122070312,875.0,854.0,861.0999755859375,856.4093627929688,153052,JK Lakshmi Cement Limited
2024-07-09,860.0,880.2999877929688,859.5499877929688,875.4500122070312,870.6812133789062,140934,JK Lakshmi Cement Limited
2024-07-10,876.25,895.0,850.9000244140625,886.5499877929688,881.720703125,332388,JK Lakshmi Cement Limited
2024-07-11,890.0,903.5,886.5499877929688,890.0999755859375,885.2513427734375,260724,JK Lakshmi Cement Limited
2024-07-12,900.0,900.0,875.5499877929688,881.75,876.9468994140625,84457,JK Lakshmi Cement Limited
2024-07-15,882.0,894.9000244140625,869.0,888.5499877929688,883.7098388671875,97191,JK Lakshmi Cement Limited
2024-07-16,889.4500122070312,906.0,867.0,871.0499877929688,866.3051147460938,392493,JK Lakshmi Cement Limited
2024-07-18,873.9500122070312,873.9500122070312,857.5,863.0499877929688,858.3486938476562,90859,JK Lakshmi Cement Limited
2024-07-19,863.0499877929688,865.9500122070312,840.0,843.9000244140625,839.3031005859375,103696,JK Lakshmi Cement Limited
2024-07-22,844.9000244140625,848.1500244140625,837.0,843.75,839.1538696289062,106291,JK Lakshmi Cement Limited
2024-07-23,843.8499755859375,856.9500122070312,817.0999755859375,838.0499877929688,833.4849243164062,164677,JK Lakshmi Cement Limited
2024-07-24,845.0,859.25,839.0,848.7000122070312,844.076904296875,76024,JK Lakshmi Cement Limited
2024-07-25,843.0,849.9500122070312,837.25,841.2000122070312,836.6177978515625,61712,JK Lakshmi Cement Limited
2024-07-26,845.4000244140625,859.9500122070312,841.2000122070312,857.5,852.8289794921875,69472,JK Lakshmi Cement Limited
2024-07-29,866.5,886.9500122070312,859.0,880.5499877929688,875.75341796875,260723,JK Lakshmi Cement Limited
2024-07-30,881.0,903.2000122070312,880.0,900.3499755859375,895.445556640625,257160,JK Lakshmi Cement Limited
2024-07-31,900.3499755859375,902.9500122070312,881.5499877929688,887.0,882.1682739257812,207643,JK Lakshmi Cement Limited
2024-08-01,885.0,885.0,851.5999755859375,861.4000244140625,856.707763671875,630446,JK Lakshmi Cement Limited
2024-08-02,861.0,861.4000244140625,833.9500122070312,848.25,843.6293334960938,281117,JK Lakshmi Cement Limited
2024-08-05,839.7000122070312,840.0,805.9000244140625,809.6500244140625,805.2396240234375,159679,JK Lakshmi Cement Limited
2024-08-06,809.0999755859375,829.7999877929688,809.0999755859375,820.0999755859375,815.6326904296875,68517,JK Lakshmi Cement Limited
2024-08-07,832.0,836.7000122070312,822.0,830.75,826.2246704101562,91252,JK Lakshmi Cement Limited
2024-08-08,830.7999877929688,834.7000122070312,824.0,826.0999755859375,821.5999755859375,60525,JK Lakshmi Cement Limited
2024-08-09,826.0,838.0,820.0,821.4000244140625,821.4000244140625,65135,JK Lakshmi Cement Limited
2024-08-12,822.0,822.4000244140625,808.0,811.3499755859375,811.3499755859375,86783,JK Lakshmi Cement Limited
2024-08-13,811.5999755859375,821.25,804.0999755859375,817.5999755859375,817.5999755859375,64113,JK Lakshmi Cement Limited
2024-08-14,820.0,820.0,796.4500122070312,799.9000244140625,799.9000244140625,98972,JK Lakshmi Cement Limited
2024-08-16,801.4500122070312,804.9500122070312,788.0,790.2000122070312,790.2000122070312,190618,JK Lakshmi Cement Limited
2024-08-19,794.2999877929688,799.7999877929688,782.5,784.5,784.5,102090,JK Lakshmi Cement Limited
2024-08-20,785.4500122070312,794.7999877929688,776.9500122070312,778.9000244140625,778.9000244140625,108358,JK Lakshmi Cement Limited
2024-08-21,778.9500122070312,794.7000122070312,778.9500122070312,792.1500244140625,792.1500244140625,88051,JK Lakshmi Cement Limited
2024-08-22,794.0,794.0,778.0999755859375,779.7000122070312,779.7000122070312,222957,JK Lakshmi Cement Limited
2024-08-23,784.9000244140625,787.9000244140625,769.0,769.6500244140625,769.6500244140625,167665,JK Lakshmi Cement Limited
