Date,Open,High,Low,Close,Adj Close,Volume,Company Name
2014-01-28,20.0,21.0,20.0,21.0,20.21348571777344,3844,"Nath Bio-Genes (India), Limited"
2014-01-29,22.049999237060547,22.049999237060547,22.049999237060547,22.049999237060547,21.22416305541992,8762,"Nath Bio-Genes (India), Limited"
2014-01-30,23.14999961853028,23.14999961853028,23.14999961853028,23.14999961853028,22.282962799072266,6221,"Nath Bio-Genes (India), Limited"
2014-01-31,24.299999237060547,24.299999237060547,24.299999237060547,24.299999237060547,23.38989448547364,5549,"Nath Bio-Genes (India), Limited"
2014-02-03,25.5,25.5,25.5,25.5,24.544952392578125,957,"Nath Bio-Genes (India), Limited"
2014-02-04,26.75,26.75,26.75,26.75,25.74813461303711,377,"Nath Bio-Genes (India), Limited"
2014-02-05,28.049999237060547,28.049999237060547,28.049999237060547,28.049999237060547,26.99944496154785,473,"Nath Bio-Genes (India), Limited"
2014-02-06,29.450000762939453,29.450000762939453,29.450000762939453,29.450000762939453,28.34700965881348,154,"Nath Bio-Genes (India), Limited"
2014-02-07,30.89999961853028,30.89999961853028,30.89999961853028,30.89999961853028,29.74270439147949,1993,"Nath Bio-Genes (India), Limited"
2014-02-10,32.400001525878906,32.400001525878906,32.400001525878906,32.400001525878906,31.186527252197266,996,"Nath Bio-Genes (India), Limited"
2014-02-11,34.0,34.0,34.0,34.0,32.72659683227539,592,"Nath Bio-Genes (India), Limited"
2014-02-12,35.70000076293945,35.70000076293945,35.70000076293945,35.70000076293945,34.36293029785156,352,"Nath Bio-Genes (India), Limited"
2014-02-13,37.45000076293945,37.45000076293945,37.45000076293945,37.45000076293945,36.0473861694336,600,"Nath Bio-Genes (India), Limited"
2014-02-14,39.29999923706055,39.29999923706055,39.29999923706055,39.29999923706055,37.82809829711914,306,"Nath Bio-Genes (India), Limited"
2014-02-17,41.25,41.25,41.25,41.25,39.7050666809082,627,"Nath Bio-Genes (India), Limited"
2014-02-18,43.29999923706055,43.29999923706055,43.29999923706055,43.29999923706055,41.67828369140625,328,"Nath Bio-Genes (India), Limited"
2014-02-19,45.45000076293945,45.45000076293945,45.45000076293945,45.45000076293945,43.74776077270508,620,"Nath Bio-Genes (India), Limited"
2014-02-20,47.70000076293945,47.70000076293945,47.70000076293945,47.70000076293945,45.91349411010742,334,"Nath Bio-Genes (India), Limited"
2014-02-21,50.04999923706055,50.04999923706055,50.04999923706055,50.04999923706055,48.17548370361328,276,"Nath Bio-Genes (India), Limited"
2014-02-24,52.54999923706055,52.54999923706055,52.54999923706055,52.54999923706055,50.581844329833984,275,"Nath Bio-Genes (India), Limited"
2014-02-25,55.150001525878906,55.150001525878906,55.150001525878906,55.150001525878906,53.08447647094727,606,"Nath Bio-Genes (India), Limited"
2014-02-26,57.900001525878906,57.900001525878906,57.900001525878906,57.900001525878906,55.73147964477539,1747,"Nath Bio-Genes (India), Limited"
2014-02-28,60.75,60.75,60.75,60.75,58.4747314453125,624,"Nath Bio-Genes (India), Limited"
2014-03-03,63.75,63.75,63.75,63.75,61.36237716674805,488,"Nath Bio-Genes (India), Limited"
2014-03-04,66.9000015258789,66.9000015258789,66.9000015258789,66.9000015258789,64.39439392089844,71,"Nath Bio-Genes (India), Limited"
2014-03-05,70.19999694824219,70.19999694824219,70.19999694824219,70.19999694824219,67.57080078125,1067,"Nath Bio-Genes (India), Limited"
2014-03-06,73.69999694824219,73.69999694824219,73.69999694824219,73.69999694824219,70.9397201538086,242,"Nath Bio-Genes (India), Limited"
2014-03-07,77.3499984741211,77.3499984741211,77.3499984741211,77.3499984741211,74.45301055908203,863,"Nath Bio-Genes (India), Limited"
2014-03-10,81.19999694824219,81.19999694824219,81.19999694824219,81.19999694824219,78.15882110595703,404,"Nath Bio-Genes (India), Limited"
2014-03-11,85.25,85.25,85.25,85.25,82.05712890625,939,"Nath Bio-Genes (India), Limited"
2014-03-12,89.5,89.5,89.5,89.5,86.14795684814453,2079,"Nath Bio-Genes (India), Limited"
2014-03-13,93.9499969482422,93.9499969482422,87.55000305175781,89.6500015258789,86.29234313964844,21165,"Nath Bio-Genes (India), Limited"
2014-03-14,87.55000305175781,87.69999694824219,85.19999694824219,86.0,82.77904510498047,7947,"Nath Bio-Genes (India), Limited"
2014-03-18,82.4000015258789,84.80000305175781,82.0,82.6500015258789,79.55451965332031,6812,"Nath Bio-Genes (India), Limited"
2014-03-19,81.0,83.4000015258789,78.55000305175781,78.80000305175781,75.84870910644531,6234,"Nath Bio-Genes (India), Limited"
2014-03-20,80.0,80.9000015258789,75.0999984741211,80.1500015258789,77.14814758300781,4826,"Nath Bio-Genes (India), Limited"
2014-03-21,78.0,84.1500015258789,78.0,84.1500015258789,80.99833679199219,6326,"Nath Bio-Genes (India), Limited"
2014-03-24,92.75,92.75,90.5,91.5999984741211,88.16930389404297,27101,"Nath Bio-Genes (India), Limited"
2014-03-25,95.0,95.0,88.0,88.6500015258789,85.32979583740234,9397,"Nath Bio-Genes (India), Limited"
2014-03-26,93.0,93.0,84.30000305175781,85.55000305175781,82.34590911865234,5273,"Nath Bio-Genes (India), Limited"
2014-03-27,82.0,89.80000305175781,82.0,89.80000305175781,86.43672943115234,7228,"Nath Bio-Genes (India), Limited"
2014-03-28,86.0,94.25,86.0,94.25,90.72006225585938,14636,"Nath Bio-Genes (India), Limited"
2014-03-31,98.9499969482422,98.9499969482422,98.9499969482422,98.9499969482422,95.24402618408205,3394,"Nath Bio-Genes (India), Limited"
2014-04-01,103.8499984741211,103.8499984741211,94.5999984741211,95.75,92.16388702392578,23066,"Nath Bio-Genes (India), Limited"
2014-04-02,91.3000030517578,94.5,91.0,91.0,87.59178161621094,3607,"Nath Bio-Genes (India), Limited"
2014-04-03,87.0,91.0,86.5,86.80000305175781,83.5490951538086,3523,"Nath Bio-Genes (India), Limited"
2014-04-04,86.5,90.5,85.0,89.25,85.9073257446289,3508,"Nath Bio-Genes (India), Limited"
2014-04-07,87.0,89.94999694824219,86.0,87.25,83.98223114013672,3088,"Nath Bio-Genes (India), Limited"
2014-04-09,82.9000015258789,91.5999984741211,82.9000015258789,86.30000305175781,83.06781768798828,2680,"Nath Bio-Genes (India), Limited"
2014-04-10,86.30000305175781,90.4499969482422,85.0999984741211,89.5,86.14795684814453,7074,"Nath Bio-Genes (India), Limited"
2014-04-11,91.0,91.0,85.05000305175781,85.05000305175781,81.86463165283203,4955,"Nath Bio-Genes (India), Limited"
2014-04-15,84.0,87.5,80.80000305175781,83.0,79.89141082763672,4465,"Nath Bio-Genes (India), Limited"
2014-04-16,82.75,83.0,81.5,82.0,78.92886352539062,15180,"Nath Bio-Genes (India), Limited"
2014-04-17,84.3499984741211,84.3499984741211,80.5,82.75,79.65077209472656,1321,"Nath Bio-Genes (India), Limited"
2014-04-21,85.0,85.0999984741211,82.05000305175781,83.0999984741211,79.98766326904297,2406,"Nath Bio-Genes (India), Limited"
2014-04-22,83.5,83.5,81.0,81.0999984741211,78.06256103515625,6182,"Nath Bio-Genes (India), Limited"
2014-04-23,79.0,82.44999694824219,78.05000305175781,79.3499984741211,76.37810516357422,7812,"Nath Bio-Genes (India), Limited"
2014-04-24,79.3499984741211,79.3499984741211,79.3499984741211,79.3499984741211,76.37810516357422,0,"Nath Bio-Genes (India), Limited"
2014-04-25,78.0,81.69999694824219,76.0999984741211,76.5,73.63485717773438,8999,"Nath Bio-Genes (India), Limited"
2014-04-28,76.55000305175781,80.30000305175781,75.0999984741211,80.30000305175781,77.29253387451172,3266,"Nath Bio-Genes (India), Limited"
2014-04-29,84.25,84.30000305175781,76.4000015258789,84.0,80.85394287109375,9004,"Nath Bio-Genes (India), Limited"
2014-04-30,82.0,85.0999984741211,79.80000305175781,80.0,77.00376892089844,4420,"Nath Bio-Genes (India), Limited"
2014-05-02,76.5,82.0,76.5,80.5,77.48503875732422,6979,"Nath Bio-Genes (India), Limited"
2014-05-05,76.55000305175781,83.94999694824219,76.55000305175781,78.44999694824219,75.51180267333984,3874,"Nath Bio-Genes (India), Limited"
2014-05-06,74.75,81.69999694824219,74.75,80.0,77.00376892089844,3845,"Nath Bio-Genes (India), Limited"
2014-05-07,77.9000015258789,80.0,77.55000305175781,79.44999694824219,76.47435760498047,5232,"Nath Bio-Genes (India), Limited"
2014-05-08,80.0,80.0,76.05000305175781,77.80000305175781,74.88616180419922,1628,"Nath Bio-Genes (India), Limited"
2014-05-09,75.5999984741211,78.5999984741211,75.5999984741211,77.5,74.59739685058594,2143,"Nath Bio-Genes (India), Limited"
2014-05-12,78.0,80.9000015258789,73.75,73.75,70.98784637451172,7919,"Nath Bio-Genes (India), Limited"
2014-05-13,77.4000015258789,77.4000015258789,73.0,73.05000305175781,70.31407165527344,5619,"Nath Bio-Genes (India), Limited"
2014-05-14,70.05000305175781,75.0,70.05000305175781,74.0,71.22848510742188,9388,"Nath Bio-Genes (India), Limited"
2014-05-15,70.55000305175781,73.0999984741211,70.30000305175781,70.30000305175781,67.66706085205078,6395,"Nath Bio-Genes (India), Limited"
2014-05-16,70.0,70.0,67.0,69.80000305175781,67.18578338623047,3920,"Nath Bio-Genes (India), Limited"
2014-05-19,67.6500015258789,73.25,66.5999984741211,73.25,70.5065689086914,3837,"Nath Bio-Genes (India), Limited"
2014-05-20,73.25,76.9000015258789,73.25,76.9000015258789,74.0198745727539,7128,"Nath Bio-Genes (India), Limited"
2014-05-21,77.5,80.69999694824219,77.5,80.69999694824219,77.67754364013672,4598,"Nath Bio-Genes (India), Limited"
2014-05-22,84.69999694824219,84.69999694824219,82.05000305175781,82.44999694824219,79.36199951171875,5208,"Nath Bio-Genes (India), Limited"
2014-05-23,80.0999984741211,86.4000015258789,80.0,84.3499984741211,81.19084167480469,4193,"Nath Bio-Genes (India), Limited"
2014-05-26,88.5,88.5,80.1500015258789,80.1500015258789,77.14814758300781,3607,"Nath Bio-Genes (India), Limited"
2014-05-27,81.0,82.0,76.1500015258789,81.9000015258789,78.83260345458984,2804,"Nath Bio-Genes (India), Limited"
2014-05-28,78.0,78.0999984741211,77.8499984741211,77.9000015258789,74.98241424560547,2532,"Nath Bio-Genes (India), Limited"
2014-05-29,77.9000015258789,81.69999694824219,75.0999984741211,79.9000015258789,76.90751647949219,4061,"Nath Bio-Genes (India), Limited"
2014-05-30,82.0,82.9000015258789,77.0,79.5999984741211,76.61874389648438,2542,"Nath Bio-Genes (India), Limited"
2014-06-02,75.6500015258789,79.94999694824219,75.6500015258789,77.19999694824219,74.30863189697266,5870,"Nath Bio-Genes (India), Limited"
2014-06-03,76.75,79.80000305175781,76.05000305175781,77.5999984741211,74.69365692138672,5165,"Nath Bio-Genes (India), Limited"
2014-06-04,80.9000015258789,80.9000015258789,77.05000305175781,77.0999984741211,74.21237182617188,1505,"Nath Bio-Genes (India), Limited"
2014-06-05,78.5,80.94999694824219,77.19999694824219,78.05000305175781,75.12679290771484,3488,"Nath Bio-Genes (India), Limited"
2014-06-06,75.9000015258789,80.94999694824219,75.9000015258789,80.69999694824219,77.67754364013672,2720,"Nath Bio-Genes (India), Limited"
2014-06-09,77.5,83.6500015258789,77.5,80.0,77.00376892089844,7037,"Nath Bio-Genes (India), Limited"
2014-06-10,80.0,83.9000015258789,77.5,82.75,79.65077209472656,4225,"Nath Bio-Genes (India), Limited"
2014-06-11,80.1500015258789,83.75,80.1500015258789,82.3499984741211,79.2657470703125,3996,"Nath Bio-Genes (India), Limited"
2014-06-12,79.55000305175781,83.0,78.5999984741211,79.0,76.04121398925781,5298,"Nath Bio-Genes (India), Limited"
2014-06-13,77.55000305175781,81.0,75.25,79.9000015258789,76.90751647949219,6795,"Nath Bio-Genes (India), Limited"
2014-06-16,83.80000305175781,83.80000305175781,77.5999984741211,80.3499984741211,77.34065246582031,4759,"Nath Bio-Genes (India), Limited"
2014-06-17,77.4000015258789,81.5,77.0,77.75,74.8380355834961,6598,"Nath Bio-Genes (India), Limited"
2014-06-18,79.5,79.5,76.0,76.25,73.39421081542969,7032,"Nath Bio-Genes (India), Limited"
2014-06-19,77.5,78.5,76.1500015258789,77.69999694824219,74.78990173339844,2111,"Nath Bio-Genes (India), Limited"
2014-06-20,80.94999694824219,80.94999694824219,75.75,78.5999984741211,75.65619659423828,5749,"Nath Bio-Genes (India), Limited"
2014-06-23,80.69999694824219,80.69999694824219,75.5999984741211,80.0,77.00376892089844,2072,"Nath Bio-Genes (India), Limited"
2014-06-24,82.0,83.0,77.0,79.44999694824219,76.47435760498047,3061,"Nath Bio-Genes (India), Limited"
2014-06-25,82.0,83.4000015258789,80.80000305175781,83.4000015258789,80.27643585205078,6126,"Nath Bio-Genes (India), Limited"
2014-06-26,86.0,87.55000305175781,84.30000305175781,87.55000305175781,84.27099609375,3829,"Nath Bio-Genes (India), Limited"
2014-06-27,91.9000015258789,91.9000015258789,91.9000015258789,91.9000015258789,88.45806884765625,2421,"Nath Bio-Genes (India), Limited"
2014-06-30,96.4499969482422,96.4499969482422,96.4499969482422,96.4499969482422,92.8376693725586,1960,"Nath Bio-Genes (India), Limited"
2014-07-01,101.25,101.25,101.25,101.25,97.4578857421875,2165,"Nath Bio-Genes (India), Limited"
2014-07-02,106.3000030517578,106.3000030517578,106.3000030517578,106.3000030517578,102.31875610351562,6273,"Nath Bio-Genes (India), Limited"
2014-07-03,107.4000015258789,111.5999984741211,101.1500015258789,111.5500030517578,107.37213134765624,77889,"Nath Bio-Genes (India), Limited"
2014-07-04,110.5,117.0999984741211,110.0,117.0999984741211,112.7142562866211,31791,"Nath Bio-Genes (India), Limited"
2014-07-07,122.9499969482422,122.9499969482422,122.9499969482422,122.9499969482422,118.34515380859376,9222,"Nath Bio-Genes (India), Limited"
2014-07-08,129.0500030517578,129.0500030517578,123.0500030517578,129.0500030517578,124.21670532226562,25821,"Nath Bio-Genes (India), Limited"
2014-07-09,135.5,135.5,122.5999984741211,123.5,118.87456512451172,31599,"Nath Bio-Genes (India), Limited"
2014-07-10,126.9499969482422,128.9499969482422,117.9000015258789,125.6999969482422,120.99215698242188,20245,"Nath Bio-Genes (India), Limited"
2014-07-11,128.0,128.0,119.4499969482422,119.4499969482422,114.97624206542967,8914,"Nath Bio-Genes (India), Limited"
2014-07-14,113.5,113.5,113.5,113.5,109.24908447265624,438,"Nath Bio-Genes (India), Limited"
2014-07-15,107.8499984741211,114.9000015258789,107.8499984741211,110.9499969482422,106.79460144042967,6470,"Nath Bio-Genes (India), Limited"
2014-07-16,107.0,116.4499969482422,106.4000015258789,115.3499984741211,111.02980041503906,13173,"Nath Bio-Genes (India), Limited"
2014-07-17,120.5,121.0999984741211,119.0500030517578,121.0999984741211,116.56444549560548,10980,"Nath Bio-Genes (India), Limited"
2014-07-18,127.1500015258789,127.1500015258789,121.0,124.5,119.8371124267578,15800,"Nath Bio-Genes (India), Limited"
2014-07-21,125.0,127.1500015258789,120.0,122.5500030517578,117.96014404296876,6199,"Nath Bio-Genes (India), Limited"
2014-07-22,122.0,128.0,121.1500015258789,126.5999984741211,121.85845184326172,9596,"Nath Bio-Genes (India), Limited"
2014-07-23,125.0999984741211,128.0,120.3000030517578,121.1500015258789,116.61257934570312,13059,"Nath Bio-Genes (India), Limited"
2014-07-24,123.0,127.1999969482422,121.4000015258789,127.1999969482422,122.43598175048828,3935,"Nath Bio-Genes (India), Limited"
2014-07-25,129.0,133.5500030517578,126.0,133.14999389648438,128.16314697265625,19625,"Nath Bio-Genes (India), Limited"
2014-07-28,133.0,139.8000030517578,127.5,139.8000030517578,134.56407165527344,22584,"Nath Bio-Genes (India), Limited"
2014-07-30,144.6999969482422,146.75,144.6999969482422,146.75,141.2537841796875,45592,"Nath Bio-Genes (India), Limited"
2014-07-31,149.89999389648438,154.0500030517578,146.75,154.0500030517578,148.28038024902344,26172,"Nath Bio-Genes (India), Limited"
2014-08-01,157.0,161.75,150.5,161.75,155.69198608398438,23280,"Nath Bio-Genes (India), Limited"
2014-08-04,167.39999389648438,169.8000030517578,167.39999389648438,169.8000030517578,163.4405059814453,40755,"Nath Bio-Genes (India), Limited"
2014-08-05,175.6999969482422,175.6999969482422,161.35000610351562,166.8000030517578,160.55287170410156,37976,"Nath Bio-Genes (India), Limited"
2014-08-06,162.89999389648438,167.0,160.0,163.0500030517578,156.94329833984375,10535,"Nath Bio-Genes (India), Limited"
2014-08-07,165.0,165.25,154.89999389648438,154.89999389648438,149.09852600097656,10733,"Nath Bio-Genes (India), Limited"
2014-08-08,155.0,155.0,147.1999969482422,147.1999969482422,141.6869354248047,10160,"Nath Bio-Genes (India), Limited"
2014-08-11,150.0,154.5500030517578,139.85000610351562,154.25,148.472900390625,22942,"Nath Bio-Genes (India), Limited"
2014-08-12,156.0,159.89999389648438,150.0,153.5,147.7509765625,22691,"Nath Bio-Genes (India), Limited"
2014-08-13,150.0500030517578,150.0500030517578,145.85000610351562,145.85000610351562,140.38748168945312,4216,"Nath Bio-Genes (India), Limited"
2014-08-14,140.0,151.5,139.0,147.85000610351562,142.3125762939453,15002,"Nath Bio-Genes (India), Limited"
2014-08-18,150.0,155.1999969482422,144.5,155.14999389648438,149.33917236328125,24034,"Nath Bio-Genes (India), Limited"
2014-08-19,153.60000610351562,161.0,153.10000610351562,153.89999389648438,148.13597106933594,9142,"Nath Bio-Genes (India), Limited"
2014-08-20,153.5,154.0,148.5500030517578,153.5500030517578,147.7991180419922,8869,"Nath Bio-Genes (India), Limited"
2014-08-21,161.0,161.0,149.0,150.8000030517578,145.15211486816406,5209,"Nath Bio-Genes (India), Limited"
2014-08-22,150.0,154.5,143.8000030517578,146.25,140.7725067138672,8028,"Nath Bio-Genes (India), Limited"
2014-08-25,150.0,150.0,139.0,141.10000610351562,135.8153839111328,5386,"Nath Bio-Genes (India), Limited"
2014-08-26,136.14999389648438,139.0,134.10000610351562,135.64999389648438,130.5695037841797,5683,"Nath Bio-Genes (India), Limited"
2014-08-27,142.39999389648438,142.39999389648438,131.35000610351562,135.75,130.665771484375,3755,"Nath Bio-Genes (India), Limited"
2014-08-28,138.0,138.0,129.14999389648438,131.25,126.33429718017578,4671,"Nath Bio-Genes (India), Limited"
2014-09-01,136.89999389648438,137.8000030517578,131.0,137.75,132.5908660888672,8424,"Nath Bio-Genes (India), Limited"
2014-09-02,139.9499969482422,144.60000610351562,139.9499969482422,144.60000610351562,139.18431091308594,5452,"Nath Bio-Genes (India), Limited"
2014-09-03,150.0,151.8000030517578,145.5500030517578,148.60000610351562,143.0345001220703,24358,"Nath Bio-Genes (India), Limited"
2014-09-04,149.5,149.5,141.1999969482422,143.5,138.12550354003906,5626,"Nath Bio-Genes (India), Limited"
2014-09-05,144.0,147.3000030517578,140.0,145.60000610351562,140.1468505859375,14401,"Nath Bio-Genes (India), Limited"
2014-09-08,148.0,152.85000610351562,141.5,152.85000610351562,147.1253204345703,14230,"Nath Bio-Genes (India), Limited"
2014-09-09,153.0,159.0,147.14999389648438,148.60000610351562,143.0345001220703,7826,"Nath Bio-Genes (India), Limited"
2014-09-10,146.0500030517578,150.0,145.0,147.9499969482422,142.40882873535156,5820,"Nath Bio-Genes (India), Limited"
2014-09-11,145.0,155.25,140.60000610351562,153.5500030517578,147.7991180419922,21555,"Nath Bio-Genes (India), Limited"
2014-09-12,152.0,160.5,150.0,153.25,147.51034545898438,15253,"Nath Bio-Genes (India), Limited"
2014-09-15,146.0500030517578,153.6999969482422,145.60000610351562,146.75,141.2537841796875,6873,"Nath Bio-Genes (India), Limited"
2014-09-16,145.0500030517578,152.0,139.4499969482422,139.4499969482422,134.22718811035156,13179,"Nath Bio-Genes (India), Limited"
2014-09-17,135.0500030517578,140.0,132.5,137.0500030517578,131.9170684814453,8117,"Nath Bio-Genes (India), Limited"
2014-09-18,139.0,143.89999389648438,139.0,143.89999389648438,138.5105438232422,2620,"Nath Bio-Genes (India), Limited"
2014-09-19,150.89999389648438,151.0500030517578,142.10000610351562,151.0500030517578,145.3927459716797,9016,"Nath Bio-Genes (India), Limited"
2014-09-22,153.0,155.0,145.14999389648438,147.4499969482422,141.92758178710938,11350,"Nath Bio-Genes (India), Limited"
2014-09-23,150.0,154.8000030517578,142.10000610351562,142.9499969482422,137.59609985351562,17286,"Nath Bio-Genes (India), Limited"
2014-09-24,140.25,144.0,138.0,140.0500030517578,134.80471801757812,7190,"Nath Bio-Genes (India), Limited"
2014-09-25,138.3000030517578,138.5,133.0500030517578,133.60000610351562,128.5963134765625,15107,"Nath Bio-Genes (India), Limited"
2014-09-26,130.0,140.0,128.0,133.25,128.25938415527344,4077,"Nath Bio-Genes (India), Limited"
2014-09-29,135.0500030517578,139.89999389648438,135.0500030517578,139.89999389648438,134.66033935546875,1400,"Nath Bio-Genes (India), Limited"
2014-09-30,142.0,146.85000610351562,133.0,146.85000610351562,141.35003662109375,7051,"Nath Bio-Genes (India), Limited"
2014-10-01,154.14999389648438,154.14999389648438,144.0,147.9499969482422,142.40882873535156,7123,"Nath Bio-Genes (India), Limited"
2014-10-07,140.60000610351562,144.64999389648438,140.60000610351562,140.60000610351562,135.33412170410156,2323,"Nath Bio-Genes (India), Limited"
2014-10-08,147.0,147.0,137.8000030517578,138.5,133.31277465820312,3233,"Nath Bio-Genes (India), Limited"
2014-10-09,139.0,145.0,131.60000610351562,133.14999389648438,128.16314697265625,6648,"Nath Bio-Genes (India), Limited"
2014-10-10,126.5500030517578,134.8000030517578,126.5500030517578,132.0,127.05620574951172,1299,"Nath Bio-Genes (India), Limited"
2014-10-13,130.0,135.1999969482422,128.5500030517578,132.35000610351562,127.39311981201172,1214,"Nath Bio-Genes (India), Limited"
2014-10-14,126.0,132.0,126.0,129.3000030517578,124.45734405517578,3997,"Nath Bio-Genes (India), Limited"
2014-10-15,129.3000030517578,129.3000030517578,129.3000030517578,129.3000030517578,124.45734405517578,0,"Nath Bio-Genes (India), Limited"
2014-10-16,129.3000030517578,131.0,122.8499984741211,123.5500030517578,118.92269134521484,4331,"Nath Bio-Genes (India), Limited"
2014-10-17,125.0,125.8000030517578,118.0500030517578,120.5500030517578,116.03504180908205,7072,"Nath Bio-Genes (India), Limited"
2014-10-20,126.5500030517578,126.5500030517578,119.0,119.0999984741211,114.6393585205078,2637,"Nath Bio-Genes (India), Limited"
2014-10-21,118.0,125.0,116.0,119.1999969482422,114.73560333251952,2166,"Nath Bio-Genes (India), Limited"
2014-10-22,122.0,125.1500015258789,119.4499969482422,125.1500015258789,120.4627685546875,3109,"Nath Bio-Genes (India), Limited"
2014-10-27,123.9000015258789,135.89999389648438,123.9000015258789,135.89999389648438,130.81015014648438,4141,"Nath Bio-Genes (India), Limited"
2014-10-28,135.0500030517578,139.6999969482422,129.14999389648438,131.5,126.57493591308594,3704,"Nath Bio-Genes (India), Limited"
2014-10-29,135.0,138.0500030517578,134.89999389648438,138.0500030517578,132.87962341308594,3808,"Nath Bio-Genes (India), Limited"
2014-10-30,144.89999389648438,144.9499969482422,140.0,144.9499969482422,139.5211944580078,17502,"Nath Bio-Genes (India), Limited"
2014-10-31,137.8000030517578,137.8000030517578,137.75,137.75,132.5908660888672,2691,"Nath Bio-Genes (India), Limited"
2014-11-03,130.89999389648438,130.89999389648438,130.89999389648438,130.89999389648438,125.99740600585938,607,"Nath Bio-Genes (India), Limited"
2014-11-05,124.4499969482422,137.39999389648438,124.4000015258789,137.39999389648438,132.25396728515625,21403,"Nath Bio-Genes (India), Limited"
2014-11-07,144.25,144.25,144.25,144.25,138.847412109375,7605,"Nath Bio-Genes (India), Limited"
2014-11-10,151.4499969482422,151.4499969482422,151.4499969482422,151.4499969482422,145.77774047851562,5575,"Nath Bio-Genes (India), Limited"
2014-11-11,159.0,159.0,147.0,149.0,143.4195098876953,36218,"Nath Bio-Genes (India), Limited"
2014-11-12,143.10000610351562,145.0,141.5500030517578,142.85000610351562,137.49984741210938,17277,"Nath Bio-Genes (India), Limited"
2014-11-13,135.75,144.9499969482422,135.75,140.64999389648438,135.3822479248047,6211,"Nath Bio-Genes (India), Limited"
2014-11-14,138.0,147.64999389648438,137.75,147.64999389648438,142.1200714111328,11297,"Nath Bio-Genes (India), Limited"
2014-11-17,147.64999389648438,154.5,141.6999969482422,145.8000030517578,140.33935546875,14544,"Nath Bio-Genes (India), Limited"
2014-11-18,141.25,153.0500030517578,141.25,153.0500030517578,147.3178253173828,11951,"Nath Bio-Genes (India), Limited"
2014-11-19,156.39999389648438,160.6999969482422,152.9499969482422,154.0,148.2322540283203,11386,"Nath Bio-Genes (India), Limited"
2014-11-20,151.0,155.0,151.0,154.75,148.9541473388672,6949,"Nath Bio-Genes (India), Limited"
2014-11-21,151.0,158.5,151.0,152.9499969482422,147.22158813476562,3329,"Nath Bio-Genes (India), Limited"
2014-11-24,146.5,151.0,146.0,146.0,140.53187561035156,8410,"Nath Bio-Genes (India), Limited"
2014-11-25,142.75,146.0,139.0500030517578,142.3000030517578,136.97044372558594,7169,"Nath Bio-Genes (India), Limited"
2014-11-26,141.5,145.9499969482422,136.0500030517578,141.64999389648438,136.34478759765625,2855,"Nath Bio-Genes (India), Limited"
2014-11-27,135.14999389648438,143.9499969482422,135.10000610351562,140.0,134.756591796875,3544,"Nath Bio-Genes (India), Limited"
2014-11-28,135.3000030517578,145.25,134.0,143.3000030517578,137.93299865722656,6988,"Nath Bio-Genes (India), Limited"
2014-12-01,136.6999969482422,146.0,136.6999969482422,138.4499969482422,133.26463317871094,1754,"Nath Bio-Genes (India), Limited"
2014-12-02,144.75,145.35000610351562,142.9499969482422,145.3000030517578,139.85809326171875,12815,"Nath Bio-Genes (India), Limited"
2014-12-03,142.0500030517578,146.0,141.0,141.89999389648438,136.58543395996094,3498,"Nath Bio-Genes (India), Limited"
2014-12-04,141.89999389648438,141.89999389648438,141.89999389648438,141.89999389648438,136.58543395996094,0,"Nath Bio-Genes (India), Limited"
2014-12-05,141.89999389648438,141.89999389648438,141.89999389648438,141.89999389648438,136.58543395996094,0,"Nath Bio-Genes (India), Limited"
2014-12-08,139.0,144.9499969482422,139.0,139.75,134.51596069335938,2365,"Nath Bio-Genes (India), Limited"
2014-12-09,139.75,142.0,135.14999389648438,138.5,133.31277465820312,9081,"Nath Bio-Genes (India), Limited"
2014-12-10,139.0,140.0,135.0,137.5,132.3502197265625,3982,"Nath Bio-Genes (India), Limited"
2014-12-11,134.75,139.1999969482422,133.0,135.89999389648438,130.81015014648438,1458,"Nath Bio-Genes (India), Limited"
2014-12-12,135.0,139.3000030517578,135.0,138.85000610351562,133.649658203125,3874,"Nath Bio-Genes (India), Limited"
2014-12-15,131.9499969482422,140.0,131.9499969482422,139.10000610351562,133.8903045654297,3446,"Nath Bio-Genes (India), Limited"
2014-12-16,137.25,137.25,132.14999389648438,132.25,127.29685974121094,3596,"Nath Bio-Genes (India), Limited"
2014-12-17,136.89999389648438,138.8000030517578,125.6999969482422,129.0,124.1685791015625,9450,"Nath Bio-Genes (India), Limited"
2014-12-18,123.0,135.0,123.0,132.0,127.05620574951172,3797,"Nath Bio-Genes (India), Limited"
2014-12-19,131.0,135.0,129.0,133.5,128.50001525878906,10162,"Nath Bio-Genes (India), Limited"
2014-12-22,134.0,139.10000610351562,126.8499984741211,127.5500030517578,122.77288818359376,7320,"Nath Bio-Genes (India), Limited"
2014-12-23,130.6999969482422,133.89999389648438,125.0,127.0500030517578,122.2916030883789,3013,"Nath Bio-Genes (India), Limited"
2014-12-24,130.4499969482422,130.4499969482422,123.0,125.0,120.3183822631836,3432,"Nath Bio-Genes (India), Limited"
2014-12-26,129.0,129.0,125.0,125.6500015258789,120.94403839111328,1011,"Nath Bio-Genes (India), Limited"
2014-12-29,125.5999984741211,130.0,125.5,128.4499969482422,123.63916015625,3398,"Nath Bio-Genes (India), Limited"
2014-12-30,126.0999984741211,131.14999389648438,125.0,128.4499969482422,123.63916015625,7122,"Nath Bio-Genes (India), Limited"
2014-12-31,131.0,131.0,125.0,127.1999969482422,122.43598175048828,3107,"Nath Bio-Genes (India), Limited"
2015-01-01,123.0,133.0,123.0,125.1999969482422,120.5108871459961,6716,"Nath Bio-Genes (India), Limited"
2015-01-02,125.0,131.4499969482422,125.0,131.4499969482422,126.5268096923828,4299,"Nath Bio-Genes (India), Limited"
2015-01-05,134.0,136.0,130.0,130.0,125.13111114501952,3643,"Nath Bio-Genes (India), Limited"
2015-01-06,125.0500030517578,132.8000030517578,125.0,126.75,122.00283813476562,2378,"Nath Bio-Genes (India), Limited"
2015-01-07,125.0500030517578,126.0,123.5999984741211,124.0999984741211,119.45209503173828,2005,"Nath Bio-Genes (India), Limited"
2015-01-08,124.5,130.3000030517578,124.5,128.14999389648438,123.35039520263672,2467,"Nath Bio-Genes (India), Limited"
2015-01-09,133.0,133.0,124.6999969482422,125.5,120.7996597290039,5392,"Nath Bio-Genes (India), Limited"
2015-01-12,129.89999389648438,130.0,123.5,129.0500030517578,124.21670532226562,4000,"Nath Bio-Genes (India), Limited"
2015-01-13,129.35000610351562,129.39999389648438,125.3000030517578,126.1999969482422,121.4734344482422,4183,"Nath Bio-Genes (India), Limited"
2015-01-14,126.0999984741211,129.5,122.9499969482422,125.3499984741211,120.6552734375,4561,"Nath Bio-Genes (India), Limited"
2015-01-15,127.6500015258789,130.5,124.0,125.1999969482422,120.5108871459961,4464,"Nath Bio-Genes (India), Limited"
2015-01-16,121.0,128.0,121.0,127.9000015258789,123.10977172851562,1835,"Nath Bio-Genes (India), Limited"
2015-01-19,123.9499969482422,127.6999969482422,123.9000015258789,125.25,120.55902099609376,8383,"Nath Bio-Genes (India), Limited"
2015-01-20,124.5,127.5500030517578,122.9000015258789,124.3000030517578,119.64459991455078,2631,"Nath Bio-Genes (India), Limited"
2015-01-21,121.0,126.0,121.0,123.0,118.3932876586914,6260,"Nath Bio-Genes (India), Limited"
2015-01-22,121.9000015258789,125.0,121.0,124.0,119.3558349609375,4357,"Nath Bio-Genes (India), Limited"
2015-01-23,121.5,122.0,117.8000030517578,118.1999969482422,113.77306365966795,5670,"Nath Bio-Genes (India), Limited"
2015-01-27,114.0,117.8000030517578,112.3000030517578,114.0,109.73036193847656,3282,"Nath Bio-Genes (India), Limited"
2015-01-28,114.0500030517578,114.0500030517578,108.3000030517578,109.5,105.39889526367188,4882,"Nath Bio-Genes (India), Limited"
2015-01-29,109.0,112.9499969482422,107.5,108.0999984741211,104.05133819580078,1321,"Nath Bio-Genes (India), Limited"
2015-01-30,106.0500030517578,108.9000015258789,104.0999984741211,108.8000030517578,104.7251205444336,5506,"Nath Bio-Genes (India), Limited"
2015-02-02,109.5999984741211,113.8000030517578,103.4000015258789,110.0999984741211,105.97642517089844,4303,"Nath Bio-Genes (India), Limited"
2015-02-03,109.0,112.1999969482422,105.0500030517578,110.5,106.36144256591795,2896,"Nath Bio-Genes (India), Limited"
2015-02-04,105.5,116.0,105.0500030517578,116.0,111.65545654296876,4726,"Nath Bio-Genes (India), Limited"
2015-02-05,121.8000030517578,121.8000030517578,121.8000030517578,121.8000030517578,117.23822784423828,4502,"Nath Bio-Genes (India), Limited"
2015-02-06,127.75,127.8499984741211,125.25,127.8499984741211,123.06163787841795,20660,"Nath Bio-Genes (India), Limited"
2015-02-09,132.0,132.0,121.5,121.5,116.949462890625,6151,"Nath Bio-Genes (India), Limited"
2015-02-10,115.4499969482422,127.5500030517578,115.4499969482422,121.25,116.70882415771484,1940,"Nath Bio-Genes (India), Limited"
2015-02-11,116.5,122.0,116.0999984741211,118.5999984741211,114.1580810546875,1654,"Nath Bio-Genes (India), Limited"
2015-02-12,112.8000030517578,124.5,112.8000030517578,116.0,111.65545654296876,1114,"Nath Bio-Genes (India), Limited"
2015-02-13,115.0,118.8000030517578,114.0,116.0,111.65545654296876,1465,"Nath Bio-Genes (India), Limited"
2015-02-16,119.9000015258789,121.8000030517578,116.0,121.8000030517578,117.23822784423828,7594,"Nath Bio-Genes (India), Limited"
2015-02-18,127.0,127.0,120.0,123.3499984741211,118.7301788330078,19051,"Nath Bio-Genes (India), Limited"
2015-02-19,125.0,129.5,125.0,129.5,124.64984893798828,4756,"Nath Bio-Genes (India), Limited"
2015-02-20,134.5500030517578,135.9499969482422,132.85000610351562,135.9499969482422,130.85826110839844,4518,"Nath Bio-Genes (India), Limited"
2015-02-23,142.6999969482422,142.6999969482422,142.60000610351562,142.6999969482422,137.35546875,5772,"Nath Bio-Genes (India), Limited"
2015-02-24,148.89999389648438,149.8000030517578,139.0,149.8000030517578,144.18954467773438,22795,"Nath Bio-Genes (India), Limited"
2015-02-25,156.6999969482422,156.6999969482422,142.35000610351562,142.60000610351562,137.25921630859375,22910,"Nath Bio-Genes (India), Limited"
2015-02-26,137.10000610351562,140.0,135.5,135.5,130.4251251220703,12925,"Nath Bio-Genes (India), Limited"
2015-02-27,134.64999389648438,142.1999969482422,129.0,130.0,125.13111114501952,3029,"Nath Bio-Genes (India), Limited"
2015-03-02,130.35000610351562,138.39999389648438,127.5999984741211,128.35000610351562,123.5429229736328,2940,"Nath Bio-Genes (India), Limited"
2015-03-03,125.0,134.75,125.0,129.75,124.8904800415039,2741,"Nath Bio-Genes (India), Limited"
2015-03-04,129.85000610351562,133.0,129.0,129.1999969482422,124.36106872558594,3774,"Nath Bio-Genes (India), Limited"
2015-03-05,130.9499969482422,135.64999389648438,128.5,135.64999389648438,130.5695037841797,8656,"Nath Bio-Genes (India), Limited"
2015-03-09,143.0,149.1999969482422,136.1999969482422,144.0,138.60678100585938,35717,"Nath Bio-Genes (India), Limited"
2015-03-10,147.0,147.0,134.10000610351562,137.25,132.10958862304688,11058,"Nath Bio-Genes (India), Limited"
2015-03-11,140.5,140.5,130.1999969482422,134.85000610351562,129.79946899414062,4213,"Nath Bio-Genes (India), Limited"
2015-03-12,135.0,139.85000610351562,131.6999969482422,133.25,128.25938415527344,560,"Nath Bio-Genes (India), Limited"
2015-03-13,132.0,132.9499969482422,122.5999984741211,129.60000610351562,124.74610900878906,7829,"Nath Bio-Genes (India), Limited"
2015-03-16,125.1500015258789,130.0,123.3000030517578,123.8000030517578,119.163330078125,6601,"Nath Bio-Genes (India), Limited"
2015-03-17,120.5500030517578,132.0500030517578,120.5500030517578,124.3000030517578,119.64459991455078,2124,"Nath Bio-Genes (India), Limited"
2015-03-18,127.5999984741211,128.10000610351562,122.1999969482422,125.0999984741211,120.41464233398438,5000,"Nath Bio-Genes (India), Limited"
2015-03-19,126.75,130.75,125.0,125.5,120.7996597290039,2714,"Nath Bio-Genes (India), Limited"
2015-03-20,128.0,128.0,121.0500030517578,122.5999984741211,118.00826263427734,3220,"Nath Bio-Genes (India), Limited"
2015-03-23,122.5999984741211,124.5,115.0,117.75,113.33992004394533,14124,"Nath Bio-Genes (India), Limited"
2015-03-24,119.5999984741211,119.5999984741211,112.0999984741211,113.4000015258789,109.15283966064452,5130,"Nath Bio-Genes (India), Limited"
2015-03-25,112.1500015258789,119.8000030517578,112.1500015258789,115.4499969482422,111.12606048583984,11775,"Nath Bio-Genes (India), Limited"
2015-03-26,115.0,115.0500030517578,112.5,113.0500030517578,108.81595611572266,10172,"Nath Bio-Genes (India), Limited"
2015-03-27,108.1500015258789,117.0,108.0,110.9000015258789,106.74646759033205,20013,"Nath Bio-Genes (India), Limited"
2015-03-30,114.3000030517578,119.6500015258789,112.1500015258789,115.3499984741211,111.02980041503906,2414,"Nath Bio-Genes (India), Limited"
2015-03-31,115.4000015258789,119.0500030517578,114.8000030517578,116.3499984741211,111.99234771728516,5944,"Nath Bio-Genes (India), Limited"
2015-04-01,118.0,122.0500030517578,114.8000030517578,121.5500030517578,116.99759674072266,5798,"Nath Bio-Genes (India), Limited"
2015-04-06,124.9000015258789,133.6999969482422,121.5,133.6999969482422,128.6925506591797,8962,"Nath Bio-Genes (India), Limited"
2015-04-07,145.4499969482422,145.89999389648438,138.10000610351562,139.6999969482422,134.4678192138672,11775,"Nath Bio-Genes (India), Limited"
2015-04-08,135.0500030517578,150.0,135.0500030517578,146.25,140.7725067138672,8891,"Nath Bio-Genes (India), Limited"
2015-04-09,150.0,150.0,136.5500030517578,140.6999969482422,135.4303741455078,7692,"Nath Bio-Genes (India), Limited"
2015-04-10,166.0,166.0,141.0,143.39999389648438,138.0292510986328,4086,"Nath Bio-Genes (India), Limited"
2015-04-13,137.25,163.0,137.1999969482422,157.14999389648438,151.26426696777344,23328,"Nath Bio-Genes (India), Limited"
2015-04-15,164.0,164.8000030517578,154.10000610351562,157.8000030517578,151.8899383544922,13791,"Nath Bio-Genes (India), Limited"
2015-04-16,156.0500030517578,156.0500030517578,146.35000610351562,147.5,141.97569274902344,4802,"Nath Bio-Genes (India), Limited"
2015-04-17,149.10000610351562,150.0,139.0,140.85000610351562,135.5747528076172,9355,"Nath Bio-Genes (India), Limited"
2015-04-20,141.0,144.85000610351562,127.3499984741211,135.85000610351562,130.7620391845703,2469,"Nath Bio-Genes (India), Limited"
2015-04-21,132.25,149.8000030517578,110.0,130.75,125.85301971435548,15437,"Nath Bio-Genes (India), Limited"
2015-04-22,136.5,148.3000030517578,133.0500030517578,139.35000610351562,134.1309356689453,6111,"Nath Bio-Genes (India), Limited"
2015-04-23,141.0,141.0,133.8000030517578,137.8000030517578,132.6389923095703,3004,"Nath Bio-Genes (India), Limited"
2015-04-24,135.0500030517578,139.85000610351562,126.0,128.85000610351562,124.02418518066406,6301,"Nath Bio-Genes (India), Limited"
2015-04-27,138.0,138.0,123.0,124.8000030517578,120.1258773803711,5580,"Nath Bio-Genes (India), Limited"
2015-04-28,127.0,137.5,125.5,126.4499969482422,121.71407318115234,3130,"Nath Bio-Genes (India), Limited"
2015-04-29,126.3000030517578,130.39999389648438,126.0,129.14999389648438,124.3129425048828,2148,"Nath Bio-Genes (India), Limited"
2015-04-30,125.0999984741211,130.8000030517578,121.0,127.5500030517578,122.77288818359376,3873,"Nath Bio-Genes (India), Limited"
2015-05-04,130.25,133.5,125.5999984741211,127.9000015258789,123.10977172851562,4462,"Nath Bio-Genes (India), Limited"
2015-05-05,124.3000030517578,126.4000015258789,124.0,124.6500015258789,119.9814910888672,4315,"Nath Bio-Genes (India), Limited"
2015-05-06,121.1999969482422,128.89999389648438,117.0500030517578,119.9499969482422,115.45752716064452,5785,"Nath Bio-Genes (India), Limited"
2015-05-07,120.0,120.0,113.0,114.0500030517578,109.77849578857422,7682,"Nath Bio-Genes (India), Limited"
2015-05-08,117.0,122.4499969482422,117.0,120.6999969482422,116.17942810058594,4233,"Nath Bio-Genes (India), Limited"
2015-05-11,118.0,123.8499984741211,117.0500030517578,118.8000030517578,114.3505859375,2379,"Nath Bio-Genes (India), Limited"
2015-05-12,120.9000015258789,120.9000015258789,114.1500015258789,115.0999984741211,110.78916931152344,2518,"Nath Bio-Genes (India), Limited"
2015-05-13,115.9499969482422,119.9000015258789,115.9499969482422,117.6999969482422,113.29178619384766,3762,"Nath Bio-Genes (India), Limited"
2015-05-14,117.0,118.0,108.5999984741211,117.75,113.33992004394533,3741,"Nath Bio-Genes (India), Limited"
2015-05-15,117.0,120.9499969482422,115.0,115.3499984741211,111.02980041503906,2062,"Nath Bio-Genes (India), Limited"
2015-05-18,113.5,117.9499969482422,112.0,114.1999969482422,109.92286682128906,4883,"Nath Bio-Genes (India), Limited"
2015-05-19,114.3000030517578,123.8000030517578,114.25,118.8000030517578,114.3505859375,5350,"Nath Bio-Genes (India), Limited"
2015-05-20,119.0,120.9000015258789,115.3499984741211,116.8000030517578,112.42550659179688,2563,"Nath Bio-Genes (India), Limited"
2015-05-21,116.4000015258789,119.5500030517578,116.4000015258789,116.5,112.13673400878906,955,"Nath Bio-Genes (India), Limited"
2015-05-22,115.0,117.6999969482422,113.0,114.25,109.97100067138672,6500,"Nath Bio-Genes (India), Limited"
2015-05-25,112.5500030517578,116.9499969482422,110.0500030517578,111.9000015258789,107.70902252197266,3381,"Nath Bio-Genes (India), Limited"
2015-05-26,112.0,115.0,111.9000015258789,112.0999984741211,107.90152740478516,4573,"Nath Bio-Genes (India), Limited"
2015-05-27,113.0,114.5,110.25,111.8000030517578,107.6127700805664,3039,"Nath Bio-Genes (India), Limited"
2015-05-28,113.0,134.0,113.0,117.75,113.33992004394533,7615,"Nath Bio-Genes (India), Limited"
2015-05-29,116.0,118.4000015258789,115.0,115.0500030517578,110.74104309082033,2076,"Nath Bio-Genes (India), Limited"
2015-06-01,112.0999984741211,112.0999984741211,105.0,109.5500030517578,105.44703674316406,15180,"Nath Bio-Genes (India), Limited"
2015-06-02,107.5500030517578,111.9000015258789,107.0500030517578,109.6999969482422,105.5914077758789,5851,"Nath Bio-Genes (India), Limited"
2015-06-03,105.3499984741211,109.1500015258789,94.0500030517578,98.9499969482422,95.24402618408205,16931,"Nath Bio-Genes (India), Limited"
2015-06-04,99.6999969482422,100.3000030517578,95.0,97.0500030517578,93.41519165039062,8899,"Nath Bio-Genes (India), Limited"
2015-06-05,100.0,102.0,94.5500030517578,97.0,93.3670654296875,3480,"Nath Bio-Genes (India), Limited"
2015-06-08,96.0,99.8000030517578,93.6999969482422,97.5999984741211,93.94459533691406,4939,"Nath Bio-Genes (India), Limited"
2015-06-09,93.4499969482422,104.1999969482422,92.1500015258789,94.8499984741211,91.29759216308594,8496,"Nath Bio-Genes (India), Limited"
2015-06-10,94.5,99.0,94.5,98.1999969482422,94.5221176147461,1000,"Nath Bio-Genes (India), Limited"
2015-06-11,96.5500030517578,102.3000030517578,95.4000015258789,95.5500030517578,91.97137451171876,3504,"Nath Bio-Genes (India), Limited"
2015-06-12,95.1500015258789,99.0,95.1500015258789,97.6999969482422,94.04084777832033,4388,"Nath Bio-Genes (India), Limited"
2015-06-15,101.0,101.0,93.5500030517578,99.8499984741211,96.11032104492188,3824,"Nath Bio-Genes (India), Limited"
2015-06-16,102.25,102.25,95.6999969482422,96.6999969482422,93.07830047607422,572,"Nath Bio-Genes (India), Limited"
2015-06-17,95.5500030517578,102.5500030517578,95.5500030517578,99.8000030517578,96.06219482421876,3293,"Nath Bio-Genes (India), Limited"
2015-06-18,101.9499969482422,103.6500015258789,98.5,102.0500030517578,98.2279281616211,2965,"Nath Bio-Genes (India), Limited"
2015-06-19,100.6500015258789,105.0,98.0,99.8499984741211,96.11032104492188,13562,"Nath Bio-Genes (India), Limited"
2015-06-22,102.0,102.0,100.1500015258789,101.6500015258789,97.84291076660156,9104,"Nath Bio-Genes (India), Limited"
2015-06-23,101.5999984741211,104.0,101.0,101.0500030517578,97.26538848876952,11469,"Nath Bio-Genes (India), Limited"
2015-06-24,102.0,121.25,101.3000030517578,115.0999984741211,110.78916931152344,20603,"Nath Bio-Genes (India), Limited"
2015-06-25,116.5999984741211,118.0,111.0999984741211,114.5,110.21163940429688,8147,"Nath Bio-Genes (India), Limited"
2015-06-26,115.9499969482422,118.0,108.3499984741211,111.3499984741211,107.17961120605467,3773,"Nath Bio-Genes (India), Limited"
2015-06-29,106.1500015258789,113.0,102.0,108.9000015258789,104.82138061523438,4611,"Nath Bio-Genes (India), Limited"
2015-06-30,109.9000015258789,111.8000030517578,107.3499984741211,109.1999969482422,105.11013793945312,4239,"Nath Bio-Genes (India), Limited"
2015-07-01,112.3000030517578,113.9499969482422,108.0,109.0999984741211,105.01387786865234,3674,"Nath Bio-Genes (India), Limited"
2015-07-02,108.5,117.4000015258789,108.5,116.5999984741211,112.23298645019533,13129,"Nath Bio-Genes (India), Limited"
2015-07-03,116.9000015258789,118.0,113.3499984741211,113.6500015258789,109.39346313476562,4416,"Nath Bio-Genes (India), Limited"
2015-07-06,112.6999969482422,118.0,112.0,117.75,113.33992004394533,5937,"Nath Bio-Genes (India), Limited"
2015-07-07,112.5500030517578,121.5,112.5,117.5,113.09928131103516,8844,"Nath Bio-Genes (India), Limited"
2015-07-08,118.0,120.0,114.0500030517578,114.4499969482422,110.16351318359376,8615,"Nath Bio-Genes (India), Limited"
2015-07-09,118.3000030517578,119.5,114.0500030517578,114.8499984741211,110.54853057861328,5749,"Nath Bio-Genes (India), Limited"
2015-07-10,116.0,118.0,114.0999984741211,116.3000030517578,111.94422912597656,3957,"Nath Bio-Genes (India), Limited"
2015-07-13,117.0,117.0,113.0,113.5999984741211,109.34534454345705,3584,"Nath Bio-Genes (India), Limited"
2015-07-14,115.0,115.8000030517578,113.3499984741211,114.5500030517578,110.25977325439452,5436,"Nath Bio-Genes (India), Limited"
2015-07-15,116.4000015258789,116.4000015258789,113.0,114.3000030517578,110.01913452148438,3796,"Nath Bio-Genes (India), Limited"
2015-07-16,110.1999969482422,115.9499969482422,102.0,113.5500030517578,109.29722595214844,8614,"Nath Bio-Genes (India), Limited"
2015-07-17,115.0,118.5,115.0,116.3000030517578,111.94422912597656,3324,"Nath Bio-Genes (India), Limited"
2015-07-20,112.1999969482422,118.8499984741211,110.5,112.3499984741211,108.14216613769533,12141,"Nath Bio-Genes (India), Limited"
2015-07-21,115.0,117.0,106.75,107.75,103.71443939208984,7360,"Nath Bio-Genes (India), Limited"
2015-07-22,109.9499969482422,111.6999969482422,104.9000015258789,107.25,103.2331771850586,3870,"Nath Bio-Genes (India), Limited"
2015-07-23,106.75,111.1999969482422,106.1500015258789,106.9000015258789,102.8962860107422,3950,"Nath Bio-Genes (India), Limited"
2015-07-24,107.0,108.0,105.0,106.5,102.51126861572266,2381,"Nath Bio-Genes (India), Limited"
2015-07-27,103.6999969482422,109.3000030517578,103.0999984741211,106.4000015258789,102.41500854492188,12550,"Nath Bio-Genes (India), Limited"
2015-07-28,107.0999984741211,110.0,105.5,107.6500015258789,103.61819458007812,3389,"Nath Bio-Genes (India), Limited"
2015-07-29,105.0,107.0,100.5,102.8000030517578,98.94984436035156,6723,"Nath Bio-Genes (India), Limited"
2015-07-30,104.0,109.5,101.8000030517578,102.9499969482422,99.0942153930664,10079,"Nath Bio-Genes (India), Limited"
2015-07-31,105.0,112.0,104.0,110.1500015258789,106.02456665039062,11211,"Nath Bio-Genes (India), Limited"
2015-08-03,114.0,116.9499969482422,104.0,107.4000015258789,103.37755584716795,33327,"Nath Bio-Genes (India), Limited"
2015-08-04,110.75,110.9499969482422,106.5999984741211,108.0,103.955078125,22444,"Nath Bio-Genes (India), Limited"
2015-08-05,108.1999969482422,111.5,107.75,108.0,103.955078125,22245,"Nath Bio-Genes (India), Limited"
2015-08-06,107.1500015258789,108.0,105.0,105.4499969482422,101.5005874633789,11026,"Nath Bio-Genes (India), Limited"
2015-08-07,105.0999984741211,107.4499969482422,98.5999984741211,103.8499984741211,99.96050262451172,3427,"Nath Bio-Genes (India), Limited"
2015-08-10,110.5,110.5,100.0,103.6500015258789,99.76800537109376,16339,"Nath Bio-Genes (India), Limited"
2015-08-11,103.0,103.0,99.0,99.0999984741211,95.38841247558594,19085,"Nath Bio-Genes (India), Limited"
2015-08-12,99.0,101.0,95.0,96.3000030517578,92.69328308105467,7888,"Nath Bio-Genes (India), Limited"
2015-08-13,106.9000015258789,106.9000015258789,95.0,95.25,91.68260955810548,6937,"Nath Bio-Genes (India), Limited"
2015-08-14,97.0,101.0,95.5500030517578,100.5,96.7359848022461,5554,"Nath Bio-Genes (India), Limited"
2015-08-17,100.0500030517578,101.0,96.9499969482422,97.1999969482422,93.55957794189452,7182,"Nath Bio-Genes (India), Limited"
2015-08-18,100.9499969482422,100.9499969482422,96.0,96.4499969482422,92.8376693725586,7335,"Nath Bio-Genes (India), Limited"
2015-08-19,97.0,97.5999984741211,94.25,95.5500030517578,91.97137451171876,3941,"Nath Bio-Genes (India), Limited"
2015-08-20,98.6500015258789,98.6500015258789,92.5999984741211,94.0999984741211,90.57568359375,4344,"Nath Bio-Genes (India), Limited"
2015-08-21,93.0999984741211,94.8000030517578,90.0,91.0,87.59178161621094,9460,"Nath Bio-Genes (India), Limited"
2015-08-24,89.9000015258789,89.9000015258789,76.25,83.25,80.13204956054688,7731,"Nath Bio-Genes (India), Limited"
2015-08-25,80.0,99.8000030517578,78.0999984741211,85.0999984741211,81.91275024414062,8666,"Nath Bio-Genes (India), Limited"
2015-08-26,84.0,84.5,69.19999694824219,79.19999694824219,76.23372650146484,14131,"Nath Bio-Genes (India), Limited"
2015-08-27,81.80000305175781,84.0,78.19999694824219,81.80000305175781,78.7363510131836,5152,"Nath Bio-Genes (India), Limited"
2015-08-28,84.5,84.55000305175781,80.19999694824219,81.55000305175781,78.49571228027344,5593,"Nath Bio-Genes (India), Limited"
2015-08-31,81.0999984741211,83.0,79.0,81.0,77.96631622314453,5499,"Nath Bio-Genes (India), Limited"
2015-09-01,82.8499984741211,85.0,75.0,77.0999984741211,74.21237182617188,21504,"Nath Bio-Genes (India), Limited"
2015-09-02,77.0,81.4000015258789,77.0,78.25,75.3193130493164,6325,"Nath Bio-Genes (India), Limited"
2015-09-03,81.69999694824219,82.0999984741211,79.05000305175781,80.8499984741211,77.8219223022461,1933,"Nath Bio-Genes (India), Limited"
2015-09-04,77.0,81.5,75.75,79.0,76.04121398925781,6913,"Nath Bio-Genes (India), Limited"
2015-09-07,77.0,78.0,75.3499984741211,76.80000305175781,73.92361450195312,2648,"Nath Bio-Genes (India), Limited"
2015-09-08,73.4000015258789,76.5,70.19999694824219,72.19999694824219,69.49589538574219,2615,"Nath Bio-Genes (India), Limited"
2015-09-09,70.6500015258789,76.94999694824219,69.94999694824219,71.4000015258789,68.72586059570312,22532,"Nath Bio-Genes (India), Limited"
2015-09-10,72.9000015258789,72.9000015258789,67.5,69.25,66.65638732910156,14557,"Nath Bio-Genes (India), Limited"
2015-09-11,69.30000305175781,73.44999694824219,69.30000305175781,71.1500015258789,68.48522186279297,6326,"Nath Bio-Genes (India), Limited"
2015-09-14,67.1500015258789,73.75,67.1500015258789,70.4000015258789,67.76331329345703,4585,"Nath Bio-Genes (India), Limited"
2015-09-15,69.6500015258789,73.0999984741211,69.5999984741211,72.9000015258789,70.169677734375,5177,"Nath Bio-Genes (India), Limited"
2015-09-16,73.0999984741211,76.30000305175781,73.0999984741211,74.0999984741211,71.32473754882812,4811,"Nath Bio-Genes (India), Limited"
2015-09-18,77.8499984741211,77.9000015258789,71.5999984741211,74.0999984741211,71.32473754882812,4403,"Nath Bio-Genes (India), Limited"
2015-09-21,74.94999694824219,75.0,72.5,74.0,71.22848510742188,5498,"Nath Bio-Genes (India), Limited"
2015-09-22,75.0,75.69999694824219,73.5,74.0,71.22848510742188,2086,"Nath Bio-Genes (India), Limited"
2015-09-23,74.0,74.19999694824219,72.6500015258789,74.0,71.22848510742188,1035,"Nath Bio-Genes (India), Limited"
2015-09-24,72.69999694824219,76.0,72.69999694824219,75.25,72.43167114257812,2168,"Nath Bio-Genes (India), Limited"
2015-09-28,75.30000305175781,75.30000305175781,73.5,74.5,71.70975494384766,3392,"Nath Bio-Genes (India), Limited"
2015-09-29,73.0,75.0,72.05000305175781,74.44999694824219,71.66162109375,51253,"Nath Bio-Genes (India), Limited"
2015-09-30,74.5,80.05000305175781,68.75,77.75,74.8380355834961,8801,"Nath Bio-Genes (India), Limited"
2015-10-01,76.9000015258789,83.0,76.19999694824219,82.55000305175781,79.45826721191406,10494,"Nath Bio-Genes (India), Limited"
2015-10-05,81.0,85.30000305175781,81.0,83.44999694824219,80.32454681396484,9286,"Nath Bio-Genes (India), Limited"
2015-10-06,85.8499984741211,90.0,83.19999694824219,88.69999694824219,85.37792205810547,11351,"Nath Bio-Genes (India), Limited"
2015-10-07,88.9000015258789,96.3499984741211,88.9000015258789,89.80000305175781,86.43672943115234,8903,"Nath Bio-Genes (India), Limited"
2015-10-08,91.5500030517578,91.5500030517578,88.0,89.75,86.38860321044922,5571,"Nath Bio-Genes (India), Limited"
2015-10-09,92.8000030517578,106.3000030517578,92.8000030517578,97.5999984741211,93.94459533691406,46931,"Nath Bio-Genes (India), Limited"
2015-10-12,99.9000015258789,105.9000015258789,98.5500030517578,101.4499969482422,97.65039825439452,29853,"Nath Bio-Genes (India), Limited"
2015-10-13,100.0500030517578,109.0,100.0,106.25,102.2706298828125,17365,"Nath Bio-Genes (India), Limited"
2015-10-14,107.0,109.8000030517578,103.6500015258789,105.3499984741211,101.40432739257812,7304,"Nath Bio-Genes (India), Limited"
2015-10-15,108.0,108.0,100.3000030517578,100.5500030517578,96.78410339355467,5001,"Nath Bio-Genes (India), Limited"
2015-10-16,103.9000015258789,103.9000015258789,98.0,99.5999984741211,95.86968994140624,4592,"Nath Bio-Genes (India), Limited"
2015-10-19,102.0,102.0,96.0,97.8499984741211,94.18523406982422,4301,"Nath Bio-Genes (India), Limited"
2015-10-20,98.0500030517578,102.0,97.0,97.9499969482422,94.28148651123048,10808,"Nath Bio-Genes (India), Limited"
2015-10-21,100.9000015258789,102.0,97.5500030517578,99.1999969482422,95.4846649169922,4699,"Nath Bio-Genes (India), Limited"
2015-10-23,100.9000015258789,102.75,94.3499984741211,96.0,92.40451049804688,11232,"Nath Bio-Genes (India), Limited"
2015-10-26,95.5999984741211,97.9499969482422,95.0999984741211,95.0999984741211,91.5382308959961,3920,"Nath Bio-Genes (India), Limited"
2015-10-27,96.0,100.1999969482422,95.1999969482422,97.4000015258789,93.75208282470705,4978,"Nath Bio-Genes (India), Limited"
2015-10-28,90.05000305175781,91.3000030517578,78.0,78.69999694824219,75.75244903564453,65030,"Nath Bio-Genes (India), Limited"
2015-10-29,78.55000305175781,82.0,77.3499984741211,77.94999694824219,75.0305404663086,15074,"Nath Bio-Genes (India), Limited"
2015-10-30,76.1500015258789,81.0,75.55000305175781,78.30000305175781,75.36743927001953,5907,"Nath Bio-Genes (India), Limited"
2015-11-02,77.5999984741211,79.30000305175781,75.55000305175781,77.5,74.59739685058594,5715,"Nath Bio-Genes (India), Limited"
2015-11-03,76.0,78.0,73.0999984741211,75.1500015258789,72.33541107177734,5657,"Nath Bio-Genes (India), Limited"
2015-11-04,74.5999984741211,77.0,74.19999694824219,75.1500015258789,72.33541107177734,2029,"Nath Bio-Genes (India), Limited"
2015-11-05,74.0,75.0,72.5,72.94999694824219,70.21780395507812,3525,"Nath Bio-Genes (India), Limited"
2015-11-06,72.4000015258789,76.5,71.5,73.6500015258789,70.89158630371094,4102,"Nath Bio-Genes (India), Limited"
2015-11-09,72.5,72.94999694824219,66.25,72.0,69.30339050292969,2099,"Nath Bio-Genes (India), Limited"
2015-11-10,71.30000305175781,72.8499984741211,68.25,70.44999694824219,67.81143188476562,4371,"Nath Bio-Genes (India), Limited"
2015-11-13,72.3499984741211,80.80000305175781,70.4000015258789,78.1500015258789,75.22305297851562,9612,"Nath Bio-Genes (India), Limited"
2015-11-16,78.1500015258789,81.44999694824219,78.0,80.0,77.00376892089844,4382,"Nath Bio-Genes (India), Limited"
2015-11-17,78.1500015258789,80.44999694824219,76.05000305175781,78.0999984741211,75.1749267578125,6605,"Nath Bio-Genes (India), Limited"
2015-11-18,77.4000015258789,79.44999694824219,74.5999984741211,75.05000305175781,72.2391586303711,3427,"Nath Bio-Genes (India), Limited"
2015-11-19,76.5,78.9000015258789,75.55000305175781,76.05000305175781,73.20170593261719,4698,"Nath Bio-Genes (India), Limited"
2015-11-20,78.9000015258789,78.9000015258789,73.0,75.69999694824219,72.86479949951172,4197,"Nath Bio-Genes (India), Limited"
2015-11-23,76.05000305175781,76.75,73.0,74.44999694824219,71.66162109375,6497,"Nath Bio-Genes (India), Limited"
2015-11-24,73.0999984741211,75.4000015258789,72.1500015258789,73.6500015258789,70.89158630371094,1455,"Nath Bio-Genes (India), Limited"
2015-11-26,75.05000305175781,75.44999694824219,73.19999694824219,74.0,71.22848510742188,2767,"Nath Bio-Genes (India), Limited"
2015-11-27,75.19999694824219,79.69999694824219,73.0,75.0999984741211,72.28729248046875,3211,"Nath Bio-Genes (India), Limited"
2015-11-30,75.5,77.9000015258789,74.25,76.1500015258789,73.29795837402344,2694,"Nath Bio-Genes (India), Limited"
2015-12-01,76.0,77.0,74.30000305175781,74.94999694824219,72.14289855957031,4550,"Nath Bio-Genes (India), Limited"
2015-12-02,74.94999694824219,76.4000015258789,74.1500015258789,75.05000305175781,72.2391586303711,4702,"Nath Bio-Genes (India), Limited"
2015-12-03,74.30000305175781,80.05000305175781,74.0,78.69999694824219,75.75244903564453,10314,"Nath Bio-Genes (India), Limited"
2015-12-04,80.55000305175781,80.55000305175781,76.55000305175781,77.69999694824219,74.78990173339844,1549,"Nath Bio-Genes (India), Limited"
2015-12-07,77.55000305175781,77.55000305175781,75.0,76.05000305175781,73.20170593261719,3248,"Nath Bio-Genes (India), Limited"
2015-12-08,76.0,76.19999694824219,74.0,74.0999984741211,71.32473754882812,2013,"Nath Bio-Genes (India), Limited"
2015-12-09,73.05000305175781,75.1500015258789,70.19999694824219,72.0,69.30339050292969,1087,"Nath Bio-Genes (India), Limited"
2015-12-10,70.30000305175781,78.80000305175781,70.19999694824219,73.80000305175781,71.03597259521484,6021,"Nath Bio-Genes (India), Limited"
2015-12-11,73.4000015258789,75.5,73.19999694824219,74.8499984741211,72.0466537475586,2309,"Nath Bio-Genes (India), Limited"
2015-12-14,69.1500015258789,75.0,69.1500015258789,70.19999694824219,67.57080078125,4218,"Nath Bio-Genes (India), Limited"
2015-12-15,72.5,75.0,72.05000305175781,74.25,71.4691162109375,5111,"Nath Bio-Genes (India), Limited"
2015-12-16,78.44999694824219,78.44999694824219,71.6500015258789,73.0,70.26593780517578,5260,"Nath Bio-Genes (India), Limited"
2015-12-17,73.0999984741211,73.94999694824219,72.25,73.5999984741211,70.84346771240234,1540,"Nath Bio-Genes (India), Limited"
2015-12-18,75.5999984741211,76.5,72.5999984741211,73.8499984741211,71.08409881591797,9554,"Nath Bio-Genes (India), Limited"
2015-12-21,76.0999984741211,76.0999984741211,72.9000015258789,74.19999694824219,71.42098236083984,5328,"Nath Bio-Genes (India), Limited"
2015-12-22,73.9000015258789,74.5,73.80000305175781,74.1500015258789,71.37287139892578,1869,"Nath Bio-Genes (India), Limited"
2015-12-23,75.5999984741211,79.5,75.5,78.4000015258789,75.46369171142578,21799,"Nath Bio-Genes (India), Limited"
2015-12-24,80.0,83.80000305175781,79.05000305175781,80.19999694824219,77.1962661743164,18467,"Nath Bio-Genes (India), Limited"
2015-12-28,80.0999984741211,83.9000015258789,78.55000305175781,80.30000305175781,77.29253387451172,13452,"Nath Bio-Genes (India), Limited"
2015-12-29,82.0,83.80000305175781,81.0,81.1500015258789,78.1106948852539,7429,"Nath Bio-Genes (India), Limited"
2015-12-30,80.0999984741211,82.0,78.5999984741211,80.19999694824219,77.1962661743164,3419,"Nath Bio-Genes (India), Limited"
2015-12-31,80.0999984741211,81.44999694824219,77.19999694824219,78.0,75.07867431640625,4601,"Nath Bio-Genes (India), Limited"
2016-01-01,79.0,81.4000015258789,78.44999694824219,79.9000015258789,76.90751647949219,1807,"Nath Bio-Genes (India), Limited"
2016-01-04,81.30000305175781,84.9000015258789,80.0,81.30000305175781,78.25508117675781,16133,"Nath Bio-Genes (India), Limited"
2016-01-05,86.80000305175781,86.80000305175781,75.30000305175781,82.94999694824219,79.84326934814453,7531,"Nath Bio-Genes (India), Limited"
2016-01-06,84.69999694824219,99.5,84.69999694824219,99.5,95.77342987060548,80862,"Nath Bio-Genes (India), Limited"
2016-01-07,103.5,107.8000030517578,96.5500030517578,98.25,94.57025146484376,203396,"Nath Bio-Genes (India), Limited"
2016-01-08,99.0999984741211,114.9499969482422,99.0999984741211,109.4499969482422,105.35076904296876,279707,"Nath Bio-Genes (India), Limited"
2016-01-11,108.0,108.4000015258789,102.0,103.0,99.1423568725586,32228,"Nath Bio-Genes (India), Limited"
2016-01-12,104.0500030517578,106.3000030517578,99.0,99.5999984741211,95.86968994140624,17832,"Nath Bio-Genes (India), Limited"
2016-01-13,100.0,100.8499984741211,81.19999694824219,91.5999984741211,88.16930389404297,40279,"Nath Bio-Genes (India), Limited"
2016-01-14,84.0,91.5,83.9000015258789,85.94999694824219,82.73091888427734,15613,"Nath Bio-Genes (India), Limited"
2016-01-15,86.05000305175781,89.5999984741211,82.5999984741211,85.19999694824219,82.0090103149414,11609,"Nath Bio-Genes (India), Limited"
2016-01-18,82.19999694824219,87.0,76.3499984741211,78.30000305175781,75.36743927001953,50373,"Nath Bio-Genes (India), Limited"
2016-01-19,80.3499984741211,92.25,76.1500015258789,87.9000015258789,84.60789489746094,32574,"Nath Bio-Genes (India), Limited"
2016-01-20,84.0999984741211,88.0,80.1500015258789,81.44999694824219,78.39945220947266,10646,"Nath Bio-Genes (India), Limited"
2016-01-21,84.9000015258789,89.80000305175781,83.19999694824219,84.19999694824219,81.04646301269531,5997,"Nath Bio-Genes (India), Limited"
2016-01-22,86.25,87.0,83.0,83.69999694824219,80.565185546875,11665,"Nath Bio-Genes (India), Limited"
2016-01-25,87.30000305175781,87.9000015258789,83.5,84.0999984741211,80.95020294189453,4160,"Nath Bio-Genes (India), Limited"
2016-01-27,83.05000305175781,87.55000305175781,82.3499984741211,86.25,83.01968383789062,4325,"Nath Bio-Genes (India), Limited"
2016-01-28,88.9000015258789,88.9000015258789,83.0,83.5,80.37268829345703,4027,"Nath Bio-Genes (India), Limited"
2016-01-29,85.0,85.69999694824219,80.19999694824219,82.75,79.65077209472656,4328,"Nath Bio-Genes (India), Limited"
2016-02-01,82.30000305175781,86.05000305175781,80.05000305175781,85.05000305175781,81.86463165283203,5413,"Nath Bio-Genes (India), Limited"
2016-02-02,88.0,88.0,80.4000015258789,81.05000305175781,78.01444244384766,13656,"Nath Bio-Genes (India), Limited"
2016-02-03,80.0,82.0,72.25,77.6500015258789,74.74177551269531,8049,"Nath Bio-Genes (India), Limited"
2016-02-04,81.19999694824219,81.19999694824219,74.0,75.19999694824219,72.38352966308594,4693,"Nath Bio-Genes (India), Limited"
2016-02-05,75.0999984741211,77.8499984741211,72.05000305175781,74.19999694824219,71.42098236083984,3883,"Nath Bio-Genes (India), Limited"
2016-02-08,74.0,77.5,72.30000305175781,74.3499984741211,71.56536865234375,4399,"Nath Bio-Genes (India), Limited"
2016-02-09,74.0,74.9000015258789,69.0,72.75,70.02529907226562,5232,"Nath Bio-Genes (India), Limited"
2016-02-10,70.9000015258789,72.3499984741211,67.9000015258789,68.69999694824219,66.12698364257812,9009,"Nath Bio-Genes (India), Limited"
2016-02-11,69.0,73.25,64.0,65.75,63.28746795654297,18385,"Nath Bio-Genes (India), Limited"
2016-02-12,62.54999923706055,66.80000305175781,59.0,60.5,58.23409652709961,30634,"Nath Bio-Genes (India), Limited"
2016-02-15,60.09999847412109,68.3499984741211,60.09999847412109,65.1500015258789,62.709938049316406,17900,"Nath Bio-Genes (India), Limited"
2016-02-16,66.0,69.9000015258789,63.20000076293945,63.70000076293945,61.31425094604492,5655,"Nath Bio-Genes (India), Limited"
2016-02-17,65.8499984741211,65.9000015258789,60.0,61.29999923706055,59.00413131713867,23919,"Nath Bio-Genes (India), Limited"
2016-02-18,61.54999923706055,64.0,61.5,61.900001525878906,59.5816650390625,5459,"Nath Bio-Genes (India), Limited"
2016-02-19,63.400001525878906,64.05000305175781,62.45000076293945,63.34999847412109,60.977352142333984,2355,"Nath Bio-Genes (India), Limited"
2016-02-22,63.04999923706055,64.9000015258789,62.04999923706055,62.34999847412109,60.01480484008789,2141,"Nath Bio-Genes (India), Limited"
2016-02-23,62.25,73.5999984741211,60.09999847412109,68.1500015258789,65.59758758544922,21765,"Nath Bio-Genes (India), Limited"
2016-02-24,70.0,70.0,64.05000305175781,65.6500015258789,63.19121170043945,6537,"Nath Bio-Genes (India), Limited"
2016-02-25,65.94999694824219,68.30000305175781,64.5999984741211,66.05000305175781,63.57623672485352,2505,"Nath Bio-Genes (India), Limited"
2016-02-26,65.5999984741211,67.30000305175781,63.75,65.44999694824219,62.99870300292969,964,"Nath Bio-Genes (India), Limited"
2016-02-29,64.0,69.0,63.0,66.75,64.25000762939453,3431,"Nath Bio-Genes (India), Limited"
2016-03-01,66.55000305175781,70.80000305175781,65.9000015258789,69.44999694824219,66.84889221191406,8427,"Nath Bio-Genes (India), Limited"
2016-03-02,71.55000305175781,75.0,71.5,73.05000305175781,70.31407165527344,5041,"Nath Bio-Genes (India), Limited"
2016-03-03,78.69999694824219,78.69999694824219,75.44999694824219,77.5,74.59739685058594,5661,"Nath Bio-Genes (India), Limited"
2016-03-04,74.5,78.9000015258789,74.0999984741211,77.5999984741211,74.69365692138672,9900,"Nath Bio-Genes (India), Limited"
2016-03-08,76.0,84.9000015258789,75.1500015258789,81.30000305175781,78.25508117675781,16179,"Nath Bio-Genes (India), Limited"
2016-03-09,79.30000305175781,80.94999694824219,79.25,80.19999694824219,77.1962661743164,2433,"Nath Bio-Genes (India), Limited"
2016-03-10,79.55000305175781,83.0,79.55000305175781,82.75,79.65077209472656,4625,"Nath Bio-Genes (India), Limited"
2016-03-11,83.94999694824219,86.25,81.69999694824219,84.1500015258789,80.99833679199219,6448,"Nath Bio-Genes (India), Limited"
2016-03-14,91.0,91.0,81.25,82.9000015258789,79.79515075683594,2672,"Nath Bio-Genes (India), Limited"
2016-03-15,84.0,84.0999984741211,81.5,82.30000305175781,79.21763610839844,3491,"Nath Bio-Genes (India), Limited"
2016-03-16,85.0,85.0,79.0,79.75,76.76313018798828,5324,"Nath Bio-Genes (India), Limited"
2016-03-17,82.25,82.5,79.5,80.19999694824219,77.1962661743164,7237,"Nath Bio-Genes (India), Limited"
2016-03-18,79.4000015258789,80.8499984741211,72.94999694824219,77.1500015258789,74.26051330566406,24776,"Nath Bio-Genes (India), Limited"
2016-03-21,76.19999694824219,79.69999694824219,74.19999694824219,78.94999694824219,75.99308776855469,1536,"Nath Bio-Genes (India), Limited"
2016-03-22,77.69999694824219,79.80000305175781,76.30000305175781,77.3499984741211,74.45301055908203,837,"Nath Bio-Genes (India), Limited"
2016-03-23,76.75,84.5999984741211,76.5999984741211,82.5,79.4101333618164,20268,"Nath Bio-Genes (India), Limited"
2016-03-28,81.0,82.9000015258789,76.0999984741211,76.75,73.87548828125,6922,"Nath Bio-Genes (India), Limited"
2016-03-29,77.0,78.30000305175781,73.05000305175781,73.9000015258789,71.1322250366211,3102,"Nath Bio-Genes (India), Limited"
2016-03-30,74.1500015258789,79.5999984741211,72.80000305175781,77.30000305175781,74.40489196777344,3445,"Nath Bio-Genes (India), Limited"
2016-03-31,77.0,83.9000015258789,77.0,80.5999984741211,77.58129119873047,3397,"Nath Bio-Genes (India), Limited"
2016-04-01,79.0,84.0,78.05000305175781,82.44999694824219,79.36199951171875,8946,"Nath Bio-Genes (India), Limited"
2016-04-04,86.94999694824219,88.05000305175781,83.30000305175781,83.9000015258789,80.75769805908203,2552,"Nath Bio-Genes (India), Limited"
2016-04-05,82.05000305175781,82.80000305175781,80.19999694824219,81.0,77.96631622314453,5400,"Nath Bio-Genes (India), Limited"
2016-04-06,80.1500015258789,81.94999694824219,80.1500015258789,81.0,77.96631622314453,2086,"Nath Bio-Genes (India), Limited"
2016-04-07,79.5,81.0,78.1500015258789,80.80000305175781,77.7738037109375,1433,"Nath Bio-Genes (India), Limited"
2016-04-08,80.8499984741211,83.0,77.0999984741211,80.19999694824219,77.1962661743164,6633,"Nath Bio-Genes (India), Limited"
2016-04-11,79.0,90.0,76.44999694824219,86.25,83.01968383789062,45426,"Nath Bio-Genes (India), Limited"
2016-04-12,87.80000305175781,99.9499969482422,85.3499984741211,95.9000015258789,92.30826568603516,59591,"Nath Bio-Genes (India), Limited"
2016-04-13,95.0999984741211,102.9499969482422,95.0999984741211,97.0,93.3670654296875,30213,"Nath Bio-Genes (India), Limited"
2016-04-18,102.8000030517578,102.8000030517578,94.0,95.4000015258789,91.82698822021484,7102,"Nath Bio-Genes (India), Limited"
2016-04-20,95.4000015258789,95.5,91.5,92.5,89.03560638427734,3604,"Nath Bio-Genes (India), Limited"
2016-04-21,92.8000030517578,99.0,91.1999969482422,92.0500030517578,88.60246276855469,13224,"Nath Bio-Genes (India), Limited"
2016-04-22,91.1500015258789,92.0,89.0999984741211,91.4000015258789,87.976806640625,4130,"Nath Bio-Genes (India), Limited"
2016-04-25,94.6500015258789,94.6500015258789,87.5,88.5,85.18541717529297,8434,"Nath Bio-Genes (India), Limited"
2016-04-26,87.0,90.9499969482422,87.0,89.4000015258789,86.05170440673828,9014,"Nath Bio-Genes (India), Limited"
2016-04-27,88.80000305175781,90.9000015258789,86.3499984741211,90.4499969482422,87.0623779296875,6058,"Nath Bio-Genes (India), Limited"
2016-04-28,91.0,91.0,87.05000305175781,87.6500015258789,84.36725616455078,10483,"Nath Bio-Genes (India), Limited"
2016-04-29,87.0,89.0,86.0,86.75,83.50094604492188,7039,"Nath Bio-Genes (India), Limited"
2016-05-02,86.1500015258789,90.5,85.8499984741211,88.8499984741211,85.52230834960938,3557,"Nath Bio-Genes (India), Limited"
2016-05-03,92.8000030517578,99.0,90.0999984741211,92.8499984741211,89.37248992919922,7949,"Nath Bio-Genes (India), Limited"
2016-05-04,93.4499969482422,93.5,87.5,88.0999984741211,84.8003921508789,4295,"Nath Bio-Genes (India), Limited"
2016-05-05,90.0,91.9000015258789,87.0,90.0,86.62923431396484,7653,"Nath Bio-Genes (India), Limited"
2016-05-06,88.0999984741211,91.8000030517578,84.5999984741211,85.5999984741211,82.39402770996094,7517,"Nath Bio-Genes (India), Limited"
2016-05-09,86.25,90.5,83.6500015258789,86.0,82.77904510498047,4470,"Nath Bio-Genes (India), Limited"
2016-05-10,85.0,87.0999984741211,83.0999984741211,84.75,81.57586669921875,9196,"Nath Bio-Genes (India), Limited"
2016-05-11,84.0,88.3499984741211,82.0999984741211,85.30000305175781,82.10527038574219,3289,"Nath Bio-Genes (India), Limited"
2016-05-12,85.0,90.0,85.0,87.3499984741211,84.07848358154297,8861,"Nath Bio-Genes (India), Limited"
2016-05-13,86.05000305175781,97.1500015258789,86.05000305175781,91.3000030517578,87.88055419921875,19292,"Nath Bio-Genes (India), Limited"
2016-05-16,94.8000030517578,95.0,88.5,90.4499969482422,87.0623779296875,1793,"Nath Bio-Genes (India), Limited"
2016-05-17,93.8499984741211,93.9000015258789,91.25,92.5,89.03560638427734,6786,"Nath Bio-Genes (India), Limited"
2016-05-18,91.0,92.3000030517578,87.4000015258789,88.94999694824219,85.61856079101562,4214,"Nath Bio-Genes (India), Limited"
2016-05-19,88.05000305175781,91.8000030517578,88.05000305175781,88.30000305175781,84.99291229248047,2514,"Nath Bio-Genes (India), Limited"
2016-05-20,87.55000305175781,88.0,85.69999694824219,87.5999984741211,84.31912231445312,9076,"Nath Bio-Genes (India), Limited"
2016-05-23,87.80000305175781,88.0,85.0,86.0,82.77904510498047,3985,"Nath Bio-Genes (India), Limited"
2016-05-24,85.25,89.5,83.75,84.0,80.85394287109375,8372,"Nath Bio-Genes (India), Limited"
2016-05-25,83.25,88.30000305175781,83.19999694824219,84.4000015258789,81.23897552490234,3070,"Nath Bio-Genes (India), Limited"
2016-05-26,83.05000305175781,87.8499984741211,83.05000305175781,86.5999984741211,83.3565673828125,6825,"Nath Bio-Genes (India), Limited"
2016-05-27,88.5,88.5,85.0,86.0999984741211,82.87530517578125,2052,"Nath Bio-Genes (India), Limited"
2016-05-30,85.0,87.0,84.3499984741211,85.5,82.29776763916016,7876,"Nath Bio-Genes (India), Limited"
2016-05-31,85.05000305175781,90.5999984741211,85.0,88.30000305175781,84.99291229248047,17790,"Nath Bio-Genes (India), Limited"
2016-06-01,87.0,92.0,86.0999984741211,90.3000030517578,86.91801452636719,13025,"Nath Bio-Genes (India), Limited"
2016-06-02,94.0,94.0,86.75,90.25,86.869873046875,3676,"Nath Bio-Genes (India), Limited"
2016-06-03,89.05000305175781,95.0,89.0,93.0500030517578,89.56501007080078,21250,"Nath Bio-Genes (India), Limited"
2016-06-06,92.0,94.9000015258789,87.8499984741211,89.30000305175781,85.95545959472656,9848,"Nath Bio-Genes (India), Limited"
2016-06-07,90.9000015258789,92.8000030517578,90.0,91.1500015258789,87.73616027832031,2371,"Nath Bio-Genes (India), Limited"
2016-06-08,90.0,99.6999969482422,88.5999984741211,95.0999984741211,91.5382308959961,43190,"Nath Bio-Genes (India), Limited"
2016-06-09,97.4499969482422,98.4000015258789,88.5,90.6500015258789,87.25489044189453,8958,"Nath Bio-Genes (India), Limited"
2016-06-10,91.0500030517578,93.6999969482422,90.5999984741211,90.9499969482422,87.54365539550781,6350,"Nath Bio-Genes (India), Limited"
2016-06-13,89.5,91.0,86.0999984741211,90.05000305175781,86.6773681640625,5730,"Nath Bio-Genes (India), Limited"
2016-06-14,91.5,93.8000030517578,91.0,92.1500015258789,88.6987075805664,21182,"Nath Bio-Genes (India), Limited"
2016-06-15,92.0,98.5,92.0,93.8499984741211,90.33504486083984,17738,"Nath Bio-Genes (India), Limited"
2016-06-16,92.0,96.9000015258789,92.0,92.8499984741211,89.37248992919922,7785,"Nath Bio-Genes (India), Limited"
2016-06-17,96.9499969482422,96.9499969482422,89.0,91.0999984741211,87.68803405761719,12470,"Nath Bio-Genes (India), Limited"
2016-06-20,93.0,93.4000015258789,91.0,91.75,88.31369018554688,7417,"Nath Bio-Genes (India), Limited"
2016-06-21,98.9000015258789,98.9000015258789,90.8000030517578,90.9499969482422,87.54365539550781,8870,"Nath Bio-Genes (India), Limited"
2016-06-22,93.5,96.0500030517578,92.4499969482422,94.1999969482422,90.67192840576172,13999,"Nath Bio-Genes (India), Limited"
2016-06-23,94.0500030517578,95.0,90.0999984741211,92.1999969482422,88.74684143066406,3808,"Nath Bio-Genes (India), Limited"
2016-06-24,97.5,97.5,87.4000015258789,91.5500030517578,88.12118530273438,7339,"Nath Bio-Genes (India), Limited"
2016-06-27,91.0,103.5500030517578,90.3000030517578,99.9499969482422,96.20658111572266,22026,"Nath Bio-Genes (India), Limited"
2016-06-28,98.0,102.9000015258789,96.1999969482422,98.3499984741211,94.66650390625,8671,"Nath Bio-Genes (India), Limited"
2016-06-29,101.6500015258789,106.0,97.1999969482422,101.4000015258789,97.6022720336914,24768,"Nath Bio-Genes (India), Limited"
2016-06-30,99.5,104.0,99.5,101.25,97.4578857421875,12630,"Nath Bio-Genes (India), Limited"
2016-07-01,107.0,109.9499969482422,100.0,108.5999984741211,104.53260803222656,40243,"Nath Bio-Genes (India), Limited"
2016-07-04,110.9499969482422,115.8000030517578,107.0999984741211,110.9499969482422,106.79460144042967,39935,"Nath Bio-Genes (India), Limited"
2016-07-05,110.4499969482422,113.0,105.0500030517578,106.6500015258789,102.65564727783205,8826,"Nath Bio-Genes (India), Limited"
2016-07-07,109.5,109.5,104.0500030517578,104.6500015258789,100.73055267333984,12092,"Nath Bio-Genes (India), Limited"
2016-07-08,103.5,105.5,101.0,103.1500015258789,99.28672790527344,12217,"Nath Bio-Genes (India), Limited"
2016-07-11,103.6999969482422,108.8000030517578,102.0,104.6500015258789,100.73055267333984,13008,"Nath Bio-Genes (India), Limited"
2016-07-12,103.0,107.0,100.0,101.0999984741211,97.31350708007812,12837,"Nath Bio-Genes (India), Limited"
2016-07-13,103.0,104.0,100.8499984741211,101.6999969482422,97.89102935791016,6210,"Nath Bio-Genes (India), Limited"
2016-07-14,101.1500015258789,103.8499984741211,101.0500030517578,101.5999984741211,97.79478454589844,5938,"Nath Bio-Genes (India), Limited"
2016-07-15,102.0,102.8000030517578,99.0,100.0500030517578,96.3028335571289,7094,"Nath Bio-Genes (India), Limited"
2016-07-18,100.9000015258789,100.9000015258789,95.0500030517578,95.8499984741211,92.2601318359375,8241,"Nath Bio-Genes (India), Limited"
2016-07-19,96.1999969482422,97.8000030517578,94.8000030517578,95.8499984741211,92.2601318359375,4110,"Nath Bio-Genes (India), Limited"
2016-07-20,97.6999969482422,99.8000030517578,93.0500030517578,97.4499969482422,93.80020904541016,14390,"Nath Bio-Genes (India), Limited"
2016-07-21,98.0,99.0,96.0500030517578,97.0500030517578,93.41519165039062,3916,"Nath Bio-Genes (India), Limited"
2016-07-22,99.6999969482422,113.8000030517578,97.9000015258789,109.1500015258789,105.06201171875,77405,"Nath Bio-Genes (India), Limited"
2016-07-25,115.0,129.39999389648438,109.5,126.5999984741211,121.85845184326172,149083,"Nath Bio-Genes (India), Limited"
2016-07-26,121.0999984741211,133.3000030517578,116.9000015258789,119.75,115.26500701904295,59525,"Nath Bio-Genes (India), Limited"
2016-07-27,120.0,125.0,116.0,121.3499984741211,116.80509185791016,32185,"Nath Bio-Genes (India), Limited"
2016-07-28,123.0,138.89999389648438,123.0,128.4499969482422,123.63916015625,104154,"Nath Bio-Genes (India), Limited"
2016-07-29,126.75,135.89999389648438,122.6999969482422,126.6999969482422,121.95470428466795,95570,"Nath Bio-Genes (India), Limited"
2016-08-01,119.0,119.0,110.0,112.75,108.52718353271484,136854,"Nath Bio-Genes (India), Limited"
2016-08-02,114.0,114.6999969482422,108.0,109.0500030517578,104.96576690673828,31658,"Nath Bio-Genes (India), Limited"
2016-08-03,109.1999969482422,110.4000015258789,105.9499969482422,109.1999969482422,105.11013793945312,23168,"Nath Bio-Genes (India), Limited"
2016-08-04,112.9000015258789,112.9000015258789,100.3000030517578,105.0,101.06744384765624,44714,"Nath Bio-Genes (India), Limited"
2016-08-05,109.0,109.0,102.3499984741211,103.6999969482422,99.81612396240234,20307,"Nath Bio-Genes (India), Limited"
2016-08-08,104.0,107.8000030517578,104.0,104.9499969482422,101.01930236816406,11773,"Nath Bio-Genes (India), Limited"
2016-08-09,109.9000015258789,109.9000015258789,100.0,100.8000030517578,97.02474212646484,29745,"Nath Bio-Genes (India), Limited"
2016-08-10,99.0,104.5999984741211,98.5999984741211,102.25,98.4204330444336,24966,"Nath Bio-Genes (India), Limited"
2016-08-11,102.25,104.0,100.1500015258789,101.6500015258789,97.84291076660156,4916,"Nath Bio-Genes (India), Limited"
2016-08-12,101.1999969482422,104.8000030517578,100.5500030517578,101.4499969482422,97.65039825439452,10235,"Nath Bio-Genes (India), Limited"
2016-08-16,100.5999984741211,102.9499969482422,100.0,101.4000015258789,97.6022720336914,8281,"Nath Bio-Genes (India), Limited"
2016-08-17,100.6999969482422,102.0,100.0500030517578,100.1500015258789,96.39908599853516,4947,"Nath Bio-Genes (India), Limited"
2016-08-18,100.6999969482422,103.8000030517578,100.5500030517578,101.5999984741211,97.79478454589844,10220,"Nath Bio-Genes (India), Limited"
2016-08-19,101.0,109.9000015258789,101.0,108.0500030517578,104.00321197509766,24262,"Nath Bio-Genes (India), Limited"
2016-08-22,108.0999984741211,110.4499969482422,107.0500030517578,107.8000030517578,103.7625732421875,12114,"Nath Bio-Genes (India), Limited"
2016-08-23,107.0500030517578,109.25,107.0500030517578,108.1500015258789,104.0994644165039,5632,"Nath Bio-Genes (India), Limited"
2016-08-24,107.1999969482422,108.0,104.9499969482422,105.8499984741211,101.88560485839844,13631,"Nath Bio-Genes (India), Limited"
2016-08-25,105.0,110.0,103.25,106.5999984741211,102.60751342773438,41465,"Nath Bio-Genes (India), Limited"
2016-08-26,106.0,109.5,105.0500030517578,107.8000030517578,103.7625732421875,9584,"Nath Bio-Genes (India), Limited"
2016-08-29,108.0500030517578,109.0,105.3000030517578,106.0,102.02999114990234,4896,"Nath Bio-Genes (India), Limited"
2016-08-30,105.8499984741211,106.6999969482422,102.4499969482422,104.1999969482422,100.29740142822266,7975,"Nath Bio-Genes (India), Limited"
2016-08-31,105.9499969482422,105.9499969482422,104.0,104.9499969482422,101.01930236816406,7385,"Nath Bio-Genes (India), Limited"
2016-09-01,106.0,106.0,101.0999984741211,101.8499984741211,98.0354232788086,4963,"Nath Bio-Genes (India), Limited"
2016-09-02,101.1999969482422,106.5999984741211,101.1999969482422,105.9499969482422,101.98185729980467,12538,"Nath Bio-Genes (India), Limited"
2016-09-06,108.75,109.0,106.0,106.9000015258789,102.8962860107422,9451,"Nath Bio-Genes (India), Limited"
2016-09-07,108.9499969482422,108.9499969482422,104.5,104.9499969482422,101.01930236816406,7253,"Nath Bio-Genes (India), Limited"
2016-09-08,105.0,107.0,104.0,105.6500015258789,101.69309997558594,10735,"Nath Bio-Genes (India), Limited"
2016-09-09,105.9499969482422,105.9499969482422,102.8000030517578,103.8499984741211,99.96050262451172,4195,"Nath Bio-Genes (India), Limited"
2016-09-12,103.0500030517578,104.0500030517578,100.5,101.9499969482422,98.13166046142578,7424,"Nath Bio-Genes (India), Limited"
2016-09-14,101.0,103.9499969482422,101.0,102.0,98.1798095703125,5006,"Nath Bio-Genes (India), Limited"
2016-09-15,101.75,103.9000015258789,101.3499984741211,102.6500015258789,98.80545806884766,7125,"Nath Bio-Genes (India), Limited"
2016-09-16,102.75,103.9000015258789,100.5500030517578,101.8499984741211,98.0354232788086,7414,"Nath Bio-Genes (India), Limited"
2016-09-19,105.0,105.9000015258789,99.0999984741211,100.0500030517578,96.3028335571289,19206,"Nath Bio-Genes (India), Limited"
2016-09-20,101.4000015258789,101.9000015258789,98.4499969482422,99.9499969482422,96.20658111572266,11057,"Nath Bio-Genes (India), Limited"
2016-09-21,101.5,101.5,96.6999969482422,97.6500015258789,93.9927215576172,22506,"Nath Bio-Genes (India), Limited"
2016-09-22,99.75,99.75,97.0999984741211,97.5,93.8483428955078,1712,"Nath Bio-Genes (India), Limited"
2016-09-23,98.5500030517578,99.9000015258789,96.1999969482422,96.9000015258789,93.27081298828124,6157,"Nath Bio-Genes (India), Limited"
2016-09-26,98.9000015258789,98.9000015258789,97.1500015258789,97.5,93.8483428955078,3189,"Nath Bio-Genes (India), Limited"
2016-09-27,97.75,103.5500030517578,97.0500030517578,102.3499984741211,98.51669311523438,16184,"Nath Bio-Genes (India), Limited"
2016-09-28,104.0,122.8000030517578,103.9499969482422,122.8000030517578,118.2007827758789,243295,"Nath Bio-Genes (India), Limited"
2016-09-29,129.0,132.25,106.0,108.0999984741211,104.05133819580078,247847,"Nath Bio-Genes (India), Limited"
2016-09-30,104.6999969482422,122.8000030517578,104.6999969482422,117.4000015258789,113.00302124023438,134043,"Nath Bio-Genes (India), Limited"
2016-10-03,115.0,124.0,115.0,116.8000030517578,112.42550659179688,28766,"Nath Bio-Genes (India), Limited"
2016-10-04,119.0,122.0,117.5,117.8000030517578,113.3880386352539,28854,"Nath Bio-Genes (India), Limited"
2016-10-05,116.0,121.0,112.4000015258789,114.6999969482422,110.40414428710938,36062,"Nath Bio-Genes (India), Limited"
2016-10-06,117.0,117.5500030517578,114.0,116.0999984741211,111.751708984375,17279,"Nath Bio-Genes (India), Limited"
2016-10-07,115.0,118.8000030517578,113.25,114.1500015258789,109.87474822998048,13968,"Nath Bio-Genes (India), Limited"
2016-10-10,113.0500030517578,124.0,113.0500030517578,121.0500030517578,116.51632690429688,83433,"Nath Bio-Genes (India), Limited"
2016-10-13,120.1999969482422,123.5,116.1999969482422,118.4499969482422,114.01370239257812,31911,"Nath Bio-Genes (India), Limited"
2016-10-14,119.0,124.9499969482422,117.9000015258789,123.4499969482422,118.82643127441406,42850,"Nath Bio-Genes (India), Limited"
2016-10-17,126.0,131.4499969482422,125.5,128.14999389648438,123.35039520263672,42916,"Nath Bio-Genes (India), Limited"
2016-10-18,130.89999389648438,153.75,127.0,153.75,147.9916229248047,214784,"Nath Bio-Genes (India), Limited"
2016-10-19,162.85000610351562,184.5,155.60000610351562,181.8000030517578,174.9910430908203,667637,"Nath Bio-Genes (India), Limited"
2016-10-20,178.0,183.0,167.85000610351562,170.64999389648438,164.25865173339844,205366,"Nath Bio-Genes (India), Limited"
2016-10-21,172.9499969482422,182.8000030517578,165.35000610351562,172.89999389648438,166.42437744140625,105929,"Nath Bio-Genes (India), Limited"
2016-10-24,172.85000610351562,183.5,171.8000030517578,172.64999389648438,166.18373107910156,44325,"Nath Bio-Genes (India), Limited"
2016-10-25,174.60000610351562,175.0,165.1999969482422,167.14999389648438,160.8897247314453,39658,"Nath Bio-Genes (India), Limited"
2016-10-26,166.89999389648438,180.9499969482422,160.0,167.89999389648438,161.6116485595703,114047,"Nath Bio-Genes (India), Limited"
2016-10-27,169.0,175.0,165.0,168.1999969482422,161.90040588378906,32606,"Nath Bio-Genes (India), Limited"
2016-10-28,168.0,176.0,165.0,168.75,162.42982482910156,59844,"Nath Bio-Genes (India), Limited"
2016-11-01,175.9499969482422,176.0,166.0,172.5,166.03936767578125,34903,"Nath Bio-Genes (India), Limited"
2016-11-02,168.0,175.0,166.0,168.25,161.9485321044922,55405,"Nath Bio-Genes (India), Limited"
2016-11-03,168.35000610351562,173.9499969482422,161.1999969482422,163.89999389648438,157.76145935058594,45078,"Nath Bio-Genes (India), Limited"
2016-11-04,167.0500030517578,189.0,164.64999389648438,173.39999389648438,166.90565490722656,454212,"Nath Bio-Genes (India), Limited"
2016-11-07,181.5,201.5,178.0500030517578,192.4499969482422,185.2421875,548229,"Nath Bio-Genes (India), Limited"
2016-11-08,196.0,206.0,192.5500030517578,195.3000030517578,187.9854431152344,170716,"Nath Bio-Genes (India), Limited"
2016-11-09,156.25,183.8000030517578,156.25,178.5500030517578,171.86277770996094,215356,"Nath Bio-Genes (India), Limited"
2016-11-10,186.0,204.6000061035156,186.0,199.3000030517578,191.83563232421875,236471,"Nath Bio-Genes (India), Limited"
2016-11-11,196.8999938964844,208.6499938964844,160.0,186.3500061035156,179.3706512451172,197908,"Nath Bio-Genes (India), Limited"
2016-11-15,181.25,185.4499969482422,149.10000610351562,150.5,144.86334228515625,248677,"Nath Bio-Genes (India), Limited"
2016-11-16,148.8000030517578,159.60000610351562,134.0,139.25,134.03466796875,165843,"Nath Bio-Genes (India), Limited"
2016-11-17,140.0,149.89999389648438,138.0,141.6999969482422,136.39291381835938,83526,"Nath Bio-Genes (India), Limited"
2016-11-18,142.25,148.0,140.5,144.8000030517578,139.37681579589844,39174,"Nath Bio-Genes (India), Limited"
2016-11-21,145.25,148.10000610351562,130.0,135.75,130.665771484375,92313,"Nath Bio-Genes (India), Limited"
2016-11-22,141.9499969482422,143.25,131.0,137.14999389648438,132.01333618164062,23661,"Nath Bio-Genes (India), Limited"
2016-11-23,139.89999389648438,144.64999389648438,134.0,142.25,136.9223175048828,33862,"Nath Bio-Genes (India), Limited"
2016-11-24,139.9499969482422,149.4499969482422,139.25,146.4499969482422,140.9650115966797,36313,"Nath Bio-Genes (India), Limited"
2016-11-25,150.0,168.5500030517578,146.0,160.14999389648438,154.1519012451172,177593,"Nath Bio-Genes (India), Limited"
2016-11-28,160.0,169.35000610351562,159.0,161.0,154.97007751464844,68207,"Nath Bio-Genes (India), Limited"
2016-11-29,161.5500030517578,166.8000030517578,157.0,158.0500030517578,152.1305694580078,26037,"Nath Bio-Genes (India), Limited"
2016-11-30,158.0500030517578,164.89999389648438,157.0,158.25,152.3230743408203,55618,"Nath Bio-Genes (India), Limited"
2016-12-01,159.5,160.0,150.10000610351562,153.25,147.51034545898438,23523,"Nath Bio-Genes (India), Limited"
2016-12-02,153.5,155.0,147.0500030517578,148.1999969482422,142.64947509765625,54554,"Nath Bio-Genes (India), Limited"
2016-12-05,150.0,155.0,145.4499969482422,148.89999389648438,143.3232421875,42480,"Nath Bio-Genes (India), Limited"
2016-12-06,148.85000610351562,154.4499969482422,145.3000030517578,146.60000610351562,141.10939025878906,38538,"Nath Bio-Genes (India), Limited"
2016-12-07,147.60000610351562,150.60000610351562,144.10000610351562,144.5500030517578,139.13616943359375,17149,"Nath Bio-Genes (India), Limited"
2016-12-08,146.89999389648438,152.0,146.0,148.0,142.45697021484375,26178,"Nath Bio-Genes (India), Limited"
2016-12-09,147.10000610351562,149.60000610351562,145.0,145.75,140.29122924804688,27008,"Nath Bio-Genes (India), Limited"
2016-12-12,145.14999389648438,148.64999389648438,143.10000610351562,144.3000030517578,138.89553833007812,23967,"Nath Bio-Genes (India), Limited"
2016-12-13,143.89999389648438,145.5,139.8000030517578,140.9499969482422,135.67100524902344,26542,"Nath Bio-Genes (India), Limited"
2016-12-14,140.3000030517578,146.8000030517578,137.3000030517578,142.14999389648438,136.82606506347656,57375,"Nath Bio-Genes (India), Limited"
2016-12-15,140.0500030517578,146.0,140.0,141.10000610351562,135.8153839111328,15107,"Nath Bio-Genes (India), Limited"
2016-12-16,141.14999389648438,142.9499969482422,139.10000610351562,139.6999969482422,134.4678192138672,16744,"Nath Bio-Genes (India), Limited"
2016-12-19,143.8000030517578,152.1999969482422,141.9499969482422,148.8000030517578,143.22702026367188,83779,"Nath Bio-Genes (India), Limited"
2016-12-20,150.9499969482422,163.3000030517578,150.10000610351562,152.14999389648438,146.45152282714844,153526,"Nath Bio-Genes (India), Limited"
2016-12-21,153.0,158.89999389648438,152.9499969482422,153.8000030517578,148.0397491455078,41519,"Nath Bio-Genes (India), Limited"
2016-12-22,154.60000610351562,157.0,151.10000610351562,151.8000030517578,146.11465454101562,23363,"Nath Bio-Genes (India), Limited"
2016-12-23,152.10000610351562,156.5,125.0999984741211,141.35000610351562,136.0560302734375,75402,"Nath Bio-Genes (India), Limited"
2016-12-26,141.35000610351562,145.0,136.0500030517578,137.3000030517578,132.15769958496094,24186,"Nath Bio-Genes (India), Limited"
2016-12-27,136.9499969482422,141.1999969482422,136.9499969482422,140.1999969482422,134.9490966796875,24692,"Nath Bio-Genes (India), Limited"
2016-12-28,140.5,146.89999389648438,140.0,141.25,135.95977783203125,23505,"Nath Bio-Genes (India), Limited"
2016-12-29,139.14999389648438,146.8000030517578,139.14999389648438,144.64999389648438,139.23243713378906,25483,"Nath Bio-Genes (India), Limited"
2016-12-30,144.0500030517578,152.5,144.0500030517578,148.5,142.938232421875,52658,"Nath Bio-Genes (India), Limited"
2017-01-02,148.9499969482422,152.0,146.60000610351562,150.4499969482422,144.81521606445312,33196,"Nath Bio-Genes (India), Limited"
2017-01-03,151.4499969482422,167.1999969482422,149.5,162.75,156.654541015625,217042,"Nath Bio-Genes (India), Limited"
2017-01-04,163.75,170.0,160.10000610351562,161.75,155.69198608398438,116818,"Nath Bio-Genes (India), Limited"
2017-01-05,163.6999969482422,171.8000030517578,160.0,165.35000610351562,159.15716552734375,122493,"Nath Bio-Genes (India), Limited"
2017-01-06,165.60000610351562,169.0,160.10000610351562,162.3000030517578,156.2213897705078,39355,"Nath Bio-Genes (India), Limited"
2017-01-09,164.25,165.5,161.0,161.85000610351562,155.7882537841797,18646,"Nath Bio-Genes (India), Limited"
2017-01-10,163.14999389648438,166.0,162.0,162.75,156.654541015625,11399,"Nath Bio-Genes (India), Limited"
2017-01-11,164.64999389648438,170.35000610351562,163.0,165.8000030517578,159.59030151367188,30799,"Nath Bio-Genes (India), Limited"
2017-01-12,167.0500030517578,167.5,161.60000610351562,162.4499969482422,156.36575317382812,16294,"Nath Bio-Genes (India), Limited"
2017-01-13,163.3000030517578,164.9499969482422,160.5,161.3000030517578,155.25885009765625,16972,"Nath Bio-Genes (India), Limited"
2017-01-16,162.35000610351562,166.89999389648438,162.0,164.4499969482422,158.2908477783203,22640,"Nath Bio-Genes (India), Limited"
2017-01-17,163.6999969482422,166.0500030517578,163.0,164.1999969482422,158.0502166748047,18336,"Nath Bio-Genes (India), Limited"
2017-01-18,163.35000610351562,165.85000610351562,162.60000610351562,163.3000030517578,157.18394470214844,9715,"Nath Bio-Genes (India), Limited"
2017-01-19,164.6999969482422,164.8000030517578,162.0,162.25,156.1732635498047,7992,"Nath Bio-Genes (India), Limited"
2017-01-20,161.1999969482422,164.8000030517578,160.1999969482422,160.8000030517578,154.77757263183594,12671,"Nath Bio-Genes (India), Limited"
2017-01-23,162.9499969482422,162.9499969482422,155.10000610351562,161.64999389648438,155.59571838378906,23604,"Nath Bio-Genes (India), Limited"
2017-01-24,161.0,164.60000610351562,157.0500030517578,158.85000610351562,152.90060424804688,28320,"Nath Bio-Genes (India), Limited"
2017-01-25,157.39999389648438,162.60000610351562,157.1999969482422,161.5500030517578,155.49948120117188,25455,"Nath Bio-Genes (India), Limited"
2017-01-27,162.89999389648438,163.64999389648438,158.1999969482422,158.64999389648438,152.7080841064453,15172,"Nath Bio-Genes (India), Limited"
2017-01-30,169.89999389648438,169.89999389648438,156.3000030517578,157.0500030517578,151.16802978515625,36614,"Nath Bio-Genes (India), Limited"
2017-01-31,156.9499969482422,157.85000610351562,151.25,152.8000030517578,147.07717895507812,27403,"Nath Bio-Genes (India), Limited"
2017-02-01,154.85000610351562,156.1999969482422,144.39999389648438,150.3000030517578,144.6708221435547,28789,"Nath Bio-Genes (India), Limited"
2017-02-02,149.5500030517578,154.0,148.9499969482422,149.85000610351562,144.2376708984375,19568,"Nath Bio-Genes (India), Limited"
2017-02-03,150.0,154.0,148.0,151.5,145.8258819580078,27201,"Nath Bio-Genes (India), Limited"
2017-02-06,150.64999389648438,169.39999389648438,150.64999389648438,165.5,159.30154418945312,144813,"Nath Bio-Genes (India), Limited"
2017-02-07,165.9499969482422,167.3000030517578,157.5500030517578,159.0500030517578,153.09310913085938,27383,"Nath Bio-Genes (India), Limited"
2017-02-08,158.60000610351562,164.8000030517578,156.0,157.75,151.841796875,20632,"Nath Bio-Genes (India), Limited"
2017-02-09,160.1999969482422,163.89999389648438,157.0,159.39999389648438,153.42999267578125,24485,"Nath Bio-Genes (India), Limited"
2017-02-10,159.3000030517578,159.3000030517578,153.89999389648438,154.8000030517578,149.00228881835938,24793,"Nath Bio-Genes (India), Limited"
2017-02-13,154.5,157.5500030517578,154.0,155.25,149.4354248046875,6693,"Nath Bio-Genes (India), Limited"
2017-02-14,154.39999389648438,155.5,152.14999389648438,152.3000030517578,146.59591674804688,10138,"Nath Bio-Genes (India), Limited"
2017-02-15,152.0,154.9499969482422,148.10000610351562,148.85000610351562,143.275146484375,12071,"Nath Bio-Genes (India), Limited"
2017-02-16,150.0,152.60000610351562,146.25,147.85000610351562,142.3125762939453,9973,"Nath Bio-Genes (India), Limited"
2017-02-17,148.5,151.89999389648438,146.10000610351562,147.14999389648438,141.6387939453125,27334,"Nath Bio-Genes (India), Limited"
2017-02-20,151.89999389648438,161.85000610351562,148.5500030517578,159.0500030517578,153.09310913085938,101874,"Nath Bio-Genes (India), Limited"
2017-02-21,159.9499969482422,163.5,154.39999389648438,156.1999969482422,150.349853515625,36487,"Nath Bio-Genes (India), Limited"
2017-02-22,156.60000610351562,164.5,143.9499969482422,158.10000610351562,152.17869567871094,141500,"Nath Bio-Genes (India), Limited"
2017-02-23,159.0,160.60000610351562,153.14999389648438,156.3000030517578,150.44610595703125,19405,"Nath Bio-Genes (India), Limited"
2017-02-27,155.0,164.0,147.10000610351562,162.1999969482422,156.1251220703125,169200,"Nath Bio-Genes (India), Limited"
2017-02-28,163.5,164.0,160.0,162.35000610351562,156.26951599121094,17871,"Nath Bio-Genes (India), Limited"
2017-03-01,164.75,165.0,157.25,160.1999969482422,154.20001220703125,12643,"Nath Bio-Genes (India), Limited"
2017-03-02,159.89999389648438,161.0,155.25,156.1999969482422,150.349853515625,9457,"Nath Bio-Genes (India), Limited"
2017-03-03,155.0,159.6999969482422,155.0,156.64999389648438,150.78297424316406,11850,"Nath Bio-Genes (India), Limited"
2017-03-06,155.0,160.39999389648438,154.1999969482422,158.35000610351562,152.41932678222656,18962,"Nath Bio-Genes (India), Limited"
2017-03-07,157.0,157.6999969482422,147.3000030517578,151.4499969482422,145.77774047851562,206054,"Nath Bio-Genes (India), Limited"
2017-03-08,152.0,156.0,150.64999389648438,154.75,148.9541473388672,50958,"Nath Bio-Genes (India), Limited"
2017-03-09,155.85000610351562,157.0,152.0500030517578,152.5500030517578,146.8365478515625,21192,"Nath Bio-Genes (India), Limited"
2017-03-10,154.0,154.0,150.5,152.4499969482422,146.7403106689453,13065,"Nath Bio-Genes (India), Limited"
2017-03-14,154.1999969482422,157.89999389648438,151.60000610351562,151.85000610351562,146.16278076171875,11675,"Nath Bio-Genes (India), Limited"
2017-03-15,153.75,153.8000030517578,148.60000610351562,149.85000610351562,144.2376708984375,27063,"Nath Bio-Genes (India), Limited"
2017-03-16,149.3000030517578,154.0,148.89999389648438,152.0500030517578,146.3552703857422,40419,"Nath Bio-Genes (India), Limited"
2017-03-17,152.0,155.64999389648438,151.1999969482422,153.10000610351562,147.36595153808594,35182,"Nath Bio-Genes (India), Limited"
2017-03-20,153.14999389648438,156.0,151.5,152.6999969482422,146.98094177246094,12385,"Nath Bio-Genes (India), Limited"
2017-03-21,152.5,154.4499969482422,142.5,150.4499969482422,144.81521606445312,28475,"Nath Bio-Genes (India), Limited"
2017-03-22,150.0,150.39999389648438,147.0,148.5500030517578,142.9863739013672,14647,"Nath Bio-Genes (India), Limited"
2017-03-23,148.14999389648438,156.0,146.60000610351562,152.0500030517578,146.3552703857422,26158,"Nath Bio-Genes (India), Limited"
2017-03-24,152.89999389648438,154.8000030517578,150.60000610351562,152.35000610351562,146.64405822753906,17919,"Nath Bio-Genes (India), Limited"
2017-03-27,153.35000610351562,154.0,149.10000610351562,150.25,144.62271118164062,20514,"Nath Bio-Genes (India), Limited"
2017-03-28,153.39999389648438,153.39999389648438,149.10000610351562,149.60000610351562,143.99703979492188,21109,"Nath Bio-Genes (India), Limited"
2017-03-29,150.9499969482422,151.0,148.0,148.85000610351562,143.275146484375,25264,"Nath Bio-Genes (India), Limited"
2017-03-30,150.10000610351562,151.89999389648438,148.0,149.60000610351562,143.99703979492188,14637,"Nath Bio-Genes (India), Limited"
2017-03-31,150.10000610351562,151.0,146.1999969482422,148.14999389648438,142.60134887695312,26045,"Nath Bio-Genes (India), Limited"
2017-04-03,150.89999389648438,157.39999389648438,150.89999389648438,153.60000610351562,147.84722900390625,42953,"Nath Bio-Genes (India), Limited"
2017-04-05,153.89999389648438,157.0,153.89999389648438,155.35000610351562,149.5316925048828,41780,"Nath Bio-Genes (India), Limited"
2017-04-06,156.0,167.89999389648438,153.10000610351562,159.35000610351562,153.3818817138672,244248,"Nath Bio-Genes (India), Limited"
2017-04-07,156.0,191.1999969482422,152.14999389648438,191.1499938964844,183.9908599853516,1359300,"Nath Bio-Genes (India), Limited"
2017-04-10,198.3999938964844,216.8000030517578,197.1000061035156,201.5,193.95323181152344,1098496,"Nath Bio-Genes (India), Limited"
2017-04-11,203.0,211.6999969482422,193.0,202.6499938964844,195.06016540527344,350245,"Nath Bio-Genes (India), Limited"
2017-04-12,204.0,208.0,192.3000030517578,194.1499938964844,186.8784942626953,145007,"Nath Bio-Genes (India), Limited"
2017-04-13,193.0,214.0,193.0,206.8500061035156,199.1028594970703,266439,"Nath Bio-Genes (India), Limited"
2017-04-17,207.1000061035156,212.6000061035156,203.1000061035156,205.6000061035156,197.89968872070312,107225,"Nath Bio-Genes (India), Limited"
2017-04-18,208.3000030517578,212.75,201.0,202.6499938964844,195.06016540527344,73025,"Nath Bio-Genes (India), Limited"
2017-04-19,205.3500061035156,209.9499969482422,199.6499938964844,204.3500061035156,196.6964874267578,58842,"Nath Bio-Genes (India), Limited"
2017-04-20,205.9499969482422,206.0500030517578,195.3000030517578,202.5500030517578,194.9639129638672,28939,"Nath Bio-Genes (India), Limited"
2017-04-21,204.0,225.0,199.5500030517578,218.25,210.0758819580078,671988,"Nath Bio-Genes (India), Limited"
2017-04-24,221.8000030517578,228.3999938964844,216.9499969482422,218.8500061035156,210.65342712402344,228424,"Nath Bio-Genes (India), Limited"
2017-04-25,219.0,223.0,209.0,210.25,202.3755340576172,118174,"Nath Bio-Genes (India), Limited"
2017-04-26,210.1499938964844,219.8000030517578,204.0,207.0500030517578,199.29537963867188,111252,"Nath Bio-Genes (India), Limited"
2017-04-27,208.6000061035156,210.0,204.6499938964844,206.0,198.2847137451172,53414,"Nath Bio-Genes (India), Limited"
2017-04-28,206.1000061035156,210.4499969482422,199.5,202.0,194.4345092773437,51601,"Nath Bio-Genes (India), Limited"
2017-05-02,203.0500030517578,210.0,203.0500030517578,205.0500030517578,197.3702850341797,58019,"Nath Bio-Genes (India), Limited"
2017-05-03,206.8999938964844,210.0,202.0,203.8000030517578,196.1670837402344,23440,"Nath Bio-Genes (India), Limited"
2017-05-04,204.75,219.3999938964844,203.8000030517578,214.1999969482422,206.1775665283203,146354,"Nath Bio-Genes (India), Limited"
2017-05-05,215.3999938964844,233.8999938964844,211.75,222.3000030517578,213.9742126464844,498667,"Nath Bio-Genes (India), Limited"
2017-05-08,224.0,231.6499938964844,221.3000030517578,222.8000030517578,214.4555053710937,129310,"Nath Bio-Genes (India), Limited"
2017-05-09,224.0,226.8999938964844,211.4499969482422,212.75,204.78189086914065,103803,"Nath Bio-Genes (India), Limited"
2017-05-10,213.8500061035156,219.4499969482422,212.6499938964844,214.0500030517578,206.033203125,54570,"Nath Bio-Genes (India), Limited"
2017-05-11,215.0,227.0,214.8000030517578,219.1499938964844,210.9421844482422,173869,"Nath Bio-Genes (India), Limited"
2017-05-12,219.6000061035156,221.3500061035156,212.6000061035156,216.5500030517578,208.4395751953125,70893,"Nath Bio-Genes (India), Limited"
2017-05-15,217.6000061035156,228.3999938964844,216.6999969482422,226.6999969482422,218.2094268798828,202627,"Nath Bio-Genes (India), Limited"
2017-05-16,227.8999938964844,228.0500030517578,220.1000061035156,220.6999969482422,212.4341278076172,75371,"Nath Bio-Genes (India), Limited"
2017-05-17,221.6000061035156,228.0,219.0,223.8999938964844,215.5142822265625,161530,"Nath Bio-Genes (India), Limited"
2017-05-18,221.4499969482422,234.5,220.0,223.3999938964844,215.0330047607422,263651,"Nath Bio-Genes (India), Limited"
2017-05-19,224.1499938964844,229.5,221.0,222.75,214.4073638916016,84284,"Nath Bio-Genes (India), Limited"
2017-05-22,223.8999938964844,227.8999938964844,217.0500030517578,217.5,209.35397338867188,36770,"Nath Bio-Genes (India), Limited"
2017-05-23,218.25,219.3500061035156,205.4499969482422,212.9499969482422,204.97439575195312,66106,"Nath Bio-Genes (India), Limited"
2017-05-24,216.0,216.0500030517578,198.1499938964844,201.8500061035156,194.29014587402344,100563,"Nath Bio-Genes (India), Limited"
2017-05-25,204.9499969482422,208.0,202.0,205.4499969482422,197.7553100585937,34411,"Nath Bio-Genes (India), Limited"
2017-05-26,206.9499969482422,223.3500061035156,206.9499969482422,220.0500030517578,211.8085021972656,132743,"Nath Bio-Genes (India), Limited"
2017-05-29,220.0,221.8000030517578,211.0,211.75,203.81935119628903,44256,"Nath Bio-Genes (India), Limited"
2017-05-30,212.9499969482422,219.0,210.0,212.3000030517578,204.3487548828125,31656,"Nath Bio-Genes (India), Limited"
2017-05-31,213.5500030517578,224.8000030517578,213.0,220.75,212.4822540283203,98854,"Nath Bio-Genes (India), Limited"
2017-06-01,220.0,255.3000030517578,220.0,249.3999938964844,240.0592193603516,1231024,"Nath Bio-Genes (India), Limited"
2017-06-02,250.0,297.75,245.1499938964844,286.3500061035156,275.6253356933594,2049139,"Nath Bio-Genes (India), Limited"
2017-06-05,290.5,308.0,286.0,290.0,279.138671875,860840,"Nath Bio-Genes (India), Limited"
2017-06-06,291.45001220703125,299.95001220703125,278.6000061035156,281.3500061035156,270.8125915527344,378166,"Nath Bio-Genes (India), Limited"
2017-06-07,283.75,291.8500061035156,283.04998779296875,288.3500061035156,277.5504455566406,159714,"Nath Bio-Genes (India), Limited"
2017-06-08,293.0,319.79998779296875,285.79998779296875,312.20001220703125,300.5071716308594,862200,"Nath Bio-Genes (India), Limited"
2017-06-09,314.0,330.6499938964844,310.0,323.25,311.1433410644531,578324,"Nath Bio-Genes (India), Limited"
2017-06-12,323.5,343.6499938964844,320.20001220703125,332.54998779296875,320.094970703125,429162,"Nath Bio-Genes (India), Limited"
2017-06-13,335.0,340.0,320.0,322.3500061035156,310.2770690917969,246519,"Nath Bio-Genes (India), Limited"
2017-06-14,324.6000061035156,327.5,315.1499938964844,324.0,311.8652648925781,144729,"Nath Bio-Genes (India), Limited"
2017-06-15,325.0,342.0,325.0,334.95001220703125,322.4051513671875,296868,"Nath Bio-Genes (India), Limited"
2017-06-16,336.1000061035156,345.3500061035156,330.75,333.1499938964844,320.6725158691406,223114,"Nath Bio-Genes (India), Limited"
2017-06-19,335.8999938964844,338.8999938964844,328.75,333.29998779296875,320.8169250488281,114682,"Nath Bio-Genes (India), Limited"
2017-06-20,333.29998779296875,334.0,325.0,326.8999938964844,314.6566162109375,89819,"Nath Bio-Genes (India), Limited"
2017-06-21,326.5,345.0,320.04998779296875,341.79998779296875,328.99859619140625,308287,"Nath Bio-Genes (India), Limited"
2017-06-22,345.70001220703125,353.6000061035156,336.6000061035156,338.29998779296875,325.629638671875,185667,"Nath Bio-Genes (India), Limited"
2017-06-23,339.0,339.0,324.0,331.75,319.32501220703125,109812,"Nath Bio-Genes (India), Limited"
2017-06-27,333.8500061035156,334.79998779296875,314.5,321.8500061035156,309.7958068847656,98314,"Nath Bio-Genes (India), Limited"
2017-06-28,320.70001220703125,325.5,312.3999938964844,316.29998779296875,304.45361328125,68417,"Nath Bio-Genes (India), Limited"
2017-06-29,319.3500061035156,328.0,316.8999938964844,318.95001220703125,307.00439453125,55898,"Nath Bio-Genes (India), Limited"
2017-06-30,318.75,326.95001220703125,315.6499938964844,319.8999938964844,307.9187927246094,56852,"Nath Bio-Genes (India), Limited"
2017-07-03,320.20001220703125,336.8999938964844,320.20001220703125,328.75,316.4373474121094,118483,"Nath Bio-Genes (India), Limited"
2017-07-04,330.79998779296875,335.79998779296875,321.29998779296875,322.45001220703125,310.3733215332031,61361,"Nath Bio-Genes (India), Limited"
2017-07-05,322.45001220703125,338.5,322.45001220703125,334.0,321.4907531738281,115425,"Nath Bio-Genes (India), Limited"
2017-07-06,335.95001220703125,367.3999938964844,335.95001220703125,367.3999938964844,353.6397705078125,444525,"Nath Bio-Genes (India), Limited"
2017-07-07,375.0,404.1000061035156,374.0,387.0,372.5057067871094,883638,"Nath Bio-Genes (India), Limited"
2017-07-10,390.0,407.0,382.0,398.7999877929688,383.8637390136719,90937,"Nath Bio-Genes (India), Limited"
2017-07-11,400.3500061035156,437.0,399.0,426.3500061035156,410.3819580078125,617572,"Nath Bio-Genes (India), Limited"
2017-07-12,430.0,432.8999938964844,405.0499877929688,405.0499877929688,389.8796691894531,226657,"Nath Bio-Genes (India), Limited"
2017-07-13,390.8500061035156,401.8500061035156,384.7999877929688,384.8500061035156,370.4362487792969,222749,"Nath Bio-Genes (India), Limited"
2017-07-14,380.0499877929688,404.0,375.1000061035156,383.3500061035156,368.9924011230469,160947,"Nath Bio-Genes (India), Limited"
2017-07-17,388.0,401.0,385.1499938964844,395.5499877929688,380.7354431152344,131414,"Nath Bio-Genes (India), Limited"
2017-07-18,393.75,404.7000122070313,384.75,390.0,375.3933715820313,99230,"Nath Bio-Genes (India), Limited"
2017-07-19,391.25,399.7999877929688,389.25,393.9500122070313,379.1954040527344,83573,"Nath Bio-Genes (India), Limited"
2017-07-20,395.0,397.8500061035156,389.2000122070313,391.1499938964844,376.5002746582031,56244,"Nath Bio-Genes (India), Limited"
2017-07-21,392.25,404.7000122070313,391.1000061035156,398.2999877929688,383.3824768066406,127764,"Nath Bio-Genes (India), Limited"
2017-07-24,398.2999877929688,418.2000122070313,398.25,417.7000122070313,402.0559387207031,204686,"Nath Bio-Genes (India), Limited"
2017-07-25,422.0,430.0,415.0,417.25,401.6227722167969,122004,"Nath Bio-Genes (India), Limited"
2017-07-26,417.0,432.5,417.0,422.6000061035156,406.77239990234375,172346,"Nath Bio-Genes (India), Limited"
2017-07-27,424.8999938964844,429.0,412.0,416.0499877929688,400.4676818847656,84381,"Nath Bio-Genes (India), Limited"
2017-07-28,412.0,418.8999938964844,401.0,402.25,387.1845703125,70526,"Nath Bio-Genes (India), Limited"
2017-07-31,396.0,404.7999877929688,390.1000061035156,398.2999877929688,383.3824768066406,98581,"Nath Bio-Genes (India), Limited"
2017-08-01,400.3500061035156,402.9500122070313,378.3999938964844,378.75,364.564697265625,168581,"Nath Bio-Genes (India), Limited"
2017-08-02,378.0,384.0,359.8500061035156,381.2000122070313,366.92291259765625,190349,"Nath Bio-Genes (India), Limited"
2017-08-03,381.3500061035156,384.2000122070313,368.0499877929688,371.3999938964844,357.4899597167969,68887,"Nath Bio-Genes (India), Limited"
2017-08-04,373.0,389.9500122070313,368.0,389.9500122070313,375.34521484375,111758,"Nath Bio-Genes (India), Limited"
2017-08-07,397.7999877929688,422.0,396.9500122070313,404.3500061035156,389.2058715820313,357663,"Nath Bio-Genes (India), Limited"
2017-08-08,404.8999938964844,406.3999938964844,368.6499938964844,378.2999877929688,364.1315612792969,172088,"Nath Bio-Genes (India), Limited"
2017-08-09,375.0,381.8500061035156,361.5,363.5,349.8858337402344,90621,"Nath Bio-Genes (India), Limited"
2017-08-10,361.0,368.0,326.1000061035156,337.70001220703125,325.0521545410156,121595,"Nath Bio-Genes (India), Limited"
2017-08-11,322.29998779296875,354.25,306.0,330.29998779296875,317.9292907714844,162458,"Nath Bio-Genes (India), Limited"
2017-08-14,335.0,354.70001220703125,335.0,345.45001220703125,332.51190185546875,59216,"Nath Bio-Genes (India), Limited"
2017-08-16,346.0,359.70001220703125,346.0,349.95001220703125,336.8433532714844,74323,"Nath Bio-Genes (India), Limited"
2017-08-17,347.0,355.0,343.5,348.79998779296875,335.7364196777344,47314,"Nath Bio-Genes (India), Limited"
2017-08-18,350.0,407.5,347.45001220703125,400.3500061035156,385.3557434082031,472376,"Nath Bio-Genes (India), Limited"
2017-08-21,398.1000061035156,409.2999877929688,380.1000061035156,383.6499938964844,369.2811584472656,224266,"Nath Bio-Genes (India), Limited"
2017-08-22,388.0,396.0,372.1499938964844,375.6000061035156,361.53265380859375,83945,"Nath Bio-Genes (India), Limited"
2017-08-23,378.0,393.7999877929688,377.3500061035156,389.1499938964844,374.5751647949219,68004,"Nath Bio-Genes (India), Limited"
2017-08-24,389.2000122070313,409.0,385.6499938964844,394.6499938964844,379.86920166015625,178136,"Nath Bio-Genes (India), Limited"
2017-08-28,393.6000061035156,397.1499938964844,375.0,376.5499877929688,362.4470825195313,89613,"Nath Bio-Genes (India), Limited"
2017-08-29,377.0,394.8999938964844,377.0,381.2000122070313,366.92291259765625,127716,"Nath Bio-Genes (India), Limited"
2017-08-30,382.1499938964844,404.0,381.1000061035156,397.5,382.6124572753906,259310,"Nath Bio-Genes (India), Limited"
2017-08-31,393.0,401.0,386.2000122070313,396.75,381.8905334472656,265315,"Nath Bio-Genes (India), Limited"
2017-09-01,397.0,399.5,388.2000122070313,390.6000061035156,375.9708862304688,110130,"Nath Bio-Genes (India), Limited"
2017-09-04,391.8500061035156,397.0,381.0,386.2000122070313,371.7356872558594,101552,"Nath Bio-Genes (India), Limited"
2017-09-05,386.0499877929688,398.0,382.5,396.5,381.64990234375,141787,"Nath Bio-Genes (India), Limited"
2017-09-06,392.0499877929688,408.9500122070313,392.0,404.0499877929688,388.9171142578125,191644,"Nath Bio-Genes (India), Limited"
2017-09-07,404.25,408.8999938964844,392.5,394.1000061035156,379.3398132324219,73327,"Nath Bio-Genes (India), Limited"
2017-09-08,396.8500061035156,404.8999938964844,388.0,391.1000061035156,376.4521484375,94316,"Nath Bio-Genes (India), Limited"
2017-09-11,394.9500122070313,396.3500061035156,388.2000122070313,391.7999877929688,377.1259460449219,54850,"Nath Bio-Genes (India), Limited"
2017-09-12,393.0499877929688,431.6000061035156,391.0,425.8500061035156,409.9006652832031,654247,"Nath Bio-Genes (India), Limited"
2017-09-13,430.0,458.8999938964844,422.1499938964844,429.5499877929688,413.4620971679688,863232,"Nath Bio-Genes (India), Limited"
2017-09-14,436.2000122070313,443.8999938964844,424.0,428.3999938964844,412.3551330566406,224815,"Nath Bio-Genes (India), Limited"
2017-09-15,424.5,432.0,418.4500122070313,422.1499938964844,406.3392028808594,114844,"Nath Bio-Genes (India), Limited"
2017-09-18,425.0,433.8999938964844,418.4500122070313,421.4500122070313,405.66546630859375,122652,"Nath Bio-Genes (India), Limited"
2017-09-19,423.7999877929688,429.7000122070313,414.0,417.8500061035156,402.2002868652344,87254,"Nath Bio-Genes (India), Limited"
2017-09-20,418.0,425.9500122070313,409.0,410.9500122070313,395.5587158203125,76474,"Nath Bio-Genes (India), Limited"
2017-09-21,414.8999938964844,417.4500122070313,401.6499938964844,404.8999938964844,389.73529052734375,99462,"Nath Bio-Genes (India), Limited"
2017-09-22,403.6000061035156,403.6000061035156,381.0,384.5499877929688,370.1474609375,86543,"Nath Bio-Genes (India), Limited"
2017-09-25,380.2999877929688,382.0,361.5,373.25,359.27069091796875,96588,"Nath Bio-Genes (India), Limited"
2017-09-26,370.0499877929688,387.7000122070313,368.9500122070313,380.3999938964844,366.1529235839844,116389,"Nath Bio-Genes (India), Limited"
2017-09-27,380.6499938964844,386.7000122070313,362.0,365.0499877929688,351.3778076171875,57204,"Nath Bio-Genes (India), Limited"
2017-09-28,366.3500061035156,374.7000122070313,359.0,371.8500061035156,357.9231262207031,45802,"Nath Bio-Genes (India), Limited"
2017-09-29,372.8999938964844,403.7999877929688,365.0499877929688,392.8500061035156,378.1365966796875,198507,"Nath Bio-Genes (India), Limited"
2017-10-03,400.0,409.0,392.5,394.6499938964844,379.86920166015625,132836,"Nath Bio-Genes (India), Limited"
2017-10-04,396.7999877929688,402.5,390.0499877929688,398.5,383.5750122070313,113470,"Nath Bio-Genes (India), Limited"
2017-10-05,401.0,403.2000122070313,391.7999877929688,394.6000061035156,379.8210754394531,66888,"Nath Bio-Genes (India), Limited"
2017-10-06,396.25,398.4500122070313,388.3500061035156,391.5,376.8371887207031,59343,"Nath Bio-Genes (India), Limited"
2017-10-09,393.3999938964844,399.8999938964844,387.5,390.4500122070313,375.8265075683594,56223,"Nath Bio-Genes (India), Limited"
2017-10-10,392.5,424.8999938964844,390.1000061035156,416.8999938964844,401.2858581542969,418774,"Nath Bio-Genes (India), Limited"
2017-10-11,419.2999877929688,424.0,396.2000122070313,403.5,388.3877258300781,143195,"Nath Bio-Genes (India), Limited"
2017-10-12,404.8999938964844,417.5,404.8999938964844,408.8500061035156,393.5373840332031,88125,"Nath Bio-Genes (India), Limited"
2017-10-13,410.9500122070313,411.5,398.0,399.7000122070313,384.7300720214844,63711,"Nath Bio-Genes (India), Limited"
2017-10-16,414.0,430.5,405.0,417.1000061035156,401.4783630371094,245091,"Nath Bio-Genes (India), Limited"
2017-10-17,420.25,420.25,400.0499877929688,403.4500122070313,388.3396301269531,96194,"Nath Bio-Genes (India), Limited"
2017-10-18,403.5,414.7000122070313,402.0,405.3999938964844,390.2165832519531,57874,"Nath Bio-Genes (India), Limited"
2017-10-19,408.0,411.8500061035156,405.2000122070313,409.2000122070313,393.874267578125,27429,"Nath Bio-Genes (India), Limited"
2017-10-23,406.1000061035156,414.0,399.6499938964844,408.9500122070313,393.6336364746094,58342,"Nath Bio-Genes (India), Limited"
2017-10-24,412.3500061035156,415.0,406.0499877929688,408.5499877929688,393.2485961914063,54180,"Nath Bio-Genes (India), Limited"
2017-10-25,409.9500122070313,412.5,398.0499877929688,400.7000122070313,385.6925964355469,51898,"Nath Bio-Genes (India), Limited"
2017-10-26,400.1000061035156,407.5,399.0499877929688,401.6000061035156,386.5588989257813,54968,"Nath Bio-Genes (India), Limited"
2017-10-27,408.5,440.0,408.5,428.25,412.2107849121094,717319,"Nath Bio-Genes (India), Limited"
2017-10-30,434.7999877929688,443.9500122070313,425.0,434.3999938964844,418.1304321289063,384099,"Nath Bio-Genes (India), Limited"
2017-10-31,435.1000061035156,439.9500122070313,420.0499877929688,422.3999938964844,406.5798645019531,110103,"Nath Bio-Genes (India), Limited"
2017-11-01,424.9500122070313,431.8999938964844,418.0,419.7999877929688,404.07720947265625,66245,"Nath Bio-Genes (India), Limited"
2017-11-02,418.2999877929688,424.9500122070313,411.6000061035156,415.3500061035156,399.7939147949219,93706,"Nath Bio-Genes (India), Limited"
2017-11-03,417.5,417.5,407.7999877929688,409.6499938964844,394.3074035644531,76276,"Nath Bio-Genes (India), Limited"
2017-11-06,410.0,449.1000061035156,405.0499877929688,428.3500061035156,412.30706787109375,416623,"Nath Bio-Genes (India), Limited"
2017-11-07,429.1000061035156,433.0,410.0,411.8500061035156,396.4250183105469,109543,"Nath Bio-Genes (India), Limited"
2017-11-08,416.3999938964844,417.0,396.0,401.8999938964844,386.84765625,95529,"Nath Bio-Genes (India), Limited"
2017-11-09,404.2999877929688,414.75,399.0,405.1499938964844,389.9759521484375,73495,"Nath Bio-Genes (India), Limited"
2017-11-10,404.6499938964844,409.9500122070313,393.7999877929688,396.3999938964844,381.55364990234375,48497,"Nath Bio-Genes (India), Limited"
2017-11-13,399.9500122070313,403.9500122070313,390.1000061035156,391.5,376.8371887207031,53234,"Nath Bio-Genes (India), Limited"
2017-11-14,390.0499877929688,437.0,390.0499877929688,428.8999938964844,412.83642578125,373003,"Nath Bio-Genes (India), Limited"
2017-11-15,430.5,430.5,402.5,406.4500122070313,391.2272644042969,121359,"Nath Bio-Genes (India), Limited"
2017-11-16,409.0,419.75,408.1000061035156,411.3999938964844,395.9918518066406,60022,"Nath Bio-Genes (India), Limited"
2017-11-17,414.8500061035156,439.7999877929688,414.8500061035156,431.2999877929688,415.1465759277344,292206,"Nath Bio-Genes (India), Limited"
2017-11-20,435.3999938964844,479.0,428.5,474.2000122070313,456.4398193359375,669281,"Nath Bio-Genes (India), Limited"
2017-11-21,481.9500122070313,491.9500122070313,460.2000122070313,466.2999877929688,448.835693359375,358241,"Nath Bio-Genes (India), Limited"
2017-11-22,470.9500122070313,471.75,456.9500122070313,462.1000061035156,444.7929992675781,85846,"Nath Bio-Genes (India), Limited"
2017-11-23,465.8999938964844,482.75,450.0499877929688,465.2999877929688,447.8731384277344,200749,"Nath Bio-Genes (India), Limited"
2017-11-24,467.0499877929688,483.3999938964844,457.7999877929688,463.2999877929688,445.9480590820313,176470,"Nath Bio-Genes (India), Limited"
2017-11-27,466.5499877929688,473.0,456.2999877929688,461.0499877929688,443.7823486328125,85814,"Nath Bio-Genes (India), Limited"
2017-11-28,461.6000061035156,469.2000122070313,453.9500122070313,456.5,439.4027404785156,68652,"Nath Bio-Genes (India), Limited"
2017-11-29,458.0,483.0,457.0,475.7999877929688,457.9798889160156,142353,"Nath Bio-Genes (India), Limited"
2017-11-30,470.0,474.7000122070313,461.0,464.0,446.621826171875,87764,"Nath Bio-Genes (India), Limited"
2017-12-01,467.9500122070313,480.0,455.0,458.9500122070313,441.760986328125,90762,"Nath Bio-Genes (India), Limited"
2017-12-04,460.0,487.7000122070313,460.0,468.25,450.7126770019531,267985,"Nath Bio-Genes (India), Limited"
2017-12-05,469.9500122070313,482.0,461.3999938964844,478.3999938964844,460.4825134277344,108753,"Nath Bio-Genes (India), Limited"
2017-12-06,476.8500061035156,484.0,462.3999938964844,466.0499877929688,448.5950622558594,122544,"Nath Bio-Genes (India), Limited"
2017-12-07,469.9500122070313,484.0,467.0,479.2999877929688,461.3488159179688,139454,"Nath Bio-Genes (India), Limited"
2017-12-08,483.3500061035156,486.6499938964844,468.0,469.25,451.67523193359375,109202,"Nath Bio-Genes (India), Limited"
2017-12-11,466.4500122070313,480.0,465.0499877929688,467.0,449.5094604492188,86193,"Nath Bio-Genes (India), Limited"
2017-12-12,469.8999938964844,474.3500061035156,461.0,464.1000061035156,446.7180786132813,67854,"Nath Bio-Genes (India), Limited"
2017-12-13,466.1000061035156,471.75,447.1000061035156,450.8500061035156,433.9643249511719,83635,"Nath Bio-Genes (India), Limited"
2017-12-14,453.0,456.5,431.6499938964844,445.6499938964844,428.9590759277344,86618,"Nath Bio-Genes (India), Limited"
2017-12-15,449.9500122070313,460.8999938964844,436.1499938964844,438.8999938964844,422.4619140625,132719,"Nath Bio-Genes (India), Limited"
2017-12-18,439.5,459.0,371.5,443.6000061035156,426.9858703613281,108239,"Nath Bio-Genes (India), Limited"
2017-12-19,446.2000122070313,456.9500122070313,443.5,446.25,429.53662109375,61306,"Nath Bio-Genes (India), Limited"
2017-12-20,449.4500122070313,462.9500122070313,444.0,452.8500061035156,435.8894348144531,135146,"Nath Bio-Genes (India), Limited"
2017-12-21,455.0,472.8999938964844,453.0,466.1499938964844,448.6912841796875,236874,"Nath Bio-Genes (India), Limited"
2017-12-22,468.8999938964844,473.0,452.5,458.8999938964844,441.7128601074219,100393,"Nath Bio-Genes (India), Limited"
2017-12-26,455.5,468.8999938964844,455.5,466.1000061035156,448.6431884765625,64484,"Nath Bio-Genes (India), Limited"
2017-12-27,470.6000061035156,474.8500061035156,457.0,460.0,442.7716369628906,65676,"Nath Bio-Genes (India), Limited"
2017-12-28,464.9500122070313,469.9500122070313,457.5,459.5499877929688,442.3384704589844,73741,"Nath Bio-Genes (India), Limited"
2017-12-29,463.1000061035156,468.9500122070313,459.0,464.25,446.8624877929688,62737,"Nath Bio-Genes (India), Limited"
2018-01-01,467.8999938964844,474.5,460.5499877929688,463.25,445.8999328613281,79159,"Nath Bio-Genes (India), Limited"
2018-01-02,463.8500061035156,467.0,454.1000061035156,460.5499877929688,443.3010559082031,67232,"Nath Bio-Genes (India), Limited"
2018-01-03,464.5,497.5,461.0499877929688,486.5499877929688,468.3272705078125,766941,"Nath Bio-Genes (India), Limited"
2018-01-04,486.2999877929688,509.0,482.5,486.6000061035156,468.3753967285156,637047,"Nath Bio-Genes (India), Limited"
2018-01-05,487.5499877929688,493.8999938964844,481.0,483.7999877929688,465.6802673339844,118109,"Nath Bio-Genes (India), Limited"
2018-01-08,498.0,502.3999938964844,486.0,488.5499877929688,470.2523498535156,147779,"Nath Bio-Genes (India), Limited"
2018-01-09,490.9500122070313,498.1000061035156,483.9500122070313,495.7000122070313,477.1345825195313,177719,"Nath Bio-Genes (India), Limited"
2018-01-10,499.7000122070313,536.0999755859375,494.0,503.25,484.40179443359375,631069,"Nath Bio-Genes (India), Limited"
2018-01-11,500.25,515.0,494.9500122070313,496.8500061035156,478.2415161132813,170029,"Nath Bio-Genes (India), Limited"
2018-01-12,499.0,528.7000122070312,494.0499877929688,524.1500244140625,504.5190734863281,486023,"Nath Bio-Genes (India), Limited"
2018-01-15,528.7999877929688,548.9500122070312,528.0,544.25,523.8662109375,280912,"Nath Bio-Genes (India), Limited"
2018-01-16,548.7999877929688,552.5999755859375,521.5,528.2000122070312,508.4173278808594,223310,"Nath Bio-Genes (India), Limited"
2018-01-17,529.9000244140625,553.0,525.0,547.9000244140625,527.379638671875,301665,"Nath Bio-Genes (India), Limited"
2018-01-18,550.0,551.9500122070312,531.0999755859375,539.5,519.2941284179688,218960,"Nath Bio-Genes (India), Limited"
2018-01-19,535.0,547.0,530.0999755859375,538.7999877929688,518.620361328125,164023,"Nath Bio-Genes (India), Limited"
2018-01-22,539.9000244140625,548.9500122070312,501.0,537.1500244140625,517.0322265625,165026,"Nath Bio-Genes (India), Limited"
2018-01-23,533.0,549.0,533.0,545.9000244140625,525.4544677734375,144495,"Nath Bio-Genes (India), Limited"
2018-01-24,545.9000244140625,546.5,535.5,543.4000244140625,523.0481567382812,62831,"Nath Bio-Genes (India), Limited"
2018-01-25,543.4000244140625,565.5,540.0999755859375,558.5,537.58251953125,277964,"Nath Bio-Genes (India), Limited"
2018-01-29,560.0999755859375,561.3499755859375,531.0,534.25,514.2407836914062,117113,"Nath Bio-Genes (India), Limited"
2018-01-30,534.7999877929688,537.9000244140625,523.6500244140625,532.25,512.315673828125,86121,"Nath Bio-Genes (India), Limited"
2018-01-31,525.0499877929688,538.5,511.2000122070313,525.0,505.3371887207031,95884,"Nath Bio-Genes (India), Limited"
2018-02-01,525.0,542.4000244140625,513.0999755859375,522.9000244140625,503.3159484863281,126277,"Nath Bio-Genes (India), Limited"
2018-02-02,519.0,519.0,490.0,490.7999877929688,472.4180908203125,122022,"Nath Bio-Genes (India), Limited"
2018-02-05,470.0,522.7000122070312,470.0,500.6000061035156,481.85107421875,98957,"Nath Bio-Genes (India), Limited"
2018-02-06,480.0,491.3999938964844,471.5,481.2999877929688,463.27392578125,83591,"Nath Bio-Genes (India), Limited"
2018-02-07,486.0,499.0,481.1000061035156,483.25,465.15087890625,34002,"Nath Bio-Genes (India), Limited"
2018-02-08,493.7999877929688,503.5,485.0499877929688,501.9500122070313,483.1505126953125,131288,"Nath Bio-Genes (India), Limited"
2018-02-09,499.0,508.3999938964844,484.0,498.7000122070313,480.022216796875,52121,"Nath Bio-Genes (India), Limited"
2018-02-12,507.6499938964844,513.0,501.9500122070313,504.25,485.3643493652344,52256,"Nath Bio-Genes (India), Limited"
2018-02-14,508.0,515.0,503.0,509.1000061035156,490.0327453613281,50567,"Nath Bio-Genes (India), Limited"
2018-02-15,518.9500122070312,538.4500122070312,506.0,513.5999755859375,494.3641357421875,138291,"Nath Bio-Genes (India), Limited"
2018-02-16,519.0,524.0,490.0,496.7999877929688,478.193359375,73467,"Nath Bio-Genes (India), Limited"
2018-02-19,498.0,498.0,478.5,489.3999938964844,471.0705261230469,42603,"Nath Bio-Genes (India), Limited"
2018-02-20,489.75,496.8500061035156,484.0,492.5,474.054443359375,41742,"Nath Bio-Genes (India), Limited"
2018-02-21,495.5499877929688,496.9500122070313,489.0,495.1000061035156,476.55706787109375,46701,"Nath Bio-Genes (India), Limited"
2018-02-22,489.75,492.0499877929688,484.9500122070313,488.6499938964844,470.3486633300781,26438,"Nath Bio-Genes (India), Limited"
2018-02-23,488.0,494.0,486.3500061035156,488.7000122070313,470.3967590332031,26187,"Nath Bio-Genes (India), Limited"
2018-02-26,497.0,497.0,485.0,487.25,469.0010681152344,20124,"Nath Bio-Genes (India), Limited"
2018-02-27,485.2000122070313,488.5,473.9500122070313,476.3999938964844,458.5574340820313,49011,"Nath Bio-Genes (India), Limited"
2018-02-28,476.4500122070313,485.0,475.0,476.3999938964844,458.5574340820313,20108,"Nath Bio-Genes (India), Limited"
2018-03-01,480.75,482.8999938964844,472.1000061035156,473.0499877929688,455.3328857421875,26902,"Nath Bio-Genes (India), Limited"
2018-03-05,474.6000061035156,476.3999938964844,469.0,470.0499877929688,452.4452209472656,18160,"Nath Bio-Genes (India), Limited"
2018-03-06,475.0,478.5,453.0499877929688,457.2000122070313,440.0765380859375,37451,"Nath Bio-Genes (India), Limited"
2018-03-07,457.2000122070313,457.2000122070313,423.0,439.6000061035156,423.1357116699219,80294,"Nath Bio-Genes (India), Limited"
2018-03-08,440.6499938964844,457.8999938964844,428.0,454.0499877929688,437.0444641113281,110141,"Nath Bio-Genes (India), Limited"
2018-03-09,456.0,463.0,443.1499938964844,446.8999938964844,430.1622619628906,59798,"Nath Bio-Genes (India), Limited"
2018-03-12,450.8500061035156,453.5499877929688,442.25,445.8500061035156,429.1516418457031,23693,"Nath Bio-Genes (India), Limited"
2018-03-13,445.1499938964844,456.7000122070313,440.2999877929688,443.5499877929688,426.937744140625,62941,"Nath Bio-Genes (India), Limited"
2018-03-14,442.2000122070313,447.1499938964844,437.0,443.2999877929688,426.6971130371094,19052,"Nath Bio-Genes (India), Limited"
2018-03-15,441.1000061035156,450.0,441.0,445.25,428.5740661621094,18696,"Nath Bio-Genes (India), Limited"
2018-03-16,445.2999877929688,450.3999938964844,432.7999877929688,437.7000122070313,421.3068542480469,30662,"Nath Bio-Genes (India), Limited"
2018-03-19,432.75,437.9500122070313,405.0,411.8999938964844,396.4731140136719,91691,"Nath Bio-Genes (India), Limited"
2018-03-20,400.7000122070313,427.0,400.7000122070313,423.7999877929688,407.9274291992188,134102,"Nath Bio-Genes (India), Limited"
2018-03-21,425.4500122070313,433.7000122070313,417.5,419.6499938964844,403.9328918457031,25038,"Nath Bio-Genes (India), Limited"
2018-03-22,420.8999938964844,426.0,407.1499938964844,414.8999938964844,399.3607482910156,117607,"Nath Bio-Genes (India), Limited"
2018-03-23,401.5499877929688,414.3999938964844,391.0,409.9500122070313,394.59619140625,33061,"Nath Bio-Genes (India), Limited"
2018-03-26,433.8999938964844,433.8999938964844,401.0,406.5499877929688,391.3234558105469,54822,"Nath Bio-Genes (India), Limited"
2018-03-27,408.0499877929688,419.8500061035156,405.0,414.6000061035156,399.072021484375,53894,"Nath Bio-Genes (India), Limited"
2018-03-28,414.5499877929688,423.0,406.6000061035156,411.1000061035156,395.7030944824219,29981,"Nath Bio-Genes (India), Limited"
2018-04-02,423.3500061035156,427.5,403.6000061035156,425.7000122070313,409.75628662109375,25185,"Nath Bio-Genes (India), Limited"
2018-04-03,426.0499877929688,440.5,422.25,438.8500061035156,422.4137878417969,40341,"Nath Bio-Genes (India), Limited"
2018-04-04,446.8999938964844,448.2999877929688,428.0,430.0499877929688,413.943359375,37032,"Nath Bio-Genes (India), Limited"
2018-04-05,436.5,516.0499877929688,431.3500061035156,504.3500061035156,485.4606018066406,857112,"Nath Bio-Genes (India), Limited"
2018-04-06,503.8999938964844,555.0,499.5,542.2999877929688,521.9892578125,594828,"Nath Bio-Genes (India), Limited"
2018-04-09,539.7999877929688,549.7999877929688,528.0,536.7999877929688,516.6952514648438,156274,"Nath Bio-Genes (India), Limited"
2018-04-10,537.0499877929688,575.0,536.8499755859375,546.4000244140625,525.935791015625,289496,"Nath Bio-Genes (India), Limited"
2018-04-11,551.7000122070312,552.9000244140625,531.3499755859375,538.6500244140625,518.47607421875,92893,"Nath Bio-Genes (India), Limited"
2018-04-12,535.0,566.9500122070312,531.0,541.0499877929688,520.7860717773438,290514,"Nath Bio-Genes (India), Limited"
2018-04-13,545.0499877929688,554.7999877929688,540.0,541.4500122070312,521.1710815429688,144265,"Nath Bio-Genes (India), Limited"
2018-04-16,538.7000122070312,555.75,530.4000244140625,543.5999755859375,523.2406005859375,70596,"Nath Bio-Genes (India), Limited"
2018-04-17,546.0499877929688,554.2999877929688,542.5999755859375,545.0,524.5880737304688,40904,"Nath Bio-Genes (India), Limited"
2018-04-18,545.7000122070312,551.2000122070312,527.8499755859375,529.25,509.427978515625,72397,"Nath Bio-Genes (India), Limited"
2018-04-19,532.9500122070312,539.9500122070312,525.0,532.0999755859375,512.1712646484375,45695,"Nath Bio-Genes (India), Limited"
2018-04-20,532.2000122070312,543.9000244140625,528.5,537.7999877929688,517.6578369140625,34234,"Nath Bio-Genes (India), Limited"
2018-04-23,537.7999877929688,547.7000122070312,525.0999755859375,529.3499755859375,509.5242919921875,48962,"Nath Bio-Genes (India), Limited"
2018-04-24,531.0,538.0999755859375,522.5499877929688,527.75,507.9841613769531,60322,"Nath Bio-Genes (India), Limited"
2018-04-25,525.5499877929688,541.9000244140625,515.0999755859375,519.4500122070312,499.9950866699219,73335,"Nath Bio-Genes (India), Limited"
2018-04-26,522.3499755859375,528.9000244140625,515.0,518.5,499.0806579589844,41062,"Nath Bio-Genes (India), Limited"
2018-04-27,523.0499877929688,540.0,521.5999755859375,532.1500244140625,512.2194213867188,86633,"Nath Bio-Genes (India), Limited"
2018-04-30,536.7999877929688,563.0,531.2000122070312,560.5,539.5076293945312,242993,"Nath Bio-Genes (India), Limited"
2018-05-02,563.9000244140625,580.0,541.25,544.6500244140625,524.2512817382812,179140,"Nath Bio-Genes (India), Limited"
2018-05-03,529.9000244140625,545.9500122070312,522.25,530.5999755859375,510.7274475097656,48434,"Nath Bio-Genes (India), Limited"
2018-05-04,533.5,546.0,531.5,534.5999755859375,514.5776977539062,33165,"Nath Bio-Genes (India), Limited"
2018-05-07,530.0499877929688,564.4000244140625,530.0499877929688,561.75,540.7108764648438,91154,"Nath Bio-Genes (India), Limited"
2018-05-08,564.9500122070312,573.9500122070312,552.0,564.7000122070312,543.55029296875,114267,"Nath Bio-Genes (India), Limited"
2018-05-09,562.3499755859375,572.5999755859375,558.0,560.4000244140625,539.411376953125,194625,"Nath Bio-Genes (India), Limited"
2018-05-10,565.5,585.0,552.7999877929688,563.5499877929688,542.443359375,186038,"Nath Bio-Genes (India), Limited"
2018-05-11,568.9000244140625,568.9000244140625,555.0,558.4000244140625,537.4862670898438,46583,"Nath Bio-Genes (India), Limited"
2018-05-14,559.2999877929688,563.75,538.0,540.5,520.2566528320312,30518,"Nath Bio-Genes (India), Limited"
2018-05-15,540.8499755859375,548.5,529.0,531.6500244140625,511.7381591796875,29644,"Nath Bio-Genes (India), Limited"
2018-05-16,523.9000244140625,537.3499755859375,523.0499877929688,527.75,507.9841613769531,16752,"Nath Bio-Genes (India), Limited"
2018-05-17,524.6500244140625,537.9000244140625,522.6500244140625,525.1500244140625,505.4816284179688,23309,"Nath Bio-Genes (India), Limited"
2018-05-18,526.0,534.5499877929688,503.0,505.2000122070313,486.2787780761719,34643,"Nath Bio-Genes (India), Limited"
2018-05-21,522.9500122070312,523.0,465.1000061035156,487.6000061035156,469.33795166015625,50841,"Nath Bio-Genes (India), Limited"
2018-05-22,489.7999877929688,500.5,481.0,493.0,474.5357055664063,18089,"Nath Bio-Genes (India), Limited"
2018-05-23,497.9500122070313,507.7999877929688,487.0499877929688,490.3500061035156,471.9849853515625,28871,"Nath Bio-Genes (India), Limited"
2018-05-24,494.7999877929688,500.7000122070313,485.0,485.8500061035156,467.6535034179688,55085,"Nath Bio-Genes (India), Limited"
2018-05-25,485.0,495.3999938964844,482.0499877929688,493.0499877929688,474.5838317871094,21612,"Nath Bio-Genes (India), Limited"
2018-05-28,493.5,508.2999877929688,493.5,499.75,481.0329284667969,18939,"Nath Bio-Genes (India), Limited"
2018-05-29,500.0,522.25,495.1000061035156,508.6000061035156,489.5514526367188,28725,"Nath Bio-Genes (India), Limited"
2018-05-30,505.0,521.0,502.8500061035156,517.7000122070312,498.3106384277344,25699,"Nath Bio-Genes (India), Limited"
2018-05-31,520.9500122070312,521.0,494.5,495.3500061035156,476.7976989746094,24543,"Nath Bio-Genes (India), Limited"
2018-06-01,493.4500122070313,499.5499877929688,465.0,469.75,452.156494140625,32301,"Nath Bio-Genes (India), Limited"
2018-06-04,470.0,473.5499877929688,448.0,451.5499877929688,434.63812255859375,31858,"Nath Bio-Genes (India), Limited"
2018-06-05,450.0,450.0,397.0,416.5499877929688,400.9489440917969,138339,"Nath Bio-Genes (India), Limited"
2018-06-06,411.0,439.5,405.0,429.8999938964844,413.7989501953125,39169,"Nath Bio-Genes (India), Limited"
2018-06-07,432.6000061035156,474.0,432.6000061035156,467.25,449.7500915527344,64125,"Nath Bio-Genes (India), Limited"
2018-06-08,466.0,467.7999877929688,449.0,459.1000061035156,441.9053649902344,28907,"Nath Bio-Genes (India), Limited"
2018-06-11,461.8999938964844,471.2000122070313,455.0,456.5499877929688,439.4508361816406,23096,"Nath Bio-Genes (India), Limited"
2018-06-12,453.8500061035156,472.2000122070313,453.7000122070313,466.0499877929688,448.5950622558594,26324,"Nath Bio-Genes (India), Limited"
2018-06-13,468.1499938964844,475.0,465.0,468.1000061035156,450.5682678222656,26374,"Nath Bio-Genes (India), Limited"
2018-06-14,468.0,482.9500122070313,465.5499877929688,469.5499877929688,451.9639587402344,28123,"Nath Bio-Genes (India), Limited"
2018-06-15,470.6499938964844,472.8500061035156,453.6499938964844,455.6000061035156,438.5364379882813,19928,"Nath Bio-Genes (India), Limited"
2018-06-18,454.3500061035156,461.0,440.1000061035156,453.5,436.51507568359375,24486,"Nath Bio-Genes (India), Limited"
2018-06-19,454.9500122070313,455.0,443.0,450.1499938964844,433.2905578613281,25128,"Nath Bio-Genes (India), Limited"
2018-06-20,452.6499938964844,464.0,447.1499938964844,454.75,437.71826171875,13917,"Nath Bio-Genes (India), Limited"
2018-06-21,454.75,456.4500122070313,445.0,447.0,430.2585144042969,10750,"Nath Bio-Genes (India), Limited"
2018-06-22,446.1499938964844,456.0499877929688,442.0,445.25,428.5740661621094,11408,"Nath Bio-Genes (India), Limited"
2018-06-25,445.25,449.0,439.0,439.5,423.0394287109375,7686,"Nath Bio-Genes (India), Limited"
2018-06-26,436.9500122070313,445.0,435.0,438.2999877929688,421.8843688964844,7260,"Nath Bio-Genes (India), Limited"
2018-06-27,437.0,437.5499877929688,407.0499877929688,412.6000061035156,397.14691162109375,21916,"Nath Bio-Genes (India), Limited"
2018-06-28,412.6000061035156,440.0,402.1000061035156,409.8500061035156,394.4999084472656,33260,"Nath Bio-Genes (India), Limited"
2018-06-29,417.9500122070313,425.2999877929688,412.0499877929688,421.0499877929688,405.2804260253906,21153,"Nath Bio-Genes (India), Limited"
2018-07-02,421.0499877929688,444.7999877929688,421.0499877929688,439.3999938964844,422.9431457519531,39121,"Nath Bio-Genes (India), Limited"
2018-07-03,440.6499938964844,444.8999938964844,431.0499877929688,440.2000122070313,423.7132263183594,15399,"Nath Bio-Genes (India), Limited"
2018-07-04,444.0,474.2999877929688,434.0,470.2000122070313,452.5896301269531,79646,"Nath Bio-Genes (India), Limited"
2018-07-05,473.7000122070313,488.9500122070313,465.0499877929688,467.6000061035156,450.0870056152344,48133,"Nath Bio-Genes (India), Limited"
2018-07-06,467.6000061035156,471.8999938964844,451.0,453.25,436.2744445800781,24250,"Nath Bio-Genes (India), Limited"
2018-07-09,456.0,475.0,453.0,466.6499938964844,449.1725769042969,15806,"Nath Bio-Genes (India), Limited"
2018-07-10,466.7000122070313,485.0,460.0,481.5,463.4664306640625,53534,"Nath Bio-Genes (India), Limited"
2018-07-11,484.7999877929688,493.3500061035156,473.6000061035156,482.8500061035156,464.7658386230469,55054,"Nath Bio-Genes (India), Limited"
2018-07-12,489.8999938964844,513.0,489.8999938964844,497.1499938964844,478.5302734375,201485,"Nath Bio-Genes (India), Limited"
2018-07-13,503.7999877929688,513.75,488.2999877929688,492.3500061035156,473.9100341796875,70610,"Nath Bio-Genes (India), Limited"
2018-07-16,494.0,495.7999877929688,471.1499938964844,480.7999877929688,462.7926330566406,35273,"Nath Bio-Genes (India), Limited"
2018-07-17,477.2999877929688,492.3999938964844,474.1000061035156,489.5,471.1668090820313,28599,"Nath Bio-Genes (India), Limited"
2018-07-18,492.8999938964844,493.3999938964844,481.0,486.2999877929688,468.0866394042969,22309,"Nath Bio-Genes (India), Limited"
2018-07-19,486.1000061035156,488.2999877929688,476.1000061035156,485.5,467.3165893554688,24010,"Nath Bio-Genes (India), Limited"
2018-07-20,484.3999938964844,501.0,478.9500122070313,495.7000122070313,477.1345825195313,43298,"Nath Bio-Genes (India), Limited"
2018-07-23,500.0,501.75,492.8500061035156,498.0499877929688,479.39654541015625,16505,"Nath Bio-Genes (India), Limited"
2018-07-24,502.0,516.7000122070312,498.5,503.2999877929688,484.4499206542969,44369,"Nath Bio-Genes (India), Limited"
2018-07-25,506.8999938964844,507.9500122070313,503.0,503.25,484.40179443359375,10037,"Nath Bio-Genes (India), Limited"
2018-07-26,508.8999938964844,518.0,493.8999938964844,512.2000122070312,493.0166015625,29492,"Nath Bio-Genes (India), Limited"
2018-07-27,512.2000122070312,525.0,511.1499938964844,519.8499755859375,500.3800354003906,54941,"Nath Bio-Genes (India), Limited"
2018-07-30,528.7000122070312,528.7000122070312,511.6000061035156,517.2000122070312,497.8293762207031,51626,"Nath Bio-Genes (India), Limited"
2018-07-31,518.8499755859375,525.0,512.2000122070312,514.7000122070312,495.4229736328125,75125,"Nath Bio-Genes (India), Limited"
2018-08-01,515.0,520.75,495.7999877929688,498.7999877929688,480.1184387207031,42767,"Nath Bio-Genes (India), Limited"
2018-08-02,498.7999877929688,498.7999877929688,486.1000061035156,490.7999877929688,472.4180908203125,38809,"Nath Bio-Genes (India), Limited"
2018-08-03,495.9500122070313,497.9500122070313,488.5,492.3500061035156,473.9100341796875,29512,"Nath Bio-Genes (India), Limited"
2018-08-06,498.8999938964844,514.8499755859375,493.2999877929688,504.5,485.6050109863281,95105,"Nath Bio-Genes (India), Limited"
2018-08-07,509.9500122070313,513.4000244140625,496.3500061035156,498.1499938964844,479.4927978515625,41371,"Nath Bio-Genes (India), Limited"
2018-08-08,497.5,503.6000061035156,488.4500122070313,490.1000061035156,471.7443237304688,33033,"Nath Bio-Genes (India), Limited"
2018-08-09,492.0,495.0,489.2999877929688,489.8999938964844,471.5517883300781,20721,"Nath Bio-Genes (India), Limited"
2018-08-10,495.0,495.0,486.3999938964844,489.2999877929688,470.9742431640625,18751,"Nath Bio-Genes (India), Limited"
2018-08-13,499.8999938964844,504.9500122070313,480.25,490.6499938964844,472.2737121582031,24847,"Nath Bio-Genes (India), Limited"
2018-08-14,498.0,502.8999938964844,487.8500061035156,490.25,471.8887023925781,24915,"Nath Bio-Genes (India), Limited"
2018-08-16,485.0,493.6000061035156,485.0,489.3999938964844,471.0705261230469,19196,"Nath Bio-Genes (India), Limited"
2018-08-17,494.7999877929688,494.8500061035156,482.3500061035156,490.5499877929688,472.1774291992188,17769,"Nath Bio-Genes (India), Limited"
2018-08-20,492.7999877929688,494.0,475.0499877929688,481.7000122070313,463.6589050292969,21280,"Nath Bio-Genes (India), Limited"
2018-08-21,484.1000061035156,489.3999938964844,479.2000122070313,483.75,465.6321716308594,21956,"Nath Bio-Genes (India), Limited"
2018-08-23,488.6000061035156,498.7999877929688,479.3500061035156,484.75,466.5946960449219,50498,"Nath Bio-Genes (India), Limited"
2018-08-24,483.0,484.5,470.0,475.0499877929688,457.2579956054688,37588,"Nath Bio-Genes (India), Limited"
2018-08-27,475.1000061035156,484.0,471.8999938964844,480.4500122070313,462.4557189941406,17741,"Nath Bio-Genes (India), Limited"
2018-08-28,481.25,483.7000122070313,474.1499938964844,478.0,460.0974731445313,17658,"Nath Bio-Genes (India), Limited"
2018-08-29,480.0,487.7999877929688,475.0,479.0,461.0600280761719,21396,"Nath Bio-Genes (India), Limited"
2018-08-30,478.0499877929688,485.0,474.0,474.8999938964844,457.1136169433594,22337,"Nath Bio-Genes (India), Limited"
2018-08-31,476.5499877929688,481.0499877929688,471.0,472.5499877929688,454.85162353515625,19966,"Nath Bio-Genes (India), Limited"
2018-09-03,473.9500122070313,528.5999755859375,469.75,511.6499938964844,492.4871826171875,183776,"Nath Bio-Genes (India), Limited"
2018-09-04,511.5,534.0,496.6499938964844,509.1000061035156,490.0327453613281,152718,"Nath Bio-Genes (India), Limited"
2018-09-05,507.0,518.0,498.0,505.5499877929688,486.61566162109375,28237,"Nath Bio-Genes (India), Limited"
2018-09-06,505.9500122070313,512.0,501.6000061035156,503.2999877929688,484.4499206542969,19987,"Nath Bio-Genes (India), Limited"
2018-09-07,505.9500122070313,508.9500122070313,492.0,494.0499877929688,475.54632568359375,46606,"Nath Bio-Genes (India), Limited"
2018-09-10,492.0499877929688,499.7999877929688,481.0,482.5,464.4289855957031,12484,"Nath Bio-Genes (India), Limited"
2018-09-11,481.1000061035156,485.0,462.1000061035156,465.5,448.0656433105469,48381,"Nath Bio-Genes (India), Limited"
2018-09-12,465.4500122070313,472.4500122070313,448.7000122070313,454.5499877929688,437.5257568359375,42830,"Nath Bio-Genes (India), Limited"
2018-09-14,452.1000061035156,469.1000061035156,452.1000061035156,461.7000122070313,444.4079895019531,16443,"Nath Bio-Genes (India), Limited"
2018-09-17,461.75,475.7000122070313,458.2000122070313,465.6000061035156,448.1618957519531,16873,"Nath Bio-Genes (India), Limited"
2018-09-18,468.8500061035156,471.7999877929688,456.9500122070313,462.2999877929688,444.9855041503906,26450,"Nath Bio-Genes (India), Limited"
2018-09-19,458.0499877929688,464.3999938964844,438.75,441.0499877929688,424.5313720703125,24435,"Nath Bio-Genes (India), Limited"
2018-09-21,450.8999938964844,465.5499877929688,426.0,436.5,420.1517639160156,28306,"Nath Bio-Genes (India), Limited"
2018-09-24,436.5,443.7999877929688,404.0,414.6000061035156,399.072021484375,27714,"Nath Bio-Genes (India), Limited"
2018-09-25,421.75,425.0,410.0,417.4500122070313,401.8153076171875,15885,"Nath Bio-Genes (India), Limited"
2018-09-26,428.0,439.6000061035156,413.7000122070313,420.7999877929688,405.039794921875,25195,"Nath Bio-Genes (India), Limited"
2018-09-27,424.2000122070313,428.2999877929688,419.9500122070313,422.5,406.6761169433594,11858,"Nath Bio-Genes (India), Limited"
2018-09-28,423.9500122070313,434.5,395.0,401.7000122070313,386.6551513671875,37248,"Nath Bio-Genes (India), Limited"
2018-10-01,401.0499877929688,407.7000122070313,333.95001220703125,381.0499877929688,366.7785949707031,42814,"Nath Bio-Genes (India), Limited"
2018-10-03,393.75,414.0,381.5499877929688,400.8500061035156,385.8370056152344,28727,"Nath Bio-Genes (India), Limited"
2018-10-04,400.0,400.0,376.0499877929688,391.1499938964844,376.5002746582031,63804,"Nath Bio-Genes (India), Limited"
2018-10-05,380.0499877929688,408.0,365.0,371.4500122070313,357.53814697265625,25678,"Nath Bio-Genes (India), Limited"
2018-10-08,380.0,380.0,331.0,345.95001220703125,332.9931640625,55580,"Nath Bio-Genes (India), Limited"
2018-10-09,345.95001220703125,355.8500061035156,333.04998779296875,346.5,333.5225524902344,22421,"Nath Bio-Genes (India), Limited"
2018-10-10,346.5,365.0,346.5,354.79998779296875,341.5116882324219,29416,"Nath Bio-Genes (India), Limited"
2018-10-11,346.5,351.95001220703125,331.0,347.20001220703125,334.1963806152344,21126,"Nath Bio-Genes (India), Limited"
2018-10-12,359.6000061035156,365.0,350.25,355.29998779296875,341.9929504394531,13898,"Nath Bio-Genes (India), Limited"
2018-10-15,357.0,386.2000122070313,354.95001220703125,377.2000122070313,363.07275390625,33949,"Nath Bio-Genes (India), Limited"
2018-10-16,378.8999938964844,404.9500122070313,378.8999938964844,399.75,384.7781982421875,61297,"Nath Bio-Genes (India), Limited"
2018-10-17,404.9500122070313,410.9500122070313,386.0499877929688,392.2000122070313,377.5109558105469,17500,"Nath Bio-Genes (India), Limited"
2018-10-19,390.6000061035156,390.6000061035156,365.0499877929688,371.0,357.10498046875,11064,"Nath Bio-Genes (India), Limited"
2018-10-22,386.0499877929688,386.0499877929688,340.0,345.20001220703125,332.2712707519531,13769,"Nath Bio-Genes (India), Limited"
2018-10-23,345.0,354.5,335.04998779296875,351.79998779296875,338.6240539550781,14714,"Nath Bio-Genes (India), Limited"
2018-10-24,352.54998779296875,371.9500122070313,350.0,365.8500061035156,352.1478576660156,15318,"Nath Bio-Genes (India), Limited"
2018-10-25,360.6000061035156,360.8999938964844,344.5,357.25,343.86993408203125,21536,"Nath Bio-Genes (India), Limited"
2018-10-26,363.0499877929688,363.0499877929688,345.0,346.8999938964844,333.90753173828125,12094,"Nath Bio-Genes (India), Limited"
2018-10-29,351.8999938964844,373.0,347.0,368.6499938964844,354.8429870605469,25841,"Nath Bio-Genes (India), Limited"
2018-10-30,383.0,399.7999877929688,371.0499877929688,390.8500061035156,376.2115478515625,33021,"Nath Bio-Genes (India), Limited"
2018-10-31,394.2000122070313,403.0,385.0,390.8999938964844,376.2596435546875,25685,"Nath Bio-Genes (India), Limited"
2018-11-01,387.7999877929688,388.7999877929688,372.0,375.7000122070313,361.62890625,29347,"Nath Bio-Genes (India), Limited"
2018-11-02,375.7000122070313,388.0,375.0,377.8500061035156,363.6983947753906,10508,"Nath Bio-Genes (India), Limited"
2018-11-05,377.8500061035156,383.0,363.5499877929688,374.2999877929688,360.2813720703125,8601,"Nath Bio-Genes (India), Limited"
2018-11-06,375.2999877929688,378.7000122070313,365.6499938964844,370.5499877929688,356.6718139648437,4808,"Nath Bio-Genes (India), Limited"
2018-11-07,384.9500122070313,384.9500122070313,372.3999938964844,375.2000122070313,361.1476440429688,3119,"Nath Bio-Genes (India), Limited"
2018-11-09,376.0,383.0,370.7999877929688,376.3999938964844,362.302734375,7490,"Nath Bio-Genes (India), Limited"
2018-11-12,377.7999877929688,384.0,370.0499877929688,372.1499938964844,358.2118835449219,10566,"Nath Bio-Genes (India), Limited"
2018-11-13,373.0,380.0,372.2999877929688,374.9500122070313,360.9070129394531,11194,"Nath Bio-Genes (India), Limited"
2018-11-14,374.0499877929688,382.2999877929688,372.7000122070313,374.7999877929688,360.7626647949219,11363,"Nath Bio-Genes (India), Limited"
2018-11-15,374.5499877929688,377.75,370.0499877929688,372.6000061035156,358.6450500488281,9005,"Nath Bio-Genes (India), Limited"
2018-11-16,375.0499877929688,383.0,369.0,370.6499938964844,356.7680358886719,11406,"Nath Bio-Genes (India), Limited"
2018-11-19,371.0,396.6000061035156,363.3500061035156,391.7000122070313,377.0296936035156,37705,"Nath Bio-Genes (India), Limited"
2018-11-20,392.6499938964844,406.8999938964844,383.25,390.0,375.3933715820313,30058,"Nath Bio-Genes (India), Limited"
2018-11-21,394.6000061035156,394.6000061035156,382.0,384.2999877929688,369.9068298339844,6201,"Nath Bio-Genes (India), Limited"
2018-11-22,393.5,393.5,371.5,376.5,362.3989868164063,7655,"Nath Bio-Genes (India), Limited"
2018-11-26,384.0499877929688,384.0499877929688,366.6000061035156,375.3999938964844,361.3401794433594,11306,"Nath Bio-Genes (India), Limited"
2018-11-27,372.6499938964844,407.9500122070313,369.0,399.3500061035156,384.3931579589844,43221,"Nath Bio-Genes (India), Limited"
2018-11-28,405.0,426.7000122070313,396.1000061035156,401.6499938964844,386.6070251464844,58814,"Nath Bio-Genes (India), Limited"
2018-11-29,400.5,418.75,400.2000122070313,413.8500061035156,398.35009765625,19695,"Nath Bio-Genes (India), Limited"
2018-11-30,407.0,421.75,406.25,410.25,394.8849487304688,27123,"Nath Bio-Genes (India), Limited"
2018-12-03,410.25,419.0,405.0,409.2000122070313,393.874267578125,14262,"Nath Bio-Genes (India), Limited"
2018-12-04,401.0,419.7999877929688,401.0,414.1499938964844,398.6388549804688,11094,"Nath Bio-Genes (India), Limited"
2018-12-05,412.3999938964844,412.3999938964844,399.75,401.25,386.2220153808594,39875,"Nath Bio-Genes (India), Limited"
2018-12-06,399.25,399.25,386.1000061035156,388.8500061035156,374.2864074707031,10282,"Nath Bio-Genes (India), Limited"
2018-12-07,396.9500122070313,398.1499938964844,385.25,389.5499877929688,374.960205078125,3211,"Nath Bio-Genes (India), Limited"
2018-12-10,392.1000061035156,392.1000061035156,375.2000122070313,378.6499938964844,364.4684448242188,8189,"Nath Bio-Genes (India), Limited"
2018-12-11,372.0499877929688,391.0,368.9500122070313,389.6499938964844,375.0564575195313,7886,"Nath Bio-Genes (India), Limited"
2018-12-12,393.5,406.0,389.4500122070313,398.7999877929688,383.8637390136719,11517,"Nath Bio-Genes (India), Limited"
2018-12-13,398.7999877929688,414.5499877929688,396.5,399.6499938964844,384.6819458007813,20185,"Nath Bio-Genes (India), Limited"
2018-12-14,399.6499938964844,404.0,390.9500122070313,399.4500122070313,384.4894104003906,7818,"Nath Bio-Genes (India), Limited"
2018-12-17,399.4500122070313,438.0,395.6499938964844,419.0,403.3072509765625,70760,"Nath Bio-Genes (India), Limited"
2018-12-18,419.5499877929688,423.9500122070313,414.2000122070313,420.1499938964844,404.4141540527344,41357,"Nath Bio-Genes (India), Limited"
2018-12-19,420.1499938964844,437.5499877929688,409.25,421.25,405.4729919433594,55425,"Nath Bio-Genes (India), Limited"
2018-12-20,421.25,427.5,415.0,416.5,400.9008483886719,9057,"Nath Bio-Genes (India), Limited"
2018-12-21,416.5,420.0,403.6000061035156,406.7000122070313,391.4678955078125,9199,"Nath Bio-Genes (India), Limited"
2018-12-24,406.7000122070313,427.5,406.1499938964844,410.25,394.8849487304688,527794,"Nath Bio-Genes (India), Limited"
2018-12-26,403.6000061035156,408.6000061035156,393.2999877929688,401.0499877929688,386.0294494628906,11865,"Nath Bio-Genes (India), Limited"
2018-12-27,404.3500061035156,409.0,396.0,399.25,384.29693603515625,7689,"Nath Bio-Genes (India), Limited"
2018-12-28,401.8500061035156,419.0,401.0,412.7999877929688,397.3393859863281,16057,"Nath Bio-Genes (India), Limited"
2018-12-31,425.0,432.8999938964844,410.1000061035156,418.9500122070313,403.2590942382813,29380,"Nath Bio-Genes (India), Limited"
2019-01-01,419.0499877929688,426.75,407.4500122070313,423.7000122070313,407.8312072753906,11048,"Nath Bio-Genes (India), Limited"
2019-01-02,426.7000122070313,426.7000122070313,416.5499877929688,419.5499877929688,403.8366088867188,11241,"Nath Bio-Genes (India), Limited"
2019-01-03,412.0,419.8500061035156,411.0,414.6000061035156,399.072021484375,10300,"Nath Bio-Genes (India), Limited"
2019-01-04,417.1000061035156,428.0,416.0,421.8999938964844,406.0986022949219,32474,"Nath Bio-Genes (India), Limited"
2019-01-07,421.8999938964844,428.9500122070313,413.1499938964844,415.2999877929688,399.7457885742188,10487,"Nath Bio-Genes (India), Limited"
2019-01-08,422.0,429.7999877929688,413.4500122070313,427.6499938964844,411.6332092285156,31484,"Nath Bio-Genes (India), Limited"
2019-01-09,425.5,431.6000061035156,418.4500122070313,420.25,404.5104370117188,10516,"Nath Bio-Genes (India), Limited"
2019-01-10,420.25,420.25,414.25,415.8999938964844,400.3232727050781,7323,"Nath Bio-Genes (India), Limited"
2019-01-11,418.8999938964844,426.0,413.3500061035156,423.8500061035156,407.9755859375,11274,"Nath Bio-Genes (India), Limited"
2019-01-14,424.6000061035156,427.1000061035156,415.0,416.3500061035156,400.7565002441406,4831,"Nath Bio-Genes (India), Limited"
2019-01-15,416.8999938964844,422.0,412.3500061035156,417.5499877929688,401.9114990234375,10886,"Nath Bio-Genes (India), Limited"
2019-01-16,420.0499877929688,426.5,413.1000061035156,424.6499938964844,408.74560546875,24629,"Nath Bio-Genes (India), Limited"
2019-01-17,425.8999938964844,428.0499877929688,423.1000061035156,426.5,410.5263366699219,13606,"Nath Bio-Genes (India), Limited"
2019-01-18,426.5499877929688,427.3999938964844,419.8500061035156,421.7999877929688,406.0023498535156,6371,"Nath Bio-Genes (India), Limited"
2019-01-21,426.8999938964844,428.4500122070313,416.6499938964844,420.0499877929688,404.31787109375,4505,"Nath Bio-Genes (India), Limited"
2019-01-22,420.0,421.1499938964844,412.5,414.7000122070313,399.1682739257813,7200,"Nath Bio-Genes (India), Limited"
2019-01-23,422.0499877929688,422.0499877929688,409.1000061035156,410.6499938964844,395.26995849609375,9524,"Nath Bio-Genes (India), Limited"
2019-01-24,416.0499877929688,417.7000122070313,405.0,405.75,390.553466796875,4455,"Nath Bio-Genes (India), Limited"
2019-01-25,408.8500061035156,415.0,388.4500122070313,392.5499877929688,377.8478393554688,9379,"Nath Bio-Genes (India), Limited"
2019-01-28,385.3500061035156,388.75,376.5,382.5,368.17425537109375,6174,"Nath Bio-Genes (India), Limited"
2019-01-29,382.5,386.9500122070313,372.0499877929688,374.7999877929688,360.7626647949219,7182,"Nath Bio-Genes (India), Limited"
2019-01-30,375.3500061035156,388.9500122070313,375.3500061035156,384.2000122070313,369.8105773925781,4278,"Nath Bio-Genes (India), Limited"
2019-01-31,384.9500122070313,392.6499938964844,360.0,387.2999877929688,372.7944946289063,5548,"Nath Bio-Genes (India), Limited"
2019-02-01,387.8500061035156,394.6000061035156,377.1000061035156,380.2000122070313,365.96038818359375,5229,"Nath Bio-Genes (India), Limited"
2019-02-04,379.0499877929688,379.0499877929688,364.9500122070313,368.3999938964844,354.60235595703125,10459,"Nath Bio-Genes (India), Limited"
2019-02-05,368.0,379.2000122070313,351.0,355.8500061035156,342.5223388671875,8339,"Nath Bio-Genes (India), Limited"
2019-02-06,356.95001220703125,365.9500122070313,337.0,353.8999938964844,340.6453857421875,23901,"Nath Bio-Genes (India), Limited"
2019-02-07,357.0,369.0,351.20001220703125,362.0499877929688,348.4901733398437,6531,"Nath Bio-Genes (India), Limited"
2019-02-08,358.0,366.0,343.95001220703125,347.75,334.7257080078125,7000,"Nath Bio-Genes (India), Limited"
2019-02-11,350.1499938964844,354.6499938964844,328.0,339.54998779296875,326.8328552246094,14239,"Nath Bio-Genes (India), Limited"
2019-02-12,342.0,350.0,331.95001220703125,344.79998779296875,331.8861999511719,10284,"Nath Bio-Genes (India), Limited"
2019-02-14,339.1000061035156,375.5,333.8999938964844,369.2999877929688,355.4686279296875,27900,"Nath Bio-Genes (India), Limited"
2019-02-15,371.0,393.0,364.5499877929688,386.5499877929688,372.0726013183594,52569,"Nath Bio-Genes (India), Limited"
2019-02-18,387.0,395.0,378.0,390.3999938964844,375.77838134765625,16188,"Nath Bio-Genes (India), Limited"
2019-02-19,393.1000061035156,398.1499938964844,377.1000061035156,381.4500122070313,367.16357421875,13671,"Nath Bio-Genes (India), Limited"
2019-02-20,380.0499877929688,406.0,380.0,404.6499938964844,389.4946899414063,34841,"Nath Bio-Genes (India), Limited"
2019-02-21,401.8999938964844,409.0,397.2000122070313,401.75,386.7033081054688,5376,"Nath Bio-Genes (India), Limited"
2019-02-22,401.0,425.0,395.5,417.3999938964844,401.7671203613281,14617,"Nath Bio-Genes (India), Limited"
2019-02-25,418.0499877929688,422.2999877929688,406.0,406.7999877929688,391.5641174316406,6988,"Nath Bio-Genes (India), Limited"
2019-02-26,400.0,404.1499938964844,385.7000122070313,390.5499877929688,375.9227294921875,13163,"Nath Bio-Genes (India), Limited"
2019-02-27,391.1499938964844,398.1499938964844,380.1499938964844,385.2999877929688,370.869384765625,8654,"Nath Bio-Genes (India), Limited"
2019-02-28,385.2999877929688,391.0,378.3500061035156,381.2999877929688,367.0191955566406,5188,"Nath Bio-Genes (India), Limited"
2019-03-01,381.0,402.5499877929688,378.8500061035156,399.6499938964844,384.6819458007813,7940,"Nath Bio-Genes (India), Limited"
2019-03-05,406.5499877929688,416.6000061035156,397.7000122070313,408.7999877929688,393.48919677734375,23114,"Nath Bio-Genes (India), Limited"
2019-03-06,415.0499877929688,416.25,397.0,401.25,386.2220153808594,9559,"Nath Bio-Genes (India), Limited"
2019-03-07,405.0499877929688,407.8999938964844,397.1000061035156,399.7000122070313,384.7300720214844,12157,"Nath Bio-Genes (India), Limited"
2019-03-08,405.6000061035156,406.0499877929688,390.75,399.8999938964844,384.9225769042969,6586,"Nath Bio-Genes (India), Limited"
2019-03-11,407.3500061035156,409.0499877929688,399.0,403.2000122070313,388.0989685058594,9578,"Nath Bio-Genes (India), Limited"
2019-03-12,402.9500122070313,412.0,400.0,402.1000061035156,387.0401611328125,10567,"Nath Bio-Genes (India), Limited"
2019-03-13,402.2000122070313,410.5,355.1499938964844,394.1000061035156,379.3398132324219,149187,"Nath Bio-Genes (India), Limited"
2019-03-14,403.9500122070313,413.0,398.0,408.3500061035156,393.05609130859375,21111,"Nath Bio-Genes (India), Limited"
2019-03-15,414.6000061035156,419.75,408.25,411.4500122070313,396.0400390625,20654,"Nath Bio-Genes (India), Limited"
2019-03-18,417.5,417.5,405.0,409.7000122070313,394.3555603027344,7900,"Nath Bio-Genes (India), Limited"
2019-03-19,422.6499938964844,425.0,418.7999877929688,419.7000122070313,403.9810180664063,12968,"Nath Bio-Genes (India), Limited"
2019-03-20,419.0499877929688,419.0499877929688,410.0499877929688,415.8500061035156,400.2752380371094,6984,"Nath Bio-Genes (India), Limited"
2019-03-22,415.0,419.25,408.0,414.25,398.7351379394531,5487,"Nath Bio-Genes (India), Limited"
2019-03-25,407.2999877929688,410.4500122070313,402.6499938964844,408.5499877929688,393.2485961914063,14729,"Nath Bio-Genes (India), Limited"
2019-03-26,408.5499877929688,418.2000122070313,405.7999877929688,413.9500122070313,398.44635009765625,8013,"Nath Bio-Genes (India), Limited"
2019-03-27,413.9500122070313,416.7000122070313,407.8500061035156,410.6000061035156,395.2218322753906,10133,"Nath Bio-Genes (India), Limited"
2019-03-28,417.2000122070313,436.3999938964844,407.3500061035156,431.6499938964844,415.4834289550781,29926,"Nath Bio-Genes (India), Limited"
2019-04-01,460.8500061035156,479.0,460.0,473.75,456.0066833496094,45036,"Nath Bio-Genes (India), Limited"
2019-04-02,477.8999938964844,477.8999938964844,458.3999938964844,468.2999877929688,450.76080322265625,13233,"Nath Bio-Genes (India), Limited"
2019-04-03,470.0,470.0,458.0,462.0499877929688,444.744873046875,7376,"Nath Bio-Genes (India), Limited"
2019-04-04,462.0499877929688,462.0499877929688,442.1499938964844,446.8999938964844,430.1622619628906,12047,"Nath Bio-Genes (India), Limited"
2019-04-05,460.2999877929688,484.0,450.7999877929688,474.5,456.72857666015625,30747,"Nath Bio-Genes (India), Limited"
2019-04-08,466.0,485.0,466.0,479.75,461.7819519042969,37476,"Nath Bio-Genes (India), Limited"
2019-04-09,478.2999877929688,478.2999877929688,465.0499877929688,471.5499877929688,453.8890686035156,7582,"Nath Bio-Genes (India), Limited"
2019-04-10,465.0,484.0,465.0,469.5,451.9158325195313,26921,"Nath Bio-Genes (India), Limited"
2019-04-11,469.5,479.75,463.0,469.0499877929688,451.482666015625,7531,"Nath Bio-Genes (India), Limited"
2019-04-12,469.0,472.0,461.75,467.3999938964844,449.8945007324219,9463,"Nath Bio-Genes (India), Limited"
2019-04-15,467.3999938964844,481.0,467.3999938964844,473.4500122070313,455.7179260253906,21002,"Nath Bio-Genes (India), Limited"
2019-04-16,473.4500122070313,484.75,465.0,469.2000122070313,451.6270751953125,16133,"Nath Bio-Genes (India), Limited"
2019-04-18,469.2000122070313,472.8999938964844,461.5499877929688,465.8500061035156,448.4025573730469,11090,"Nath Bio-Genes (India), Limited"
2019-04-22,473.9500122070313,474.7999877929688,461.0,472.6000061035156,454.8997497558594,13073,"Nath Bio-Genes (India), Limited"
2019-04-23,478.0,478.0,466.0,469.5499877929688,451.9639587402344,10904,"Nath Bio-Genes (India), Limited"
2019-04-24,474.7999877929688,474.8999938964844,461.1000061035156,469.8500061035156,452.2527465820313,74458,"Nath Bio-Genes (India), Limited"
2019-04-25,474.0,474.0,461.6000061035156,462.5,445.1780090332031,3415,"Nath Bio-Genes (India), Limited"
2019-04-26,467.0,469.7000122070313,460.3500061035156,463.3999938964844,446.0443115234375,5383,"Nath Bio-Genes (India), Limited"
2019-04-30,461.0,475.1000061035156,455.6499938964844,461.7999877929688,444.5042419433594,7682,"Nath Bio-Genes (India), Limited"
2019-05-02,468.0,472.4500122070313,457.6499938964844,468.5,450.9532775878906,8745,"Nath Bio-Genes (India), Limited"
2019-05-03,474.8500061035156,474.8500061035156,462.2000122070313,464.2999877929688,446.91058349609375,1163,"Nath Bio-Genes (India), Limited"
2019-05-06,461.0,467.7000122070313,453.5499877929688,458.7000122070313,441.5203552246094,6717,"Nath Bio-Genes (India), Limited"
2019-05-07,461.8500061035156,461.8500061035156,431.2999877929688,438.25,421.8362426757813,12053,"Nath Bio-Genes (India), Limited"
2019-05-08,449.4500122070313,449.4500122070313,422.0,423.5499877929688,407.6867980957031,10657,"Nath Bio-Genes (India), Limited"
2019-05-09,427.7000122070313,439.0,425.2999877929688,429.4500122070313,413.3658752441406,9360,"Nath Bio-Genes (India), Limited"
2019-05-10,430.2999877929688,430.2999877929688,413.4500122070313,421.1499938964844,405.3766784667969,22605,"Nath Bio-Genes (India), Limited"
2019-05-13,424.75,424.7999877929688,395.0,401.6499938964844,386.6070251464844,15042,"Nath Bio-Genes (India), Limited"
2019-05-14,401.6499938964844,401.6499938964844,378.0,387.3500061035156,372.8425903320313,16357,"Nath Bio-Genes (India), Limited"
2019-05-15,396.9500122070313,404.7000122070313,391.6499938964844,394.4500122070313,379.6766662597656,6160,"Nath Bio-Genes (India), Limited"
2019-05-16,391.0,404.1000061035156,385.6000061035156,396.1499938964844,381.3130187988281,5422,"Nath Bio-Genes (India), Limited"
2019-05-17,399.75,417.9500122070313,396.6000061035156,405.8999938964844,390.6978759765625,7867,"Nath Bio-Genes (India), Limited"
2019-05-20,417.0,446.0,417.0,438.1000061035156,421.6918640136719,16273,"Nath Bio-Genes (India), Limited"
2019-05-21,438.1000061035156,446.0,425.0499877929688,426.1499938964844,410.1894226074219,3985,"Nath Bio-Genes (India), Limited"
2019-05-22,423.0499877929688,441.5499877929688,423.0,431.1499938964844,415.0021667480469,5721,"Nath Bio-Genes (India), Limited"
2019-05-23,429.8999938964844,436.9500122070313,425.4500122070313,432.3500061035156,416.1572570800781,5575,"Nath Bio-Genes (India), Limited"
2019-05-24,430.25,460.0,426.1000061035156,450.1000061035156,433.2424011230469,14216,"Nath Bio-Genes (India), Limited"
2019-05-27,443.0,470.0,435.2999877929688,464.0499877929688,446.6699523925781,24872,"Nath Bio-Genes (India), Limited"
2019-05-28,469.8500061035156,473.8999938964844,452.0499877929688,462.4500122070313,445.1299133300781,7054,"Nath Bio-Genes (India), Limited"
2019-05-29,464.9500122070313,465.0,448.0499877929688,451.3500061035156,434.4456176757813,5561,"Nath Bio-Genes (India), Limited"
2019-05-30,455.0,464.0,452.5,462.25,444.9373474121094,10437,"Nath Bio-Genes (India), Limited"
2019-05-31,468.0,468.2000122070313,445.0499877929688,450.5,433.62744140625,7273,"Nath Bio-Genes (India), Limited"
2019-06-03,452.0,458.0,444.7999877929688,448.8999938964844,432.0873718261719,7538,"Nath Bio-Genes (India), Limited"
2019-06-04,455.8999938964844,455.8999938964844,440.2999877929688,444.3500061035156,427.7077941894531,6214,"Nath Bio-Genes (India), Limited"
2019-06-06,447.5499877929688,448.6499938964844,431.4500122070313,443.9500122070313,427.3227844238281,24807,"Nath Bio-Genes (India), Limited"
2019-06-07,439.25,448.2000122070313,431.2000122070313,443.8999938964844,427.274658203125,4511,"Nath Bio-Genes (India), Limited"
2019-06-10,451.6000061035156,451.6000061035156,433.1000061035156,435.1000061035156,418.8042602539063,27689,"Nath Bio-Genes (India), Limited"
2019-06-11,430.2000122070313,438.5,425.0,427.2999877929688,411.2963562011719,4293,"Nath Bio-Genes (India), Limited"
2019-06-12,446.4500122070313,446.4500122070313,424.0,432.2999877929688,416.1090698242188,1716,"Nath Bio-Genes (India), Limited"
2019-06-13,426.8500061035156,439.7000122070313,421.0,430.1499938964844,414.0396118164063,8560,"Nath Bio-Genes (India), Limited"
2019-06-14,433.5499877929688,433.75,422.0,428.2000122070313,412.1626586914063,6950,"Nath Bio-Genes (India), Limited"
2019-06-17,428.2000122070313,428.2000122070313,415.1000061035156,418.6499938964844,402.9703063964844,5295,"Nath Bio-Genes (India), Limited"
2019-06-18,420.0,425.0,404.0,408.1499938964844,392.8635559082031,7771,"Nath Bio-Genes (India), Limited"
2019-06-19,413.9500122070313,421.2999877929688,395.0,404.1499938964844,389.0133972167969,7366,"Nath Bio-Genes (India), Limited"
2019-06-20,397.9500122070313,420.0,397.9500122070313,413.5,398.0132446289063,4418,"Nath Bio-Genes (India), Limited"
2019-06-21,435.6000061035156,435.6000061035156,407.0,414.5499877929688,399.02386474609375,4312,"Nath Bio-Genes (India), Limited"
2019-06-24,416.3500061035156,420.25,408.5499877929688,415.4500122070313,399.8901977539063,6659,"Nath Bio-Genes (India), Limited"
2019-06-25,422.25,422.3500061035156,406.0,414.2000122070313,398.68701171875,4220,"Nath Bio-Genes (India), Limited"
2019-06-26,422.5499877929688,424.9500122070313,407.6000061035156,420.1499938964844,404.4141540527344,3104,"Nath Bio-Genes (India), Limited"
2019-06-27,425.5499877929688,427.6000061035156,417.9500122070313,419.6000061035156,403.884765625,4681,"Nath Bio-Genes (India), Limited"
2019-06-28,424.5499877929688,424.5499877929688,416.0,417.5,401.8634338378906,956,"Nath Bio-Genes (India), Limited"
2019-07-01,413.9500122070313,423.3500061035156,413.9500122070313,418.9500122070313,403.2590942382813,3473,"Nath Bio-Genes (India), Limited"
2019-07-02,419.1499938964844,422.8999938964844,410.0,415.3500061035156,399.7939147949219,3514,"Nath Bio-Genes (India), Limited"
2019-07-03,415.1000061035156,426.0,415.0499877929688,422.2999877929688,406.4836120605469,5364,"Nath Bio-Genes (India), Limited"
2019-07-04,422.2999877929688,427.8500061035156,415.2999877929688,423.6000061035156,407.7349243164063,6209,"Nath Bio-Genes (India), Limited"
2019-07-05,421.8999938964844,425.0,413.1000061035156,416.8999938964844,401.2858581542969,3833,"Nath Bio-Genes (India), Limited"
2019-07-08,412.0,414.5499877929688,407.1000061035156,408.0499877929688,392.7673034667969,10161,"Nath Bio-Genes (India), Limited"
2019-07-09,405.1000061035156,409.6499938964844,402.0,406.0,390.7940979003906,9731,"Nath Bio-Genes (India), Limited"
2019-07-10,410.9500122070313,410.9500122070313,400.0,402.0,386.9439392089844,4213,"Nath Bio-Genes (India), Limited"
2019-07-11,409.7000122070313,409.7000122070313,397.0499877929688,403.7999877929688,388.6764831542969,3997,"Nath Bio-Genes (India), Limited"
2019-07-12,403.75,405.0,392.7999877929688,400.1000061035156,385.1150817871094,9505,"Nath Bio-Genes (India), Limited"
2019-07-15,407.0499877929688,407.9500122070313,392.25,397.6000061035156,382.708740234375,14248,"Nath Bio-Genes (India), Limited"
2019-07-16,408.0,408.0,390.6000061035156,400.0499877929688,385.0669250488281,4839,"Nath Bio-Genes (India), Limited"
2019-07-17,391.2000122070313,399.0,391.2000122070313,395.8999938964844,381.0723876953125,1208,"Nath Bio-Genes (India), Limited"
2019-07-18,394.9500122070313,395.0,385.0,388.5499877929688,373.9976501464844,5571,"Nath Bio-Genes (India), Limited"
2019-07-19,392.1499938964844,392.1499938964844,381.0,385.9500122070313,371.49505615234375,3129,"Nath Bio-Genes (India), Limited"
2019-07-22,380.0,410.4500122070313,377.0,390.25,375.6339721679688,7673,"Nath Bio-Genes (India), Limited"
2019-07-23,392.5,398.8999938964844,389.0,390.3999938964844,375.77838134765625,1800,"Nath Bio-Genes (India), Limited"
2019-07-24,389.0,403.6499938964844,382.1000061035156,386.0,371.5431823730469,3096,"Nath Bio-Genes (India), Limited"
2019-07-25,395.0499877929688,395.0499877929688,375.9500122070313,386.1000061035156,371.639404296875,6174,"Nath Bio-Genes (India), Limited"
2019-07-26,386.1499938964844,392.5499877929688,381.25,384.3500061035156,369.9549865722656,3764,"Nath Bio-Genes (India), Limited"
2019-07-29,395.0,395.0,380.6499938964844,385.8500061035156,371.3987731933594,2723,"Nath Bio-Genes (India), Limited"
2019-07-30,376.1000061035156,390.0,365.6000061035156,373.6499938964844,359.6557006835937,4229,"Nath Bio-Genes (India), Limited"
2019-07-31,365.0,380.0,361.0,373.25,359.27069091796875,8586,"Nath Bio-Genes (India), Limited"
2019-08-01,381.5,381.5,368.1499938964844,370.9500122070313,357.0568542480469,7909,"Nath Bio-Genes (India), Limited"
2019-08-02,376.5,393.7000122070313,362.0499877929688,386.7000122070313,372.2169189453125,7842,"Nath Bio-Genes (India), Limited"
2019-08-05,401.0499877929688,401.0499877929688,358.0,371.3999938964844,357.4899597167969,11988,"Nath Bio-Genes (India), Limited"
2019-08-06,379.0,389.0,376.0499877929688,379.4500122070313,365.2384643554688,14682,"Nath Bio-Genes (India), Limited"
2019-08-07,387.6499938964844,387.6499938964844,371.1000061035156,374.0,359.9925842285156,5529,"Nath Bio-Genes (India), Limited"
2019-08-08,375.0,377.0,365.0,369.1000061035156,355.2760925292969,4798,"Nath Bio-Genes (India), Limited"
2019-08-09,369.3999938964844,381.5,369.3999938964844,374.1000061035156,360.0888366699219,4962,"Nath Bio-Genes (India), Limited"
2019-08-13,381.2000122070313,384.5,365.5,367.25,353.49542236328125,2900,"Nath Bio-Genes (India), Limited"
2019-08-14,364.0499877929688,371.8999938964844,364.0499877929688,365.7999877929688,352.0997009277344,2325,"Nath Bio-Genes (India), Limited"
2019-08-16,360.04998779296875,377.3999938964844,360.04998779296875,375.25,361.1957702636719,6087,"Nath Bio-Genes (India), Limited"
2019-08-19,371.0,377.8500061035156,366.1000061035156,370.5499877929688,356.6718139648437,9493,"Nath Bio-Genes (India), Limited"
2019-08-20,361.3500061035156,381.0,361.3500061035156,367.25,353.49542236328125,6936,"Nath Bio-Genes (India), Limited"
2019-08-21,374.5499877929688,374.5499877929688,355.1000061035156,359.1499938964844,345.6987609863281,22690,"Nath Bio-Genes (India), Limited"
2019-08-22,356.70001220703125,365.7999877929688,349.0,351.75,338.575927734375,6179,"Nath Bio-Genes (India), Limited"
2019-08-23,352.0,359.3999938964844,339.0,357.6000061035156,344.2068176269531,12930,"Nath Bio-Genes (India), Limited"
2019-08-26,354.0,364.7000122070313,350.0,354.04998779296875,340.789794921875,39859,"Nath Bio-Genes (India), Limited"
2019-08-27,364.5,374.4500122070313,352.25,356.25,342.90740966796875,5280,"Nath Bio-Genes (India), Limited"
2019-08-28,350.3999938964844,362.3999938964844,348.0,352.54998779296875,339.345947265625,6438,"Nath Bio-Genes (India), Limited"
2019-08-29,350.0,357.8999938964844,345.20001220703125,347.3999938964844,334.38885498046875,4405,"Nath Bio-Genes (India), Limited"
2019-08-30,343.0,350.0,335.0,343.95001220703125,331.0680847167969,8235,"Nath Bio-Genes (India), Limited"
2019-09-03,341.0,341.95001220703125,331.04998779296875,333.1000061035156,320.6244201660156,3493,"Nath Bio-Genes (India), Limited"
2019-09-04,331.0,332.04998779296875,322.04998779296875,327.79998779296875,315.5229187011719,4815,"Nath Bio-Genes (India), Limited"
2019-09-05,326.0,332.45001220703125,323.0,325.54998779296875,313.3571472167969,2238,"Nath Bio-Genes (India), Limited"
2019-09-06,331.8500061035156,356.0,326.29998779296875,343.0,330.1536560058594,19503,"Nath Bio-Genes (India), Limited"
2019-09-09,343.0,355.5,343.0,350.95001220703125,337.805908203125,4228,"Nath Bio-Genes (India), Limited"
2019-09-11,350.95001220703125,363.9500122070313,350.5,360.04998779296875,346.5650634765625,4912,"Nath Bio-Genes (India), Limited"
2019-09-12,358.1000061035156,369.0,358.1000061035156,365.1499938964844,351.4740295410156,3417,"Nath Bio-Genes (India), Limited"
2019-09-13,360.6499938964844,374.2999877929688,360.0,367.1499938964844,353.399169921875,7385,"Nath Bio-Genes (India), Limited"
2019-09-16,367.1499938964844,367.9500122070313,360.0,362.0,348.4420166015625,5402,"Nath Bio-Genes (India), Limited"
2019-09-17,360.6000061035156,367.9500122070313,360.0,361.3500061035156,347.8163452148437,2580,"Nath Bio-Genes (India), Limited"
2019-09-18,361.1000061035156,361.3500061035156,342.1000061035156,345.1000061035156,332.1750183105469,8307,"Nath Bio-Genes (India), Limited"
2019-09-19,345.1000061035156,347.29998779296875,336.0,342.1000061035156,329.287353515625,2195,"Nath Bio-Genes (India), Limited"
2019-09-20,339.0,355.79998779296875,338.0,351.6000061035156,338.4315795898437,5112,"Nath Bio-Genes (India), Limited"
2019-09-23,360.0,377.0,352.0,362.6000061035156,349.0195617675781,153379,"Nath Bio-Genes (India), Limited"
2019-09-24,382.0,382.0,359.54998779296875,376.2999877929688,362.2064514160156,16060,"Nath Bio-Genes (India), Limited"
2019-09-25,376.2999877929688,377.0,360.1000061035156,362.4500122070313,348.87518310546875,6755,"Nath Bio-Genes (India), Limited"
2019-09-26,370.0,370.0,360.0,360.8500061035156,347.3350830078125,5150,"Nath Bio-Genes (India), Limited"
2019-09-27,365.0,366.0,357.1000061035156,360.20001220703125,346.70947265625,4934,"Nath Bio-Genes (India), Limited"
2019-09-30,356.0,365.0,346.54998779296875,355.70001220703125,342.3780212402344,119957,"Nath Bio-Genes (India), Limited"
2019-10-01,360.75,361.7000122070313,350.0,350.75,337.6133728027344,5819,"Nath Bio-Genes (India), Limited"
2019-10-03,355.04998779296875,355.3999938964844,344.54998779296875,346.8500061035156,333.8594970703125,2284,"Nath Bio-Genes (India), Limited"
2019-10-04,346.0,352.8500061035156,341.45001220703125,344.25,331.3568115234375,3884,"Nath Bio-Genes (India), Limited"
2019-10-07,344.25,347.6000061035156,340.6000061035156,341.95001220703125,329.1429748535156,2985,"Nath Bio-Genes (India), Limited"
2019-10-09,375.0,375.0,325.25,333.6000061035156,321.1057434082031,13973,"Nath Bio-Genes (India), Limited"
2019-10-10,335.0,335.0,320.0,322.1499938964844,310.0845031738281,17026,"Nath Bio-Genes (India), Limited"
2019-10-11,320.45001220703125,330.8999938964844,313.1000061035156,318.6000061035156,306.6675109863281,25328,"Nath Bio-Genes (India), Limited"
2019-10-14,318.0,326.6000061035156,306.1000061035156,320.8500061035156,308.833251953125,21849,"Nath Bio-Genes (India), Limited"
2019-10-15,320.1000061035156,333.0,317.04998779296875,321.3999938964844,309.36260986328125,32028,"Nath Bio-Genes (India), Limited"
2019-10-16,324.0,329.8500061035156,321.5,322.8500061035156,310.75830078125,3038,"Nath Bio-Genes (India), Limited"
2019-10-17,349.0,349.0,323.0,327.1499938964844,314.8972473144531,2786,"Nath Bio-Genes (India), Limited"
2019-10-18,334.8999938964844,339.0,326.29998779296875,337.6000061035156,324.9559020996094,16381,"Nath Bio-Genes (India), Limited"
2019-10-22,330.0,337.95001220703125,322.0,329.1000061035156,316.77423095703125,9064,"Nath Bio-Genes (India), Limited"
2019-10-23,325.8500061035156,330.29998779296875,320.0,323.04998779296875,310.9508361816406,3698,"Nath Bio-Genes (India), Limited"
2019-10-24,320.6000061035156,328.0,320.0,321.1000061035156,309.0738830566406,48631,"Nath Bio-Genes (India), Limited"
2019-10-25,311.29998779296875,324.95001220703125,311.29998779296875,323.8500061035156,311.7208557128906,4202,"Nath Bio-Genes (India), Limited"
2019-10-27,329.0,330.0,319.95001220703125,326.79998779296875,314.56036376953125,8585,"Nath Bio-Genes (India), Limited"
2019-10-29,321.3999938964844,327.54998779296875,319.1000061035156,322.20001220703125,310.1326599121094,5471,"Nath Bio-Genes (India), Limited"
2019-10-30,322.20001220703125,334.5,322.0,322.5,310.42144775390625,9343,"Nath Bio-Genes (India), Limited"
2019-10-31,327.0,329.0,325.1000061035156,325.75,313.5497436523437,8429,"Nath Bio-Genes (India), Limited"
2019-11-01,322.1499938964844,347.0,322.1499938964844,344.0,331.1161804199219,57176,"Nath Bio-Genes (India), Limited"
2019-11-04,327.0,342.04998779296875,327.0,330.54998779296875,318.169921875,30185,"Nath Bio-Genes (India), Limited"
2019-11-05,330.54998779296875,339.0,330.54998779296875,332.70001220703125,320.2394104003906,5244,"Nath Bio-Genes (India), Limited"
2019-11-06,329.0,336.20001220703125,329.0,332.20001220703125,319.7581481933594,7057,"Nath Bio-Genes (India), Limited"
2019-11-07,329.04998779296875,346.95001220703125,329.04998779296875,342.1000061035156,329.287353515625,15897,"Nath Bio-Genes (India), Limited"
2019-11-08,341.95001220703125,367.9500122070313,341.95001220703125,353.70001220703125,340.4529113769531,50780,"Nath Bio-Genes (India), Limited"
2019-11-11,354.45001220703125,367.0,352.54998779296875,358.79998779296875,345.36187744140625,12571,"Nath Bio-Genes (India), Limited"
2019-11-13,354.04998779296875,355.0,343.0,344.79998779296875,331.8861999511719,7685,"Nath Bio-Genes (India), Limited"
2019-11-14,341.0,344.95001220703125,339.54998779296875,340.5,327.74725341796875,2349,"Nath Bio-Genes (India), Limited"
2019-11-15,337.0,349.45001220703125,334.8999938964844,337.70001220703125,325.0521545410156,18455,"Nath Bio-Genes (India), Limited"
2019-11-18,339.8500061035156,340.04998779296875,336.0,336.3500061035156,323.7527160644531,2485,"Nath Bio-Genes (India), Limited"
2019-11-19,330.45001220703125,338.79998779296875,325.0,326.45001220703125,314.2235107421875,12639,"Nath Bio-Genes (India), Limited"
2019-11-20,325.04998779296875,333.3999938964844,322.1000061035156,325.5,313.30908203125,8435,"Nath Bio-Genes (India), Limited"
2019-11-21,321.79998779296875,325.1499938964844,309.0,313.54998779296875,301.8066101074219,14113,"Nath Bio-Genes (India), Limited"
2019-11-22,317.3999938964844,322.3999938964844,311.1000061035156,315.54998779296875,303.731689453125,9836,"Nath Bio-Genes (India), Limited"
2019-11-25,316.04998779296875,329.3999938964844,315.0,327.29998779296875,315.0416259765625,10159,"Nath Bio-Genes (India), Limited"
2019-11-26,327.29998779296875,328.3999938964844,315.95001220703125,318.6000061035156,306.6675109863281,3805,"Nath Bio-Genes (India), Limited"
2019-11-27,322.0,322.0,318.0,318.45001220703125,306.5231018066406,1740,"Nath Bio-Genes (India), Limited"
2019-11-28,318.04998779296875,323.04998779296875,318.0,319.6000061035156,307.63006591796875,3472,"Nath Bio-Genes (India), Limited"
2019-11-29,310.6000061035156,323.0,310.6000061035156,315.6499938964844,303.8279724121094,4441,"Nath Bio-Genes (India), Limited"
2019-12-02,311.04998779296875,318.0,311.0,316.04998779296875,304.2129821777344,4355,"Nath Bio-Genes (India), Limited"
2019-12-03,322.0,322.0,312.0,312.75,301.0365905761719,3842,"Nath Bio-Genes (India), Limited"
2019-12-04,315.5,321.8999938964844,313.25,320.04998779296875,308.0631408691406,4370,"Nath Bio-Genes (India), Limited"
2019-12-05,317.95001220703125,318.0,314.6499938964844,315.20001220703125,303.39483642578125,3483,"Nath Bio-Genes (India), Limited"
2019-12-06,318.0,321.0,311.29998779296875,319.0,307.0525207519531,7530,"Nath Bio-Genes (India), Limited"
2019-12-09,319.8999938964844,319.8999938964844,310.5,314.75,302.96173095703125,7186,"Nath Bio-Genes (India), Limited"
2019-12-10,318.0,318.0,309.6499938964844,311.54998779296875,299.88153076171875,3403,"Nath Bio-Genes (India), Limited"
2019-12-11,314.0,316.6499938964844,311.0,314.29998779296875,302.5285339355469,4124,"Nath Bio-Genes (India), Limited"
2019-12-12,319.95001220703125,335.0,312.04998779296875,330.3999938964844,318.0255126953125,19778,"Nath Bio-Genes (India), Limited"
2019-12-13,331.8999938964844,344.6499938964844,326.3500061035156,342.3999938964844,329.5761108398437,23736,"Nath Bio-Genes (India), Limited"
2019-12-16,351.8999938964844,358.3999938964844,339.0,349.1000061035156,336.0251770019531,27531,"Nath Bio-Genes (India), Limited"
2019-12-17,345.0,363.9500122070313,345.0,358.29998779296875,344.880615234375,21571,"Nath Bio-Genes (India), Limited"
2019-12-18,356.04998779296875,358.29998779296875,350.54998779296875,355.79998779296875,342.4742431640625,8606,"Nath Bio-Genes (India), Limited"
2019-12-19,346.25,355.0,344.54998779296875,351.29998779296875,338.14276123046875,8451,"Nath Bio-Genes (India), Limited"
2019-12-20,348.1499938964844,354.0,342.0,349.8999938964844,336.79522705078125,4764,"Nath Bio-Genes (India), Limited"
2019-12-23,365.0,365.0,342.0,342.79998779296875,329.96112060546875,2578,"Nath Bio-Genes (India), Limited"
2019-12-24,351.95001220703125,351.95001220703125,337.0,338.6000061035156,325.91845703125,4627,"Nath Bio-Genes (India), Limited"
2019-12-26,342.95001220703125,343.75,336.79998779296875,337.3999938964844,324.76336669921875,1849,"Nath Bio-Genes (India), Limited"
2019-12-27,348.95001220703125,357.70001220703125,324.70001220703125,350.8999938964844,337.7577514648437,25683,"Nath Bio-Genes (India), Limited"
2019-12-30,355.6000061035156,355.70001220703125,342.3500061035156,349.54998779296875,336.4583435058594,6034,"Nath Bio-Genes (India), Limited"
2019-12-31,344.1000061035156,356.45001220703125,343.0,345.54998779296875,332.6081237792969,8601,"Nath Bio-Genes (India), Limited"
2020-01-01,360.0,372.0,343.54998779296875,368.5,354.6985778808594,47177,"Nath Bio-Genes (India), Limited"
2020-01-02,360.1000061035156,382.0,360.1000061035156,372.8999938964844,358.93377685546875,39977,"Nath Bio-Genes (India), Limited"
2020-01-03,375.0,375.0,358.0,359.3999938964844,345.9393920898437,14720,"Nath Bio-Genes (India), Limited"
2020-01-06,340.1000061035156,358.0,340.1000061035156,347.5,334.4850769042969,10959,"Nath Bio-Genes (India), Limited"
2020-01-07,350.0,361.0,347.8999938964844,351.75,338.575927734375,7033,"Nath Bio-Genes (India), Limited"
2020-01-08,350.0,354.04998779296875,340.04998779296875,351.25,338.0946655273437,5313,"Nath Bio-Genes (India), Limited"
2020-01-09,343.3999938964844,368.7999877929688,343.3999938964844,351.6499938964844,338.4796447753906,11584,"Nath Bio-Genes (India), Limited"
2020-01-10,359.45001220703125,359.45001220703125,345.0,352.70001220703125,339.4903869628906,13039,"Nath Bio-Genes (India), Limited"
2020-01-13,360.0,360.0,347.0,352.25,339.0572204589844,4561,"Nath Bio-Genes (India), Limited"
2020-01-14,353.0,359.45001220703125,351.25,355.6499938964844,342.3298645019531,7738,"Nath Bio-Genes (India), Limited"
2020-01-15,362.0,372.0,353.6000061035156,369.5,355.6611633300781,30949,"Nath Bio-Genes (India), Limited"
2020-01-16,368.1499938964844,378.6000061035156,367.0499877929688,374.0,359.9925842285156,13813,"Nath Bio-Genes (India), Limited"
2020-01-17,376.0,382.0,366.1000061035156,368.2000122070313,354.40985107421875,14685,"Nath Bio-Genes (India), Limited"
2020-01-20,369.9500122070313,376.9500122070313,356.6000061035156,360.4500122070313,346.9501342773437,8027,"Nath Bio-Genes (India), Limited"
2020-01-21,367.0,367.0,356.1499938964844,360.0,346.5169372558594,80108,"Nath Bio-Genes (India), Limited"
2020-01-22,363.3500061035156,363.3500061035156,356.0,358.8999938964844,345.4581298828125,14966,"Nath Bio-Genes (India), Limited"
2020-01-23,363.0,363.0,350.0,356.8500061035156,343.4848937988281,10184,"Nath Bio-Genes (India), Limited"
2020-01-24,354.29998779296875,357.0,352.3999938964844,355.0,341.7041931152344,6281,"Nath Bio-Genes (India), Limited"
2020-01-27,350.0,358.1499938964844,350.0,353.0,339.7790832519531,3399,"Nath Bio-Genes (India), Limited"
2020-01-28,350.0,354.0,346.5,348.79998779296875,335.7364196777344,9103,"Nath Bio-Genes (India), Limited"
2020-01-29,341.20001220703125,363.7000122070313,341.20001220703125,348.8999938964844,335.8326721191406,11047,"Nath Bio-Genes (India), Limited"
2020-01-30,349.25,360.8999938964844,346.5,350.79998779296875,337.6614685058594,7338,"Nath Bio-Genes (India), Limited"
2020-01-31,352.04998779296875,354.70001220703125,342.1000061035156,344.75,331.83807373046875,5635,"Nath Bio-Genes (India), Limited"
2020-02-03,337.5,337.5,327.0,331.6499938964844,319.2287292480469,55218,"Nath Bio-Genes (India), Limited"
2020-02-04,325.5,339.0,319.1000061035156,328.54998779296875,316.2448425292969,10352,"Nath Bio-Genes (India), Limited"
2020-02-05,336.0,337.5,322.0,327.8500061035156,315.5710754394531,7842,"Nath Bio-Genes (India), Limited"
2020-02-06,325.5,330.0,325.5,326.75,314.51226806640625,4548,"Nath Bio-Genes (India), Limited"
2020-02-07,320.0,331.0,320.0,324.29998779296875,312.15399169921875,7661,"Nath Bio-Genes (India), Limited"
2020-02-10,328.6000061035156,330.95001220703125,323.70001220703125,327.0,314.7529296875,4645,"Nath Bio-Genes (India), Limited"
2020-02-11,322.20001220703125,328.0,317.20001220703125,320.5,308.496337890625,8088,"Nath Bio-Genes (India), Limited"
2020-02-12,320.29998779296875,329.79998779296875,306.95001220703125,325.8500061035156,313.64599609375,23987,"Nath Bio-Genes (India), Limited"
2020-02-13,335.0,335.0,317.0,318.95001220703125,307.00439453125,8027,"Nath Bio-Genes (India), Limited"
2020-02-14,315.6000061035156,333.95001220703125,315.04998779296875,319.3500061035156,307.389404296875,121076,"Nath Bio-Genes (India), Limited"
2020-02-17,319.3500061035156,326.0,312.0,316.79998779296875,304.9349060058594,10404,"Nath Bio-Genes (India), Limited"
2020-02-18,310.0,323.5,310.0,314.6499938964844,302.86541748046875,11347,"Nath Bio-Genes (India), Limited"
2020-02-19,319.8999938964844,338.8500061035156,311.95001220703125,332.54998779296875,320.094970703125,36197,"Nath Bio-Genes (India), Limited"
2020-02-20,332.04998779296875,390.1000061035156,332.04998779296875,354.6499938964844,341.3672790527344,219532,"Nath Bio-Genes (India), Limited"
2020-02-24,357.79998779296875,369.6000061035156,352.1499938964844,356.25,342.90740966796875,103198,"Nath Bio-Genes (India), Limited"
2020-02-25,359.8999938964844,359.8999938964844,343.04998779296875,344.8999938964844,331.98248291015625,9329,"Nath Bio-Genes (India), Limited"
2020-02-26,350.0,353.95001220703125,335.1000061035156,341.54998779296875,328.7579345703125,9022,"Nath Bio-Genes (India), Limited"
2020-02-27,352.0,352.0,327.3500061035156,332.1499938964844,319.7099914550781,7244,"Nath Bio-Genes (India), Limited"
2020-02-28,332.0,332.0,312.04998779296875,315.95001220703125,304.11676025390625,8640,"Nath Bio-Genes (India), Limited"
2020-03-02,323.0,336.95001220703125,292.8999938964844,312.6499938964844,300.9403686523437,14596,"Nath Bio-Genes (India), Limited"
2020-03-03,316.1000061035156,350.04998779296875,316.1000061035156,326.3500061035156,314.12725830078125,30855,"Nath Bio-Genes (India), Limited"
2020-03-04,339.0,339.0,320.0,320.3999938964844,308.4000244140625,10291,"Nath Bio-Genes (India), Limited"
2020-03-05,315.0,338.29998779296875,315.0,320.1000061035156,308.111328125,15180,"Nath Bio-Genes (India), Limited"
2020-03-06,308.0,321.5,300.0,305.54998779296875,294.1062316894531,15581,"Nath Bio-Genes (India), Limited"
2020-03-09,299.0,304.5,262.3999938964844,266.45001220703125,256.470703125,33030,"Nath Bio-Genes (India), Limited"
2020-03-11,276.0,276.0,260.0,263.70001220703125,253.8236694335937,11789,"Nath Bio-Genes (India), Limited"
2020-03-12,260.0,260.0,211.0,211.0,203.0974273681641,43901,"Nath Bio-Genes (India), Limited"
2020-03-13,201.0,220.0,189.8999938964844,210.6999969482422,202.80865478515625,39265,"Nath Bio-Genes (India), Limited"
2020-03-16,211.0,211.0,190.5,192.8500061035156,185.627197265625,15048,"Nath Bio-Genes (India), Limited"
2020-03-17,185.0,206.8000030517578,173.60000610351562,175.75,169.1676483154297,51138,"Nath Bio-Genes (India), Limited"
2020-03-18,189.5,189.5,161.0,165.8000030517578,159.59030151367188,27604,"Nath Bio-Genes (India), Limited"
2020-03-19,160.0,175.0,151.10000610351562,157.9499969482422,152.0343017578125,73508,"Nath Bio-Genes (India), Limited"
2020-03-20,157.9499969482422,165.8000030517578,156.5,157.39999389648438,151.50489807128906,27376,"Nath Bio-Genes (India), Limited"
2020-03-23,149.60000610351562,158.0,149.5500030517578,149.5500030517578,143.94891357421875,6617,"Nath Bio-Genes (India), Limited"
2020-03-24,145.1999969482422,145.5,142.10000610351562,142.10000610351562,136.77793884277344,18809,"Nath Bio-Genes (India), Limited"
2020-03-25,135.0500030517578,135.0500030517578,135.0,135.0,129.94386291503906,7481,"Nath Bio-Genes (India), Limited"
2020-03-26,135.0,141.75,128.25,141.0,135.71913146972656,80564,"Nath Bio-Genes (India), Limited"
2020-03-27,148.0500030517578,148.0500030517578,133.9499969482422,133.9499969482422,128.9331817626953,24026,"Nath Bio-Genes (India), Limited"
2020-03-30,135.0,140.60000610351562,127.3000030517578,128.89999389648438,124.0723114013672,22842,"Nath Bio-Genes (India), Limited"
2020-03-31,135.0,135.3000030517578,127.5,135.3000030517578,130.2326202392578,9424,"Nath Bio-Genes (India), Limited"
2020-04-01,142.0,142.0500030517578,135.10000610351562,142.0,136.6816864013672,6763,"Nath Bio-Genes (India), Limited"
2020-04-03,135.3000030517578,149.10000610351562,135.3000030517578,149.10000610351562,143.51577758789062,6680,"Nath Bio-Genes (India), Limited"
2020-04-07,156.0,156.5500030517578,156.0,156.5500030517578,150.68675231933594,1023,"Nath Bio-Genes (India), Limited"
2020-04-08,164.35000610351562,164.35000610351562,154.6999969482422,164.35000610351562,158.19461059570312,14174,"Nath Bio-Genes (India), Limited"
2020-04-09,180.75,180.75,171.60000610351562,180.75,173.98037719726562,3269,"Nath Bio-Genes (India), Limited"
2020-04-13,198.8000030517578,198.8000030517578,184.5,198.8000030517578,191.3543701171875,17562,"Nath Bio-Genes (India), Limited"
2020-04-15,218.0,218.6499938964844,205.25,218.6499938964844,210.4609222412109,16376,"Nath Bio-Genes (India), Limited"
2020-04-16,227.8000030517578,229.5500030517578,207.75,217.0,208.8726959228516,32746,"Nath Bio-Genes (India), Limited"
2020-04-17,223.0,225.3999938964844,206.1499938964844,216.6499938964844,208.5358123779297,14455,"Nath Bio-Genes (India), Limited"
2020-04-20,216.6499938964844,227.4499969482422,216.6499938964844,227.3999938964844,218.8832092285156,14877,"Nath Bio-Genes (India), Limited"
2020-04-21,230.0,230.0,216.0500030517578,216.0500030517578,207.9582977294922,9034,"Nath Bio-Genes (India), Limited"
2020-04-22,205.25,223.8999938964844,205.25,217.6499938964844,209.49835205078125,8735,"Nath Bio-Genes (India), Limited"
2020-04-23,216.0,216.0,207.6000061035156,209.8999938964844,202.03860473632807,5103,"Nath Bio-Genes (India), Limited"
2020-04-24,209.0,220.3500061035156,206.3000030517578,215.4499969482422,207.38075256347656,14408,"Nath Bio-Genes (India), Limited"
2020-04-27,215.4499969482422,226.1999969482422,215.4499969482422,225.9499969482422,217.48748779296875,12181,"Nath Bio-Genes (India), Limited"
2020-04-28,236.6999969482422,237.1999969482422,229.1000061035156,235.3500061035156,226.5354461669922,27518,"Nath Bio-Genes (India), Limited"
2020-04-29,244.0,247.1000061035156,235.0,247.1000061035156,237.8453826904297,10980,"Nath Bio-Genes (India), Limited"
2020-04-30,255.0,259.45001220703125,251.1000061035156,259.1499938964844,249.44406127929688,15252,"Nath Bio-Genes (India), Limited"
2020-05-04,260.0,272.1000061035156,247.1000061035156,271.8500061035156,261.6683959960937,15684,"Nath Bio-Genes (India), Limited"
2020-05-05,284.54998779296875,285.3999938964844,275.8500061035156,285.3999938964844,274.7109375,11009,"Nath Bio-Genes (India), Limited"
2020-05-06,298.3999938964844,299.6499938964844,272.1000061035156,298.79998779296875,287.60906982421875,31874,"Nath Bio-Genes (India), Limited"
2020-05-07,309.0,311.8999938964844,297.0,308.54998779296875,296.9938659667969,67163,"Nath Bio-Genes (India), Limited"
2020-05-08,309.0,317.1499938964844,295.5,298.20001220703125,287.03155517578125,53355,"Nath Bio-Genes (India), Limited"
2020-05-11,288.1000061035156,296.8500061035156,283.8999938964844,287.8999938964844,277.1173095703125,45486,"Nath Bio-Genes (India), Limited"
2020-05-12,284.25,302.25,284.20001220703125,301.1499938964844,289.8710632324219,58781,"Nath Bio-Genes (India), Limited"
2020-05-13,312.95001220703125,315.0,299.95001220703125,306.54998779296875,295.0688171386719,51953,"Nath Bio-Genes (India), Limited"
2020-05-14,300.0,306.54998779296875,295.0,297.0,285.87646484375,6957,"Nath Bio-Genes (India), Limited"
2020-05-15,286.20001220703125,299.95001220703125,286.04998779296875,296.1000061035156,285.0102233886719,6327,"Nath Bio-Genes (India), Limited"
2020-05-18,299.45001220703125,299.45001220703125,282.5,288.6000061035156,277.79107666015625,16135,"Nath Bio-Genes (India), Limited"
2020-05-19,288.95001220703125,297.5,280.25,294.0,282.98883056640625,65227,"Nath Bio-Genes (India), Limited"
2020-05-20,294.0,298.95001220703125,285.04998779296875,297.20001220703125,286.0690002441406,12418,"Nath Bio-Genes (India), Limited"
2020-05-21,300.0,300.1499938964844,294.0,297.29998779296875,286.1651916503906,39247,"Nath Bio-Genes (India), Limited"
2020-05-22,299.8999938964844,299.8999938964844,286.3999938964844,295.8999938964844,284.8176574707031,4706,"Nath Bio-Genes (India), Limited"
2020-05-26,296.0,310.0,290.0,307.5,295.9832458496094,29051,"Nath Bio-Genes (India), Limited"
2020-05-27,308.20001220703125,308.20001220703125,293.75,299.45001220703125,288.23468017578125,56627,"Nath Bio-Genes (India), Limited"
2020-05-28,299.04998779296875,308.8999938964844,285.3999938964844,307.0,295.501953125,64981,"Nath Bio-Genes (India), Limited"
2020-05-29,304.54998779296875,314.8999938964844,303.0,310.29998779296875,298.6783447265625,32067,"Nath Bio-Genes (India), Limited"
2020-06-01,315.0,323.8999938964844,313.1000061035156,320.3500061035156,308.3519897460937,29697,"Nath Bio-Genes (India), Limited"
2020-06-02,334.3500061035156,336.3500061035156,313.0,335.8999938964844,323.31951904296875,47063,"Nath Bio-Genes (India), Limited"
2020-06-03,349.79998779296875,350.0,325.0,326.3500061035156,314.12725830078125,90638,"Nath Bio-Genes (India), Limited"
2020-06-04,326.3500061035156,331.6499938964844,320.0,322.1499938964844,310.0845031738281,25601,"Nath Bio-Genes (India), Limited"
2020-06-05,324.0,330.95001220703125,323.0,329.8999938964844,317.54425048828125,48099,"Nath Bio-Genes (India), Limited"
2020-06-08,326.25,333.0,315.0,321.25,309.21826171875,15596,"Nath Bio-Genes (India), Limited"
2020-06-09,321.0,325.0,313.3500061035156,319.1499938964844,307.1968994140625,29131,"Nath Bio-Genes (India), Limited"
2020-06-10,315.79998779296875,335.0,315.79998779296875,329.6499938964844,317.3036193847656,59696,"Nath Bio-Genes (India), Limited"
2020-06-11,338.20001220703125,338.20001220703125,321.45001220703125,328.6499938964844,316.3410949707031,43813,"Nath Bio-Genes (India), Limited"
2020-06-12,328.0,333.0,315.0,327.1499938964844,314.8972473144531,17427,"Nath Bio-Genes (India), Limited"
2020-06-15,332.8999938964844,343.5,317.8500061035156,343.25,330.3942565917969,68210,"Nath Bio-Genes (India), Limited"
2020-06-16,348.8999938964844,348.8999938964844,326.1000061035156,346.1000061035156,333.1375732421875,71484,"Nath Bio-Genes (India), Limited"
2020-06-17,349.8500061035156,353.29998779296875,340.1499938964844,342.1499938964844,329.33544921875,28485,"Nath Bio-Genes (India), Limited"
2020-06-18,347.0,348.70001220703125,334.75,338.8500061035156,326.1590881347656,19150,"Nath Bio-Genes (India), Limited"
2020-06-19,342.95001220703125,346.0,333.0,334.8500061035156,322.30889892578125,11977,"Nath Bio-Genes (India), Limited"
2020-06-22,340.5,340.5,328.54998779296875,330.04998779296875,317.68865966796875,11843,"Nath Bio-Genes (India), Limited"
2020-06-23,326.6499938964844,345.0,321.0,343.1499938964844,330.2980041503906,27097,"Nath Bio-Genes (India), Limited"
2020-06-24,345.0,355.0,331.04998779296875,332.75,320.2875671386719,19190,"Nath Bio-Genes (India), Limited"
2020-06-25,328.54998779296875,337.25,327.04998779296875,330.25,317.8811950683594,5840,"Nath Bio-Genes (India), Limited"
2020-06-26,339.6499938964844,339.6499938964844,327.79998779296875,335.3500061035156,322.7901306152344,6031,"Nath Bio-Genes (India), Limited"
2020-06-29,332.6499938964844,344.8999938964844,320.6000061035156,324.20001220703125,312.0577697753906,9174,"Nath Bio-Genes (India), Limited"
2020-06-30,328.70001220703125,328.70001220703125,311.0,320.6000061035156,308.59259033203125,13794,"Nath Bio-Genes (India), Limited"
2020-07-01,320.0,327.0,316.0,321.6000061035156,309.5551452636719,6366,"Nath Bio-Genes (India), Limited"
2020-07-02,320.04998779296875,324.95001220703125,317.0,318.04998779296875,306.1380920410156,12607,"Nath Bio-Genes (India), Limited"
2020-07-03,318.04998779296875,324.95001220703125,314.1499938964844,322.25,310.1807861328125,20804,"Nath Bio-Genes (India), Limited"
2020-07-06,334.95001220703125,334.95001220703125,321.29998779296875,325.20001220703125,313.02032470703125,19028,"Nath Bio-Genes (India), Limited"
2020-07-07,327.04998779296875,334.95001220703125,321.3999938964844,331.79998779296875,319.3730773925781,7484,"Nath Bio-Genes (India), Limited"
2020-07-08,327.0,333.0,320.5,322.04998779296875,309.9882507324219,11480,"Nath Bio-Genes (India), Limited"
2020-07-09,321.25,334.0,321.25,330.25,317.8811950683594,15524,"Nath Bio-Genes (India), Limited"
2020-07-10,334.0,334.0,325.0,327.8999938964844,315.6191711425781,5776,"Nath Bio-Genes (India), Limited"
2020-07-13,328.0,332.75,322.1000061035156,330.6000061035156,318.21807861328125,6867,"Nath Bio-Genes (India), Limited"
2020-07-14,325.1499938964844,347.1000061035156,325.1000061035156,346.54998779296875,333.5706787109375,31705,"Nath Bio-Genes (India), Limited"
2020-07-15,351.95001220703125,356.0,335.25,337.79998779296875,325.1484069824219,29506,"Nath Bio-Genes (India), Limited"
2020-07-16,335.20001220703125,340.0,332.6000061035156,334.8999938964844,322.35699462890625,4892,"Nath Bio-Genes (India), Limited"
2020-07-17,341.0,341.8500061035156,328.0,331.6499938964844,319.2287292480469,12367,"Nath Bio-Genes (India), Limited"
2020-07-20,331.5,345.95001220703125,330.04998779296875,340.3500061035156,327.6029052734375,32259,"Nath Bio-Genes (India), Limited"
2020-07-21,347.0,357.3500061035156,337.1000061035156,357.3500061035156,343.9661865234375,43375,"Nath Bio-Genes (India), Limited"
2020-07-22,365.8999938964844,375.2000122070313,360.1000061035156,373.6499938964844,359.6557006835937,67039,"Nath Bio-Genes (India), Limited"
2020-07-23,380.0,381.7999877929688,361.2000122070313,364.0499877929688,350.41522216796875,24881,"Nath Bio-Genes (India), Limited"
2020-07-24,366.7000122070313,366.7000122070313,346.0,349.0,335.9289245605469,39836,"Nath Bio-Genes (India), Limited"
2020-07-27,353.29998779296875,353.29998779296875,333.0,336.3999938964844,323.8008117675781,14406,"Nath Bio-Genes (India), Limited"
2020-07-28,341.04998779296875,347.79998779296875,333.0,339.6499938964844,326.9291076660156,8664,"Nath Bio-Genes (India), Limited"
2020-07-29,335.0,346.8999938964844,328.95001220703125,334.20001220703125,321.6832275390625,21513,"Nath Bio-Genes (India), Limited"
2020-07-30,327.1000061035156,343.95001220703125,327.1000061035156,328.3500061035156,316.0523376464844,10936,"Nath Bio-Genes (India), Limited"
2020-07-31,330.04998779296875,335.8999938964844,327.1000061035156,334.0,321.4907531738281,9377,"Nath Bio-Genes (India), Limited"
2020-08-03,340.0,350.70001220703125,340.0,350.70001220703125,337.5652770996094,11555,"Nath Bio-Genes (India), Limited"
2020-08-04,368.0,368.2000122070313,360.04998779296875,364.3500061035156,350.7040100097656,91860,"Nath Bio-Genes (India), Limited"
2020-08-05,364.0,369.8999938964844,356.54998779296875,363.6499938964844,350.0302429199219,24756,"Nath Bio-Genes (India), Limited"
2020-08-06,357.04998779296875,381.7999877929688,357.04998779296875,381.0499877929688,366.7785949707031,101226,"Nath Bio-Genes (India), Limited"
2020-08-07,384.8999938964844,416.0,379.9500122070313,399.0499877929688,384.1044006347656,481155,"Nath Bio-Genes (India), Limited"
2020-08-10,390.0,409.9500122070313,351.95001220703125,356.8500061035156,343.4848937988281,347595,"Nath Bio-Genes (India), Limited"
2020-08-11,356.8500061035156,360.0,327.0,330.95001220703125,318.554931640625,290572,"Nath Bio-Genes (India), Limited"
2020-08-12,321.0,348.8999938964844,321.0,344.8999938964844,331.98248291015625,203125,"Nath Bio-Genes (India), Limited"
2020-08-13,349.79998779296875,355.75,335.0,338.3500061035156,325.6778259277344,66271,"Nath Bio-Genes (India), Limited"
2020-08-14,340.0,347.0,326.0,328.54998779296875,316.2448425292969,62527,"Nath Bio-Genes (India), Limited"
2020-08-17,324.0,329.0,314.5,315.5,303.68359375,71763,"Nath Bio-Genes (India), Limited"
2020-08-18,317.0,344.8500061035156,317.0,334.20001220703125,321.6832275390625,172030,"Nath Bio-Genes (India), Limited"
2020-08-19,338.8500061035156,344.0,333.6000061035156,337.1499938964844,324.5227355957031,48784,"Nath Bio-Genes (India), Limited"
2020-08-20,332.1499938964844,336.29998779296875,330.1000061035156,333.29998779296875,320.8169250488281,22050,"Nath Bio-Genes (India), Limited"
2020-08-21,333.0,338.54998779296875,319.0,330.04998779296875,317.68865966796875,160147,"Nath Bio-Genes (India), Limited"
2020-08-24,333.1499938964844,335.0,321.3500061035156,322.8999938964844,310.8064270019531,57103,"Nath Bio-Genes (India), Limited"
2020-08-25,328.8500061035156,352.79998779296875,320.1499938964844,337.70001220703125,325.0521545410156,182362,"Nath Bio-Genes (India), Limited"
2020-08-26,341.5,341.5,326.45001220703125,328.1499938964844,315.8597717285156,77265,"Nath Bio-Genes (India), Limited"
2020-08-27,333.1000061035156,335.95001220703125,320.6499938964844,321.6499938964844,309.6032409667969,82615,"Nath Bio-Genes (India), Limited"
2020-08-28,323.0,334.8999938964844,320.8999938964844,321.54998779296875,309.5069580078125,66086,"Nath Bio-Genes (India), Limited"
2020-08-31,325.75,326.8999938964844,263.70001220703125,295.1499938964844,284.09576416015625,85526,"Nath Bio-Genes (India), Limited"
2020-09-01,303.79998779296875,303.79998779296875,288.0,292.20001220703125,281.2562866210937,26553,"Nath Bio-Genes (India), Limited"
2020-09-02,290.0,312.8500061035156,290.0,309.6499938964844,298.0527038574219,63548,"Nath Bio-Genes (India), Limited"
2020-09-03,314.3999938964844,314.3999938964844,302.6000061035156,303.29998779296875,291.94049072265625,15747,"Nath Bio-Genes (India), Limited"
2020-09-04,296.1000061035156,301.8999938964844,290.0,292.70001220703125,281.737548828125,32609,"Nath Bio-Genes (India), Limited"
2020-09-07,290.0,295.1499938964844,282.0,284.54998779296875,273.89276123046875,32356,"Nath Bio-Genes (India), Limited"
2020-09-08,283.0,284.1499938964844,266.20001220703125,273.45001220703125,263.20855712890625,91161,"Nath Bio-Genes (India), Limited"
2020-09-09,221.1999969482422,269.95001220703125,221.1999969482422,264.54998779296875,254.6417999267578,37764,"Nath Bio-Genes (India), Limited"
2020-09-10,262.1499938964844,279.8999938964844,262.1499938964844,273.95001220703125,263.6898193359375,24209,"Nath Bio-Genes (India), Limited"
2020-09-11,273.04998779296875,280.79998779296875,273.04998779296875,277.45001220703125,267.0586853027344,10496,"Nath Bio-Genes (India), Limited"
2020-09-14,278.0,293.79998779296875,277.95001220703125,282.75,272.1601867675781,31926,"Nath Bio-Genes (India), Limited"
2020-09-15,287.95001220703125,293.1499938964844,284.04998779296875,287.6499938964844,276.8766784667969,21782,"Nath Bio-Genes (India), Limited"
2020-09-16,292.8999938964844,292.8999938964844,282.54998779296875,286.1000061035156,275.3847045898437,22705,"Nath Bio-Genes (India), Limited"
2020-09-17,285.3500061035156,285.6000061035156,272.1000061035156,276.25,265.90362548828125,25603,"Nath Bio-Genes (India), Limited"
2020-09-18,279.70001220703125,283.3999938964844,275.20001220703125,278.04998779296875,267.6361999511719,16880,"Nath Bio-Genes (India), Limited"
2020-09-21,279.5,284.8999938964844,273.3999938964844,276.8500061035156,266.48114013671875,25259,"Nath Bio-Genes (India), Limited"
2020-09-22,270.0,279.95001220703125,264.29998779296875,272.3500061035156,262.14971923828125,19736,"Nath Bio-Genes (India), Limited"
2020-09-23,277.8500061035156,277.8999938964844,264.0,266.3999938964844,256.4225158691406,15879,"Nath Bio-Genes (India), Limited"
2020-09-24,264.0,264.1000061035156,249.8500061035156,251.9499969482422,242.51373291015625,22632,"Nath Bio-Genes (India), Limited"
2020-09-25,253.3500061035156,262.6000061035156,253.3500061035156,260.1499938964844,250.40660095214844,11948,"Nath Bio-Genes (India), Limited"
2020-09-28,260.5,274.70001220703125,260.5,267.6000061035156,257.5775756835937,18824,"Nath Bio-Genes (India), Limited"
2020-09-29,274.3999938964844,295.45001220703125,274.3500061035156,288.6000061035156,277.79107666015625,88012,"Nath Bio-Genes (India), Limited"
2020-09-30,290.0,292.0,281.0,284.79998779296875,274.1333923339844,18446,"Nath Bio-Genes (India), Limited"
2020-10-01,287.45001220703125,299.70001220703125,284.25,289.6499938964844,278.8017272949219,45438,"Nath Bio-Genes (India), Limited"
2020-10-05,291.75,293.95001220703125,291.1000061035156,292.04998779296875,281.11187744140625,19219,"Nath Bio-Genes (India), Limited"
2020-10-06,289.79998779296875,326.5,289.79998779296875,323.0,310.9027099609375,348335,"Nath Bio-Genes (India), Limited"
2020-10-07,324.95001220703125,337.0,311.3500061035156,330.8999938964844,318.5068054199219,206808,"Nath Bio-Genes (India), Limited"
2020-10-08,333.0,335.54998779296875,319.0,331.6499938964844,319.2287292480469,93982,"Nath Bio-Genes (India), Limited"
2020-10-09,326.45001220703125,330.04998779296875,317.1000061035156,321.3999938964844,309.36260986328125,44005,"Nath Bio-Genes (India), Limited"
2020-10-12,321.5,326.54998779296875,305.0,310.29998779296875,298.6783447265625,23315,"Nath Bio-Genes (India), Limited"
2020-10-13,310.0,330.0,302.5,314.8999938964844,303.1060485839844,71386,"Nath Bio-Genes (India), Limited"
2020-10-14,318.95001220703125,325.0,305.6000061035156,321.6499938964844,309.6032409667969,48420,"Nath Bio-Genes (India), Limited"
2020-10-15,321.1000061035156,321.6499938964844,303.0,306.45001220703125,294.9725646972656,16105,"Nath Bio-Genes (India), Limited"
2020-10-16,308.75,317.79998779296875,308.0,314.20001220703125,302.43231201171875,12058,"Nath Bio-Genes (India), Limited"
2020-10-19,323.0,323.0,309.8500061035156,317.25,305.3680419921875,20107,"Nath Bio-Genes (India), Limited"
2020-10-20,320.75,323.0,309.0,315.3500061035156,303.53924560546875,8304,"Nath Bio-Genes (India), Limited"
2020-10-21,311.29998779296875,324.3999938964844,311.29998779296875,313.54998779296875,301.8066101074219,32317,"Nath Bio-Genes (India), Limited"
2020-10-22,313.0,316.95001220703125,310.1000061035156,312.45001220703125,300.7478332519531,5410,"Nath Bio-Genes (India), Limited"
2020-10-23,314.3500061035156,318.95001220703125,313.1000061035156,315.75,303.9242248535156,15161,"Nath Bio-Genes (India), Limited"
2020-10-26,320.0,320.0,303.1000061035156,305.95001220703125,294.49127197265625,11663,"Nath Bio-Genes (India), Limited"
2020-10-27,305.95001220703125,309.70001220703125,295.04998779296875,303.54998779296875,292.1811218261719,14810,"Nath Bio-Genes (India), Limited"
2020-10-28,303.20001220703125,307.0,295.04998779296875,297.04998779296875,285.9245910644531,15720,"Nath Bio-Genes (India), Limited"
2020-10-29,298.95001220703125,300.0,288.79998779296875,290.25,279.3793029785156,13546,"Nath Bio-Genes (India), Limited"
2020-10-30,290.8999938964844,295.75,285.5,288.3500061035156,277.5504455566406,17407,"Nath Bio-Genes (India), Limited"
2020-11-02,288.95001220703125,291.29998779296875,274.8500061035156,277.8500061035156,267.4437255859375,19938,"Nath Bio-Genes (India), Limited"
2020-11-03,279.95001220703125,284.45001220703125,270.04998779296875,272.0,261.8127746582031,23701,"Nath Bio-Genes (India), Limited"
2020-11-04,270.5,282.45001220703125,270.45001220703125,278.04998779296875,267.6361999511719,8462,"Nath Bio-Genes (India), Limited"
2020-11-05,281.6499938964844,286.5,275.0,279.04998779296875,268.5987548828125,27990,"Nath Bio-Genes (India), Limited"
2020-11-06,283.5,283.5,278.0,279.8500061035156,269.3687744140625,21170,"Nath Bio-Genes (India), Limited"
2020-11-09,276.79998779296875,278.8999938964844,265.0,267.1000061035156,257.0963134765625,37701,"Nath Bio-Genes (India), Limited"
2020-11-10,269.79998779296875,271.8500061035156,256.0,259.54998779296875,249.82907104492188,26012,"Nath Bio-Genes (India), Limited"
2020-11-11,261.6499938964844,261.79998779296875,253.8999938964844,256.1499938964844,246.55642700195312,53325,"Nath Bio-Genes (India), Limited"
2020-11-12,257.0,263.79998779296875,257.0,261.3999938964844,251.6098022460937,24976,"Nath Bio-Genes (India), Limited"
2020-11-13,266.6499938964844,285.45001220703125,260.3999938964844,277.0,266.62554931640625,71233,"Nath Bio-Genes (India), Limited"
2020-11-14,283.8999938964844,283.8999938964844,261.95001220703125,276.25,265.90362548828125,11933,"Nath Bio-Genes (India), Limited"
2020-11-17,270.0,280.0,268.54998779296875,271.0,260.8502502441406,23764,"Nath Bio-Genes (India), Limited"
2020-11-18,268.1000061035156,274.0,265.0,268.79998779296875,258.732666015625,18535,"Nath Bio-Genes (India), Limited"
2020-11-19,271.20001220703125,272.75,265.0,266.1000061035156,256.1337890625,24260,"Nath Bio-Genes (India), Limited"
2020-11-20,269.5,269.5,258.0,262.45001220703125,252.6204833984375,31533,"Nath Bio-Genes (India), Limited"
2020-11-23,263.0,267.79998779296875,262.45001220703125,263.3999938964844,253.534912109375,30157,"Nath Bio-Genes (India), Limited"
2020-11-24,264.95001220703125,265.95001220703125,261.0,263.75,253.87179565429688,41212,"Nath Bio-Genes (India), Limited"
2020-11-25,265.5,266.0,261.0,261.54998779296875,251.75418090820312,27512,"Nath Bio-Genes (India), Limited"
2020-11-26,264.0,282.3500061035156,260.29998779296875,278.1499938964844,267.7324523925781,123659,"Nath Bio-Genes (India), Limited"
2020-11-27,275.95001220703125,289.0,273.70001220703125,281.3500061035156,270.8125915527344,50798,"Nath Bio-Genes (India), Limited"
2020-12-01,285.0,304.54998779296875,277.5,288.75,277.9354858398437,118395,"Nath Bio-Genes (India), Limited"
2020-12-02,290.0,293.95001220703125,285.6000061035156,290.5,279.6199035644531,172714,"Nath Bio-Genes (India), Limited"
2020-12-03,294.0,304.0,287.8999938964844,296.0,284.9139404296875,343351,"Nath Bio-Genes (India), Limited"
2020-12-04,297.70001220703125,303.95001220703125,295.20001220703125,296.25,285.1545715332031,244166,"Nath Bio-Genes (India), Limited"
2020-12-07,296.25,297.95001220703125,290.1000061035156,292.79998779296875,281.8337707519531,58765,"Nath Bio-Genes (India), Limited"
2020-12-08,292.79998779296875,295.8999938964844,282.0,283.04998779296875,272.4489440917969,195372,"Nath Bio-Genes (India), Limited"
2020-12-09,284.0,294.95001220703125,267.95001220703125,294.20001220703125,283.18133544921875,485928,"Nath Bio-Genes (India), Limited"
2020-12-10,301.04998779296875,307.8999938964844,293.29998779296875,295.6499938964844,284.5770263671875,298601,"Nath Bio-Genes (India), Limited"
2020-12-11,296.0,299.8999938964844,290.25,292.6499938964844,281.6894226074219,173339,"Nath Bio-Genes (India), Limited"
2020-12-14,291.0,295.5,282.04998779296875,283.75,273.12274169921875,92336,"Nath Bio-Genes (India), Limited"
2020-12-15,283.5,285.0,274.8500061035156,277.04998779296875,266.67364501953125,128361,"Nath Bio-Genes (India), Limited"
2020-12-16,283.0,285.0,276.04998779296875,277.75,267.34747314453125,41810,"Nath Bio-Genes (India), Limited"
2020-12-17,279.0,283.75,278.04998779296875,279.3999938964844,268.9356384277344,23974,"Nath Bio-Genes (India), Limited"
2020-12-18,279.95001220703125,280.0,276.1000061035156,277.75,267.34747314453125,117179,"Nath Bio-Genes (India), Limited"
2020-12-21,278.0,280.04998779296875,266.0,271.79998779296875,261.62030029296875,169087,"Nath Bio-Genes (India), Limited"
2020-12-22,273.0,274.5,261.29998779296875,265.20001220703125,255.2675018310547,160402,"Nath Bio-Genes (India), Limited"
2020-12-23,265.20001220703125,271.0,265.20001220703125,269.3500061035156,259.2620544433594,83879,"Nath Bio-Genes (India), Limited"
2020-12-24,271.95001220703125,278.0,270.20001220703125,272.6499938964844,262.4384460449219,128742,"Nath Bio-Genes (India), Limited"
2020-12-28,275.79998779296875,282.5,271.1000061035156,272.70001220703125,262.48663330078125,62034,"Nath Bio-Genes (India), Limited"
2020-12-29,276.54998779296875,279.0,268.79998779296875,270.54998779296875,260.4171142578125,115544,"Nath Bio-Genes (India), Limited"
2020-12-30,270.95001220703125,277.1499938964844,267.04998779296875,268.25,258.2032470703125,149315,"Nath Bio-Genes (India), Limited"
2020-12-31,269.0,277.0,265.29998779296875,273.95001220703125,263.6898193359375,183523,"Nath Bio-Genes (India), Limited"
2021-01-01,276.0,276.95001220703125,272.0,272.6499938964844,262.4384460449219,43795,"Nath Bio-Genes (India), Limited"
2021-01-04,273.0,280.0,270.1000061035156,275.0,264.700439453125,273561,"Nath Bio-Genes (India), Limited"
2021-01-05,275.0,275.3500061035156,240.3500061035156,266.04998779296875,256.08563232421875,282019,"Nath Bio-Genes (India), Limited"
2021-01-06,268.0,272.5,266.0,270.79998779296875,260.65771484375,64079,"Nath Bio-Genes (India), Limited"
2021-01-07,272.0,279.95001220703125,266.1000061035156,277.6499938964844,267.2511901855469,153643,"Nath Bio-Genes (India), Limited"
2021-01-08,279.75,295.0,274.25,290.5,279.6199035644531,300596,"Nath Bio-Genes (India), Limited"
2021-01-11,294.0,294.04998779296875,232.3999938964844,281.75,271.1976623535156,159437,"Nath Bio-Genes (India), Limited"
2021-01-12,285.0,285.0,279.04998779296875,280.04998779296875,269.5613098144531,150231,"Nath Bio-Genes (India), Limited"
2021-01-13,283.95001220703125,284.70001220703125,275.95001220703125,278.45001220703125,268.0212097167969,89643,"Nath Bio-Genes (India), Limited"
2021-01-14,284.8999938964844,284.8999938964844,275.5,277.20001220703125,266.81805419921875,53996,"Nath Bio-Genes (India), Limited"
2021-01-15,282.3500061035156,283.0,275.5,280.95001220703125,270.4275817871094,40622,"Nath Bio-Genes (India), Limited"
2021-01-18,284.04998779296875,284.04998779296875,273.1499938964844,275.04998779296875,264.74859619140625,75950,"Nath Bio-Genes (India), Limited"
2021-01-19,280.5,293.95001220703125,274.04998779296875,285.79998779296875,275.095947265625,205571,"Nath Bio-Genes (India), Limited"
2021-01-20,289.95001220703125,301.8999938964844,289.1000061035156,298.1499938964844,286.9834289550781,248758,"Nath Bio-Genes (India), Limited"
2021-01-21,300.6000061035156,303.3999938964844,293.1000061035156,293.3999938964844,282.41131591796875,72649,"Nath Bio-Genes (India), Limited"
2021-01-22,291.70001220703125,292.25,281.0,281.6000061035156,271.0532531738281,32256,"Nath Bio-Genes (India), Limited"
2021-01-25,281.04998779296875,287.0,277.04998779296875,277.95001220703125,267.5399475097656,15433,"Nath Bio-Genes (India), Limited"
2021-01-27,280.25,280.25,270.1000061035156,271.29998779296875,261.1390075683594,26817,"Nath Bio-Genes (India), Limited"
2021-01-28,271.0,274.3500061035156,269.79998779296875,271.6499938964844,261.47589111328125,19099,"Nath Bio-Genes (India), Limited"
2021-01-29,273.0,277.1499938964844,266.3999938964844,268.8999938964844,258.82891845703125,12674,"Nath Bio-Genes (India), Limited"
2021-02-01,272.8999938964844,285.6499938964844,266.8999938964844,281.95001220703125,271.39013671875,32046,"Nath Bio-Genes (India), Limited"
2021-02-02,285.0,285.0,277.0,277.75,267.34747314453125,10623,"Nath Bio-Genes (India), Limited"
2021-02-03,279.3999938964844,291.3999938964844,276.0,286.5,275.7697448730469,31181,"Nath Bio-Genes (India), Limited"
2021-02-04,286.45001220703125,286.45001220703125,281.45001220703125,283.1499938964844,272.5451965332031,12482,"Nath Bio-Genes (India), Limited"
2021-02-05,283.1499938964844,284.3500061035156,273.8500061035156,274.75,264.4598083496094,22687,"Nath Bio-Genes (India), Limited"
2021-02-08,271.0,279.6000061035156,271.0,273.8500061035156,263.593505859375,32817,"Nath Bio-Genes (India), Limited"
2021-02-09,279.70001220703125,279.70001220703125,270.1000061035156,272.04998779296875,261.8609313964844,18097,"Nath Bio-Genes (India), Limited"
2021-02-10,272.04998779296875,277.95001220703125,268.29998779296875,273.1000061035156,262.87158203125,22488,"Nath Bio-Genes (India), Limited"
2021-02-11,272.0,275.0,256.5,272.25,262.0534362792969,45705,"Nath Bio-Genes (India), Limited"
2021-02-12,270.6000061035156,274.1499938964844,266.5,267.75,257.72198486328125,31294,"Nath Bio-Genes (India), Limited"
2021-02-15,268.0,280.0,267.8999938964844,268.75,258.6845092773437,31525,"Nath Bio-Genes (India), Limited"
2021-02-16,265.0,269.1499938964844,265.0,267.04998779296875,257.0481872558594,27029,"Nath Bio-Genes (India), Limited"
2021-02-17,265.1000061035156,285.5,263.5,280.29998779296875,269.80194091796875,72872,"Nath Bio-Genes (India), Limited"
2021-02-18,286.8999938964844,286.8999938964844,275.1499938964844,281.3500061035156,270.8125915527344,32882,"Nath Bio-Genes (India), Limited"
2021-02-19,277.1499938964844,279.8999938964844,270.04998779296875,271.0,260.8502502441406,27349,"Nath Bio-Genes (India), Limited"
2021-02-22,274.70001220703125,277.0,268.1000061035156,268.95001220703125,258.8770446777344,18174,"Nath Bio-Genes (India), Limited"
2021-02-23,269.04998779296875,273.70001220703125,268.3500061035156,269.0,258.9251708984375,8987,"Nath Bio-Genes (India), Limited"
2021-02-24,268.04998779296875,274.70001220703125,268.0,271.20001220703125,261.04278564453125,7827,"Nath Bio-Genes (India), Limited"
2021-02-25,271.79998779296875,274.0,266.8999938964844,268.75,258.6845092773437,15668,"Nath Bio-Genes (India), Limited"
2021-02-26,268.3999938964844,271.3999938964844,264.6499938964844,265.6000061035156,255.65249633789065,18689,"Nath Bio-Genes (India), Limited"
2021-03-01,265.70001220703125,291.0,265.70001220703125,288.1499938964844,277.3579406738281,210911,"Nath Bio-Genes (India), Limited"
2021-03-02,290.0,301.0,289.0,296.70001220703125,285.58770751953125,133137,"Nath Bio-Genes (India), Limited"
2021-03-03,296.54998779296875,309.1000061035156,292.0,305.75,294.2987670898437,238487,"Nath Bio-Genes (India), Limited"
2021-03-04,303.8999938964844,310.0,299.0,304.0,292.6142883300781,60350,"Nath Bio-Genes (India), Limited"
2021-03-05,300.1499938964844,315.0,300.0,310.45001220703125,298.82275390625,92999,"Nath Bio-Genes (India), Limited"
2021-03-08,306.1000061035156,323.79998779296875,302.6499938964844,317.45001220703125,305.56060791015625,100077,"Nath Bio-Genes (India), Limited"
2021-03-09,317.45001220703125,326.20001220703125,312.6000061035156,315.3500061035156,303.53924560546875,66835,"Nath Bio-Genes (India), Limited"
2021-03-10,315.3500061035156,325.0,312.25,313.8999938964844,302.1435241699219,37937,"Nath Bio-Genes (India), Limited"
2021-03-12,314.0,317.3999938964844,306.0,307.25,295.7425842285156,21025,"Nath Bio-Genes (India), Limited"
2021-03-15,307.25,313.1000061035156,293.6000061035156,301.04998779296875,289.7747802734375,24787,"Nath Bio-Genes (India), Limited"
2021-03-16,301.1000061035156,305.04998779296875,296.45001220703125,302.3999938964844,291.07421875,9633,"Nath Bio-Genes (India), Limited"
2021-03-17,308.8500061035156,308.8500061035156,298.1000061035156,302.20001220703125,290.8817138671875,72725,"Nath Bio-Genes (India), Limited"
2021-03-18,306.6499938964844,306.8500061035156,291.04998779296875,294.8999938964844,283.85516357421875,25531,"Nath Bio-Genes (India), Limited"
2021-03-19,296.70001220703125,328.95001220703125,286.04998779296875,322.3999938964844,310.3251647949219,82904,"Nath Bio-Genes (India), Limited"
2021-03-22,328.0,340.0,319.8500061035156,334.95001220703125,322.4051513671875,143971,"Nath Bio-Genes (India), Limited"
2021-03-23,339.95001220703125,339.95001220703125,315.25,319.70001220703125,307.726318359375,30360,"Nath Bio-Genes (India), Limited"
2021-03-24,319.70001220703125,322.6499938964844,303.04998779296875,305.8500061035156,294.39501953125,17950,"Nath Bio-Genes (India), Limited"
2021-03-25,312.0,312.0,291.0,297.20001220703125,286.0690002441406,35709,"Nath Bio-Genes (India), Limited"
2021-03-26,307.70001220703125,307.75,297.20001220703125,300.54998779296875,289.29345703125,14632,"Nath Bio-Genes (India), Limited"
2021-03-30,309.0,311.0,297.0,299.5,288.2828369140625,10352,"Nath Bio-Genes (India), Limited"
2021-03-31,301.29998779296875,303.0,292.04998779296875,300.20001220703125,288.9566345214844,14448,"Nath Bio-Genes (India), Limited"
2021-04-01,305.0,323.0,303.3999938964844,320.45001220703125,308.4482116699219,27134,"Nath Bio-Genes (India), Limited"
2021-04-05,318.0,375.0,315.0,363.75,350.1264953613281,435244,"Nath Bio-Genes (India), Limited"
2021-04-06,363.0,381.5,350.20001220703125,373.75,359.751953125,299624,"Nath Bio-Genes (India), Limited"
2021-04-07,370.1000061035156,372.7999877929688,351.5,360.3500061035156,346.85382080078125,48888,"Nath Bio-Genes (India), Limited"
2021-04-08,358.1499938964844,377.6000061035156,355.54998779296875,371.1499938964844,357.24932861328125,88882,"Nath Bio-Genes (India), Limited"
2021-04-09,377.0,377.0,366.9500122070313,370.0499877929688,356.1905517578125,26293,"Nath Bio-Genes (India), Limited"
2021-04-12,369.0,372.1499938964844,330.25,334.25,321.7313537597656,35741,"Nath Bio-Genes (India), Limited"
2021-04-13,342.0,351.1000061035156,333.3500061035156,340.0,327.2659912109375,40327,"Nath Bio-Genes (India), Limited"
2021-04-15,340.0,349.45001220703125,326.6499938964844,343.45001220703125,330.5867919921875,21368,"Nath Bio-Genes (India), Limited"
2021-04-16,340.0,359.8999938964844,337.6000061035156,341.3999938964844,328.613525390625,17958,"Nath Bio-Genes (India), Limited"
2021-04-19,339.0,340.0,310.6499938964844,323.8500061035156,311.7208557128906,28987,"Nath Bio-Genes (India), Limited"
2021-04-20,321.25,338.95001220703125,317.70001220703125,323.0,310.9027099609375,11245,"Nath Bio-Genes (India), Limited"
2021-04-22,319.6499938964844,328.29998779296875,319.0,320.6000061035156,308.59259033203125,11159,"Nath Bio-Genes (India), Limited"
2021-04-23,321.8999938964844,348.70001220703125,321.79998779296875,332.5,320.04693603515625,59759,"Nath Bio-Genes (India), Limited"
2021-04-26,333.0,343.70001220703125,333.0,335.54998779296875,322.982666015625,17903,"Nath Bio-Genes (India), Limited"
2021-04-27,345.79998779296875,345.79998779296875,333.3999938964844,339.04998779296875,326.3515625,26217,"Nath Bio-Genes (India), Limited"
2021-04-28,343.3999938964844,358.70001220703125,338.3500061035156,355.1499938964844,341.8486022949219,57894,"Nath Bio-Genes (India), Limited"
2021-04-29,357.8999938964844,364.2000122070313,345.6499938964844,350.1499938964844,337.0358581542969,14659,"Nath Bio-Genes (India), Limited"
2021-04-30,349.79998779296875,361.1000061035156,349.54998779296875,352.04998779296875,338.8646850585937,31710,"Nath Bio-Genes (India), Limited"
2021-05-03,349.1000061035156,361.1000061035156,348.0,356.1499938964844,342.8111572265625,55937,"Nath Bio-Genes (India), Limited"
2021-05-04,357.3500061035156,357.3500061035156,340.1000061035156,341.79998779296875,328.99859619140625,16957,"Nath Bio-Genes (India), Limited"
2021-05-05,346.0,350.20001220703125,335.6499938964844,338.1499938964844,325.4852905273437,12578,"Nath Bio-Genes (India), Limited"
2021-05-06,337.54998779296875,343.8999938964844,335.0,342.6499938964844,329.8167419433594,16460,"Nath Bio-Genes (India), Limited"
2021-05-07,353.8999938964844,353.8999938964844,338.1499938964844,349.70001220703125,336.6026916503906,31593,"Nath Bio-Genes (India), Limited"
2021-05-10,365.0,365.0,345.5,348.1499938964844,335.1107482910156,32420,"Nath Bio-Genes (India), Limited"
2021-05-11,346.5,417.75,342.70001220703125,417.3999938964844,401.7671203613281,557239,"Nath Bio-Genes (India), Limited"
2021-05-12,421.8999938964844,442.8999938964844,408.3500061035156,415.8999938964844,400.3232727050781,407476,"Nath Bio-Genes (India), Limited"
2021-05-14,418.8999938964844,465.9500122070313,409.6000061035156,436.6000061035156,420.248046875,502504,"Nath Bio-Genes (India), Limited"
2021-05-17,442.2999877929688,451.6000061035156,426.1000061035156,431.6000061035156,415.4353332519531,103158,"Nath Bio-Genes (India), Limited"
2021-05-18,438.0,438.0,417.5,419.7000122070313,403.9810180664063,34879,"Nath Bio-Genes (India), Limited"
2021-05-19,419.7000122070313,422.9500122070313,405.0,408.2000122070313,392.9117126464844,35379,"Nath Bio-Genes (India), Limited"
2021-05-20,411.3999938964844,431.9500122070313,407.0,416.0,400.4195556640625,77214,"Nath Bio-Genes (India), Limited"
2021-05-21,425.5,445.0,418.2000122070313,423.8500061035156,407.9755859375,75743,"Nath Bio-Genes (India), Limited"
2021-05-24,426.8999938964844,442.0,412.7000122070313,422.7000122070313,406.86865234375,40185,"Nath Bio-Genes (India), Limited"
2021-05-25,422.9500122070313,436.0,418.9500122070313,423.0,407.1574096679688,35511,"Nath Bio-Genes (India), Limited"
2021-05-26,436.0,442.7999877929688,420.0499877929688,430.4500122070313,414.328369140625,81174,"Nath Bio-Genes (India), Limited"
2021-05-27,431.0,431.0,421.1000061035156,421.25,405.4729919433594,22780,"Nath Bio-Genes (India), Limited"
2021-05-28,434.9500122070313,440.0,412.7999877929688,415.1499938964844,399.6013793945313,28012,"Nath Bio-Genes (India), Limited"
2021-05-31,420.0,420.0,394.7999877929688,410.6499938964844,395.26995849609375,58804,"Nath Bio-Genes (India), Limited"
2021-06-01,460.0,473.9500122070313,442.3999938964844,448.25,431.4617004394531,944456,"Nath Bio-Genes (India), Limited"
2021-06-02,448.7999877929688,448.7999877929688,429.9500122070313,437.6499938964844,421.25872802734375,103645,"Nath Bio-Genes (India), Limited"
2021-06-03,437.6499938964844,439.9500122070313,421.7000122070313,424.8500061035156,408.9381103515625,101489,"Nath Bio-Genes (India), Limited"
2021-06-04,424.9500122070313,428.25,415.0499877929688,421.7999877929688,406.0023498535156,98593,"Nath Bio-Genes (India), Limited"
2021-06-07,421.7999877929688,425.2000122070313,414.0,418.3999938964844,402.7296752929688,69883,"Nath Bio-Genes (India), Limited"
2021-06-08,418.3999938964844,429.0,416.0499877929688,419.25,403.5478515625,63127,"Nath Bio-Genes (India), Limited"
2021-06-09,424.0,424.0,410.0,411.2999877929688,395.8955993652344,64151,"Nath Bio-Genes (India), Limited"
2021-06-10,415.25,419.1499938964844,410.0499877929688,415.2999877929688,399.7457885742188,36879,"Nath Bio-Genes (India), Limited"
2021-06-11,418.9500122070313,419.2999877929688,406.2999877929688,408.6499938964844,393.3448791503906,41779,"Nath Bio-Genes (India), Limited"
2021-06-14,415.5499877929688,415.5499877929688,401.6000061035156,402.8500061035156,387.7620849609375,38184,"Nath Bio-Genes (India), Limited"
2021-06-15,402.8999938964844,419.1499938964844,402.8999938964844,407.2999877929688,392.0453796386719,41352,"Nath Bio-Genes (India), Limited"
2021-06-16,412.5,413.7000122070313,402.0,405.3999938964844,390.2165832519531,31734,"Nath Bio-Genes (India), Limited"
2021-06-17,447.0,447.0,416.1499938964844,419.3500061035156,403.6441040039063,385214,"Nath Bio-Genes (India), Limited"
2021-06-18,422.0,425.0,404.1000061035156,413.6499938964844,398.1575927734375,90363,"Nath Bio-Genes (India), Limited"
2021-06-21,408.2000122070313,421.6499938964844,408.0,418.1000061035156,402.44091796875,63767,"Nath Bio-Genes (India), Limited"
2021-06-22,421.1000061035156,422.8500061035156,415.1000061035156,416.2000122070313,400.6121215820313,39518,"Nath Bio-Genes (India), Limited"
2021-06-23,419.0499877929688,423.9500122070313,415.1000061035156,418.6499938964844,402.9703063964844,128154,"Nath Bio-Genes (India), Limited"
2021-06-24,424.0,426.7999877929688,416.2999877929688,419.5499877929688,403.8366088867188,218784,"Nath Bio-Genes (India), Limited"
2021-06-25,411.0,411.0,396.0,397.0,382.1311950683594,158039,"Nath Bio-Genes (India), Limited"
2021-06-28,397.0,398.0,378.75,381.6000061035156,367.3079528808594,71441,"Nath Bio-Genes (India), Limited"
2021-06-29,382.6000061035156,397.0,382.6000061035156,392.1499938964844,377.46282958984375,44804,"Nath Bio-Genes (India), Limited"
2021-06-30,391.5,391.5499877929688,382.0,384.5499877929688,370.1474609375,28353,"Nath Bio-Genes (India), Limited"
2021-07-01,384.6499938964844,395.0,384.6499938964844,387.8500061035156,373.3238830566406,18497,"Nath Bio-Genes (India), Limited"
2021-07-02,387.8500061035156,391.5499877929688,380.0,384.1499938964844,369.762451171875,28001,"Nath Bio-Genes (India), Limited"
2021-07-05,386.0,390.0,379.6000061035156,381.6000061035156,367.3079528808594,34253,"Nath Bio-Genes (India), Limited"
2021-07-06,382.0,390.0,382.0,385.1499938964844,370.7250061035156,32789,"Nath Bio-Genes (India), Limited"
2021-07-07,385.5499877929688,389.8500061035156,380.5,382.0,367.6929931640625,19924,"Nath Bio-Genes (India), Limited"
2021-07-08,382.0,385.6000061035156,378.0,379.5499877929688,365.3347473144531,22802,"Nath Bio-Genes (India), Limited"
2021-07-09,379.5499877929688,383.2000122070313,375.0,378.3500061035156,364.1796875,18206,"Nath Bio-Genes (India), Limited"
2021-07-12,381.3500061035156,382.3500061035156,372.0,376.0,361.9176940917969,29733,"Nath Bio-Genes (India), Limited"
2021-07-13,380.2000122070313,402.0,375.2999877929688,376.7000122070313,362.5914611816406,208105,"Nath Bio-Genes (India), Limited"
2021-07-14,376.0,387.8500061035156,376.0,377.8999938964844,363.74652099609375,50075,"Nath Bio-Genes (India), Limited"
2021-07-15,384.6499938964844,384.6499938964844,375.0,376.6499938964844,362.5433349609375,38950,"Nath Bio-Genes (India), Limited"
2021-07-16,379.7999877929688,379.7999877929688,373.8500061035156,376.5499877929688,362.4470825195313,23286,"Nath Bio-Genes (India), Limited"
2021-07-19,374.0,379.2000122070313,372.5499877929688,375.7000122070313,361.62890625,34124,"Nath Bio-Genes (India), Limited"
2021-07-20,375.7000122070313,376.5,362.8500061035156,367.25,353.49542236328125,30133,"Nath Bio-Genes (India), Limited"
2021-07-22,367.25,374.7999877929688,365.1000061035156,367.3500061035156,353.5916442871094,25616,"Nath Bio-Genes (India), Limited"
2021-07-23,368.0,371.0,362.0,364.3999938964844,350.75213623046875,20947,"Nath Bio-Genes (India), Limited"
2021-07-26,364.7000122070313,368.8999938964844,363.0,364.8999938964844,351.2333984375,56674,"Nath Bio-Genes (India), Limited"
2021-07-27,366.0,373.5,362.5,364.9500122070313,351.2815856933594,33229,"Nath Bio-Genes (India), Limited"
2021-07-28,364.9500122070313,366.8500061035156,356.5,357.45001220703125,344.0624389648437,28497,"Nath Bio-Genes (India), Limited"
2021-07-29,366.0,366.0,358.0,360.25,346.757568359375,16140,"Nath Bio-Genes (India), Limited"
2021-07-30,360.25,373.9500122070313,359.6000061035156,365.7000122070313,352.00347900390625,30129,"Nath Bio-Genes (India), Limited"
2021-08-02,366.25,379.0,366.25,376.3999938964844,362.302734375,59803,"Nath Bio-Genes (India), Limited"
2021-08-03,376.3999938964844,389.8999938964844,373.5,386.0,371.5431823730469,101270,"Nath Bio-Genes (India), Limited"
2021-08-04,388.0,392.0,376.75,379.6000061035156,365.3828430175781,46784,"Nath Bio-Genes (India), Limited"
2021-08-05,382.0,382.0,366.2000122070313,371.3500061035156,357.4418640136719,22105,"Nath Bio-Genes (India), Limited"
2021-08-06,371.8500061035156,400.0,371.3500061035156,379.8500061035156,365.6235046386719,210181,"Nath Bio-Genes (India), Limited"
2021-08-09,384.0499877929688,389.9500122070313,370.1499938964844,375.3500061035156,361.2920227050781,52659,"Nath Bio-Genes (India), Limited"
2021-08-10,370.5,378.0,342.1499938964844,361.8999938964844,348.34576416015625,26230,"Nath Bio-Genes (India), Limited"
2021-08-11,374.8500061035156,379.8500061035156,360.04998779296875,369.3999938964844,355.5649108886719,86693,"Nath Bio-Genes (India), Limited"
2021-08-12,374.0,374.4500122070313,363.7999877929688,368.0499877929688,354.26544189453125,31001,"Nath Bio-Genes (India), Limited"
2021-08-13,372.2999877929688,377.7999877929688,356.8999938964844,360.3500061035156,346.85382080078125,40353,"Nath Bio-Genes (India), Limited"
2021-08-16,360.3500061035156,364.0,345.0,346.25,333.28192138671875,27806,"Nath Bio-Genes (India), Limited"
2021-08-17,347.8999938964844,356.6000061035156,343.95001220703125,348.29998779296875,335.255126953125,73342,"Nath Bio-Genes (India), Limited"
2021-08-18,350.0,352.8500061035156,340.0,340.79998779296875,329.9305419921875,21259,"Nath Bio-Genes (India), Limited"
2021-08-20,340.0,340.0,312.29998779296875,315.6499938964844,305.5826721191406,63051,"Nath Bio-Genes (India), Limited"
2021-08-23,319.8999938964844,331.3999938964844,310.1000061035156,320.45001220703125,310.2296142578125,39666,"Nath Bio-Genes (India), Limited"
2021-08-24,328.8500061035156,328.8500061035156,312.04998779296875,318.29998779296875,308.1481628417969,29176,"Nath Bio-Genes (India), Limited"
2021-08-25,322.79998779296875,322.79998779296875,316.0,316.3999938964844,306.3087463378906,21254,"Nath Bio-Genes (India), Limited"
2021-08-26,317.45001220703125,321.54998779296875,315.25,317.5,307.37371826171875,23631,"Nath Bio-Genes (India), Limited"
2021-08-27,318.04998779296875,321.20001220703125,312.3500061035156,317.04998779296875,306.93804931640625,15922,"Nath Bio-Genes (India), Limited"
2021-08-30,318.0,319.8999938964844,308.75,310.79998779296875,300.8873596191406,40679,"Nath Bio-Genes (India), Limited"
2021-08-31,314.45001220703125,367.0,307.3999938964844,340.04998779296875,329.2044677734375,1721703,"Nath Bio-Genes (India), Limited"
2021-09-01,338.79998779296875,344.29998779296875,332.1499938964844,334.75,324.07354736328125,99249,"Nath Bio-Genes (India), Limited"
2021-09-02,334.75,351.79998779296875,334.1499938964844,342.1499938964844,331.2375183105469,83507,"Nath Bio-Genes (India), Limited"
2021-09-03,343.8500061035156,347.3999938964844,335.25,336.20001220703125,325.477294921875,51264,"Nath Bio-Genes (India), Limited"
2021-09-06,339.8999938964844,345.8999938964844,339.8999938964844,341.75,330.8502502441406,41536,"Nath Bio-Genes (India), Limited"
2021-09-07,344.0,351.45001220703125,337.6499938964844,343.70001220703125,332.73809814453125,61869,"Nath Bio-Genes (India), Limited"
2021-09-08,345.95001220703125,347.5,335.0,336.70001220703125,325.9613342285156,45403,"Nath Bio-Genes (India), Limited"
2021-09-09,338.95001220703125,341.29998779296875,334.1000061035156,335.75,325.0416259765625,16764,"Nath Bio-Genes (India), Limited"
2021-09-13,339.95001220703125,339.95001220703125,332.1499938964844,333.3999938964844,322.7666015625,26638,"Nath Bio-Genes (India), Limited"
2021-09-14,336.0,337.95001220703125,332.1499938964844,333.1000061035156,322.4761657714844,24775,"Nath Bio-Genes (India), Limited"
2021-09-15,333.5,361.8500061035156,330.04998779296875,346.1499938964844,335.10992431640625,239357,"Nath Bio-Genes (India), Limited"
2021-09-16,347.3500061035156,353.95001220703125,345.25,347.0,335.93280029296875,31096,"Nath Bio-Genes (India), Limited"
2021-09-17,349.45001220703125,349.45001220703125,332.0,338.20001220703125,327.4135131835937,49350,"Nath Bio-Genes (India), Limited"
2021-09-20,329.5,338.0,325.04998779296875,327.6000061035156,317.1515808105469,43588,"Nath Bio-Genes (India), Limited"
2021-09-21,325.20001220703125,330.0,322.3999938964844,325.8999938964844,315.5057678222656,20398,"Nath Bio-Genes (India), Limited"
2021-09-22,328.0,334.0,327.04998779296875,328.45001220703125,317.9744873046875,23020,"Nath Bio-Genes (India), Limited"
2021-09-23,331.04998779296875,334.04998779296875,324.6000061035156,326.1499938964844,315.747802734375,31821,"Nath Bio-Genes (India), Limited"
2021-09-24,328.75,336.95001220703125,325.0,326.04998779296875,315.6510009765625,37537,"Nath Bio-Genes (India), Limited"
2021-09-27,325.04998779296875,328.6499938964844,322.0,324.0,313.6663818359375,19198,"Nath Bio-Genes (India), Limited"
2021-09-28,325.1000061035156,328.6000061035156,322.0,323.29998779296875,312.9886779785156,17559,"Nath Bio-Genes (India), Limited"
2021-09-29,323.0,337.95001220703125,320.95001220703125,326.75,316.32867431640625,104929,"Nath Bio-Genes (India), Limited"
2021-09-30,327.0,333.75,327.0,327.6000061035156,317.1515808105469,17012,"Nath Bio-Genes (India), Limited"
2021-10-01,328.5,329.0,323.0,324.6499938964844,314.2956237792969,16948,"Nath Bio-Genes (India), Limited"
2021-10-04,325.0,331.70001220703125,322.6000061035156,327.45001220703125,317.00634765625,44930,"Nath Bio-Genes (India), Limited"
2021-10-05,324.0,332.8999938964844,324.0,326.45001220703125,316.0382385253906,41457,"Nath Bio-Genes (India), Limited"
2021-10-06,327.0,330.45001220703125,324.3999938964844,325.04998779296875,314.6828918457031,35171,"Nath Bio-Genes (India), Limited"
2021-10-07,325.04998779296875,327.5,323.25,324.75,314.3924560546875,22672,"Nath Bio-Genes (India), Limited"
2021-10-08,326.04998779296875,331.0,324.0,325.1499938964844,314.7797241210937,22593,"Nath Bio-Genes (India), Limited"
2021-10-11,325.5,328.79998779296875,319.25,324.20001220703125,313.86004638671875,37925,"Nath Bio-Genes (India), Limited"
2021-10-12,325.0,330.0,320.0,324.0,313.6663818359375,39543,"Nath Bio-Genes (India), Limited"
2021-10-13,322.1000061035156,327.0,322.1000061035156,324.25,313.90838623046875,16039,"Nath Bio-Genes (India), Limited"
2021-10-14,323.6000061035156,326.8999938964844,323.6000061035156,324.1000061035156,313.7632141113281,23164,"Nath Bio-Genes (India), Limited"
2021-10-18,325.0,328.75,321.5,322.04998779296875,311.7785949707031,35399,"Nath Bio-Genes (India), Limited"
2021-10-19,327.45001220703125,327.45001220703125,311.0,313.25,303.2592468261719,74618,"Nath Bio-Genes (India), Limited"
2021-10-20,313.8999938964844,315.0,303.29998779296875,309.29998779296875,299.4352111816406,33370,"Nath Bio-Genes (India), Limited"
2021-10-21,310.0,315.1499938964844,306.25,309.0,299.1448059082031,23798,"Nath Bio-Genes (India), Limited"
2021-10-22,309.1499938964844,312.54998779296875,304.8500061035156,305.6000061035156,295.8532409667969,16761,"Nath Bio-Genes (India), Limited"
2021-10-25,304.0,308.0,292.0,294.0,284.6231994628906,34103,"Nath Bio-Genes (India), Limited"
2021-10-26,300.0,303.0,295.04998779296875,299.6000061035156,290.04461669921875,24665,"Nath Bio-Genes (India), Limited"
2021-10-27,299.95001220703125,304.29998779296875,298.3999938964844,300.3999938964844,290.819091796875,15690,"Nath Bio-Genes (India), Limited"
2021-10-28,300.0,302.8500061035156,291.29998779296875,294.5,285.10723876953125,18067,"Nath Bio-Genes (India), Limited"
2021-10-29,298.6499938964844,298.6499938964844,275.0,286.25,277.120361328125,22374,"Nath Bio-Genes (India), Limited"
2021-11-01,288.1499938964844,331.0,288.1499938964844,304.95001220703125,295.2239685058594,260965,"Nath Bio-Genes (India), Limited"
2021-11-02,298.95001220703125,299.0,288.0,288.8999938964844,279.6858215332031,86264,"Nath Bio-Genes (India), Limited"
2021-11-03,289.0,317.3999938964844,289.0,301.3500061035156,291.7388000488281,121961,"Nath Bio-Genes (India), Limited"
2021-11-04,303.0,303.04998779296875,297.20001220703125,301.29998779296875,291.6903381347656,8048,"Nath Bio-Genes (India), Limited"
2021-11-08,301.3500061035156,308.0,296.0,298.6000061035156,289.0765075683594,20791,"Nath Bio-Genes (India), Limited"
2021-11-09,302.0,304.0,296.0,298.04998779296875,288.5440368652344,19757,"Nath Bio-Genes (India), Limited"
2021-11-10,295.0,301.3500061035156,295.0,296.25,286.8014221191406,26285,"Nath Bio-Genes (India), Limited"
2021-11-11,296.5,300.0,290.0,291.79998779296875,282.49334716796875,26388,"Nath Bio-Genes (India), Limited"
2021-11-12,294.45001220703125,295.75,286.0,286.5,277.36236572265625,52433,"Nath Bio-Genes (India), Limited"
2021-11-15,293.8999938964844,293.8999938964844,286.0,287.1000061035156,277.9432678222656,23828,"Nath Bio-Genes (India), Limited"
2021-11-16,289.45001220703125,291.8500061035156,286.45001220703125,289.20001220703125,279.9762878417969,41943,"Nath Bio-Genes (India), Limited"
2021-11-17,288.0,291.8999938964844,282.54998779296875,285.3500061035156,276.2491149902344,15464,"Nath Bio-Genes (India), Limited"
2021-11-18,285.3500061035156,287.75,275.6499938964844,279.29998779296875,270.3920288085937,47026,"Nath Bio-Genes (India), Limited"
2021-11-22,279.3500061035156,281.95001220703125,265.04998779296875,267.1000061035156,258.5811462402344,25084,"Nath Bio-Genes (India), Limited"
2021-11-23,265.0,273.8999938964844,265.0,269.79998779296875,261.1950378417969,42583,"Nath Bio-Genes (India), Limited"
2021-11-24,272.8999938964844,278.6499938964844,267.25,268.3999938964844,259.8396911621094,19259,"Nath Bio-Genes (India), Limited"
2021-11-25,268.54998779296875,272.0,265.1000061035156,271.25,262.5987854003906,15697,"Nath Bio-Genes (India), Limited"
2021-11-26,270.04998779296875,270.04998779296875,261.1499938964844,263.20001220703125,254.80555725097656,53353,"Nath Bio-Genes (India), Limited"
2021-11-29,259.1000061035156,267.79998779296875,257.8999938964844,258.04998779296875,249.8197631835937,27378,"Nath Bio-Genes (India), Limited"
2021-11-30,262.20001220703125,269.0,262.20001220703125,264.29998779296875,255.8704376220703,50763,"Nath Bio-Genes (India), Limited"
2021-12-01,264.0,268.0,259.1499938964844,260.45001220703125,252.1432342529297,21780,"Nath Bio-Genes (India), Limited"
2021-12-02,260.45001220703125,264.1499938964844,258.70001220703125,259.3500061035156,251.0783233642578,18762,"Nath Bio-Genes (India), Limited"
2021-12-03,262.45001220703125,262.8999938964844,257.8999938964844,259.79998779296875,251.5139617919922,29377,"Nath Bio-Genes (India), Limited"
2021-12-06,259.8999938964844,265.1499938964844,259.5,260.95001220703125,252.6273193359375,68878,"Nath Bio-Genes (India), Limited"
2021-12-07,263.70001220703125,265.3999938964844,255.0500030517578,257.54998779296875,249.33572387695312,50304,"Nath Bio-Genes (India), Limited"
2021-12-08,257.54998779296875,263.3999938964844,257.54998779296875,258.5,250.25543212890625,31442,"Nath Bio-Genes (India), Limited"
2021-12-09,262.95001220703125,263.70001220703125,259.8500061035156,262.04998779296875,253.69219970703125,34794,"Nath Bio-Genes (India), Limited"
2021-12-10,263.3999938964844,297.79998779296875,262.04998779296875,279.0,270.10162353515625,400779,"Nath Bio-Genes (India), Limited"
2021-12-13,281.95001220703125,282.8999938964844,270.1499938964844,271.79998779296875,263.1312255859375,41242,"Nath Bio-Genes (India), Limited"
2021-12-14,272.0,272.0,265.20001220703125,266.70001220703125,258.19390869140625,23318,"Nath Bio-Genes (India), Limited"
2021-12-15,269.45001220703125,269.5,258.04998779296875,261.79998779296875,253.45016479492188,43451,"Nath Bio-Genes (India), Limited"
2021-12-16,262.04998779296875,263.8999938964844,258.6499938964844,261.70001220703125,253.3533630371093,15530,"Nath Bio-Genes (India), Limited"
2021-12-17,258.8500061035156,261.8500061035156,251.0,252.25,244.20477294921875,38583,"Nath Bio-Genes (India), Limited"
2021-12-20,252.0,252.0500030517578,237.25,238.0,230.4092559814453,43119,"Nath Bio-Genes (India), Limited"
2021-12-21,240.0,248.5,237.1999969482422,238.25,230.6512756347656,25680,"Nath Bio-Genes (India), Limited"
2021-12-22,242.3999938964844,259.70001220703125,241.0,252.5,244.44679260253903,39994,"Nath Bio-Genes (India), Limited"
2021-12-23,256.70001220703125,256.70001220703125,247.25,251.6999969482422,243.6723022460937,25872,"Nath Bio-Genes (India), Limited"
2021-12-24,257.45001220703125,258.0,247.8999938964844,248.6499938964844,240.7195739746093,20923,"Nath Bio-Genes (India), Limited"
2021-12-27,248.5500030517578,251.9499969482422,247.0500030517578,248.25,240.33233642578125,12021,"Nath Bio-Genes (India), Limited"
2021-12-28,252.0,264.0,250.8999938964844,260.70001220703125,252.38526916503903,39187,"Nath Bio-Genes (India), Limited"
2021-12-29,263.0,263.0,256.20001220703125,257.1499938964844,248.948486328125,12289,"Nath Bio-Genes (India), Limited"
2021-12-30,260.8999938964844,278.1000061035156,257.54998779296875,266.45001220703125,257.9518737792969,52946,"Nath Bio-Genes (India), Limited"
2021-12-31,269.45001220703125,269.45001220703125,262.04998779296875,264.3999938964844,255.96725463867188,14135,"Nath Bio-Genes (India), Limited"
2022-01-03,268.6499938964844,271.0,265.0,267.6000061035156,259.065185546875,17566,"Nath Bio-Genes (India), Limited"
2022-01-04,265.1000061035156,270.95001220703125,261.6000061035156,263.1499938964844,254.7570953369141,12178,"Nath Bio-Genes (India), Limited"
2022-01-05,261.20001220703125,275.0,260.29998779296875,263.8500061035156,255.434814453125,28570,"Nath Bio-Genes (India), Limited"
2022-01-06,261.95001220703125,268.45001220703125,260.0,261.5,253.1597442626953,34987,"Nath Bio-Genes (India), Limited"
2022-01-07,264.79998779296875,270.3999938964844,257.75,263.5,255.0959625244141,43962,"Nath Bio-Genes (India), Limited"
2022-01-10,260.79998779296875,275.0,260.79998779296875,271.79998779296875,263.1312255859375,160118,"Nath Bio-Genes (India), Limited"
2022-01-11,272.0,273.0,267.0,267.95001220703125,259.404052734375,112593,"Nath Bio-Genes (India), Limited"
2022-01-12,268.0,274.70001220703125,267.0,267.20001220703125,258.6779479980469,56629,"Nath Bio-Genes (India), Limited"
2022-01-13,267.1000061035156,270.79998779296875,262.54998779296875,264.54998779296875,256.1124572753906,25825,"Nath Bio-Genes (India), Limited"
2022-01-14,266.5,267.3500061035156,260.45001220703125,262.3999938964844,254.0310516357422,34763,"Nath Bio-Genes (India), Limited"
2022-01-17,267.0,267.0,261.3999938964844,263.29998779296875,254.90231323242188,28618,"Nath Bio-Genes (India), Limited"
2022-01-18,266.8999938964844,268.20001220703125,257.1499938964844,258.20001220703125,249.9650115966797,39584,"Nath Bio-Genes (India), Limited"
2022-01-19,258.1499938964844,262.75,256.0,259.8500061035156,251.56236267089844,21539,"Nath Bio-Genes (India), Limited"
2022-01-20,259.8500061035156,288.5,259.8500061035156,282.20001220703125,273.1995544433594,379765,"Nath Bio-Genes (India), Limited"
2022-01-21,282.20001220703125,285.0,263.5,264.79998779296875,256.3544616699219,185544,"Nath Bio-Genes (India), Limited"
2022-01-24,263.0,266.6499938964844,250.5500030517578,253.1999969482422,245.1244659423828,65696,"Nath Bio-Genes (India), Limited"
2022-01-25,257.8999938964844,265.6000061035156,253.6999969482422,264.1000061035156,255.67681884765625,36523,"Nath Bio-Genes (India), Limited"
2022-01-27,262.95001220703125,273.3999938964844,258.5,260.6499938964844,252.3368682861328,68169,"Nath Bio-Genes (India), Limited"
2022-01-28,262.1000061035156,268.8999938964844,256.20001220703125,260.1499938964844,251.852783203125,39676,"Nath Bio-Genes (India), Limited"
2022-01-31,260.6499938964844,266.6499938964844,255.6000061035156,257.5,249.28732299804688,70353,"Nath Bio-Genes (India), Limited"
2022-02-01,260.3500061035156,263.79998779296875,251.6999969482422,257.1000061035156,248.90008544921875,44217,"Nath Bio-Genes (India), Limited"
2022-02-02,258.54998779296875,260.95001220703125,253.6000061035156,255.8999938964844,247.73834228515625,54504,"Nath Bio-Genes (India), Limited"
2022-02-03,252.1999969482422,259.8999938964844,248.0,251.1499938964844,243.1398468017578,146710,"Nath Bio-Genes (India), Limited"
2022-02-04,252.5,254.8500061035156,248.9499969482422,251.3000030517578,243.2850646972656,52311,"Nath Bio-Genes (India), Limited"
2022-02-07,253.0,253.25,247.9499969482422,248.9499969482422,241.010009765625,39682,"Nath Bio-Genes (India), Limited"
2022-02-08,249.8999938964844,250.5500030517578,240.0,244.5,236.70193481445312,45027,"Nath Bio-Genes (India), Limited"
2022-02-09,244.0,249.0500030517578,244.0,245.8000030517578,237.96047973632807,14082,"Nath Bio-Genes (India), Limited"
2022-02-10,249.8999938964844,249.8999938964844,245.0,245.6999969482422,237.8636779785156,21699,"Nath Bio-Genes (India), Limited"
2022-02-11,246.1499938964844,253.8000030517578,240.0,243.6999969482422,235.92745971679688,29238,"Nath Bio-Genes (India), Limited"
2022-02-14,238.0,240.0500030517578,230.0,232.5,225.08468627929688,63975,"Nath Bio-Genes (India), Limited"
2022-02-15,237.8999938964844,237.8999938964844,221.5,228.3500061035156,221.0670318603516,52836,"Nath Bio-Genes (India), Limited"
2022-02-16,234.8000030517578,236.5,228.5500030517578,231.4499969482422,224.06814575195312,31670,"Nath Bio-Genes (India), Limited"
2022-02-17,228.0,238.8999938964844,228.0,231.5,224.11656188964844,26068,"Nath Bio-Genes (India), Limited"
2022-02-18,230.9499969482422,233.1000061035156,228.0,229.1499938964844,221.8415069580078,15861,"Nath Bio-Genes (India), Limited"
2022-02-21,228.8999938964844,231.8999938964844,218.9499969482422,219.75,212.74131774902344,37344,"Nath Bio-Genes (India), Limited"
2022-02-22,200.1000061035156,219.1499938964844,200.1000061035156,210.1499938964844,203.447494506836,23633,"Nath Bio-Genes (India), Limited"
2022-02-23,213.3000030517578,221.5,211.1000061035156,215.1000061035156,208.2396240234375,26902,"Nath Bio-Genes (India), Limited"
2022-02-24,207.0,214.0,191.8500061035156,194.6499938964844,188.4418487548828,68395,"Nath Bio-Genes (India), Limited"
2022-02-25,208.8999938964844,208.8999938964844,200.5,204.1000061035156,197.5904693603516,30171,"Nath Bio-Genes (India), Limited"
2022-02-28,207.0,209.8000030517578,199.0500030517578,205.8000030517578,199.2362365722656,26474,"Nath Bio-Genes (India), Limited"
2022-03-02,204.0,210.8999938964844,203.1000061035156,208.0500030517578,201.4144897460937,22511,"Nath Bio-Genes (India), Limited"
2022-03-03,210.0,213.8999938964844,205.0,206.3500061035156,199.7687225341797,24199,"Nath Bio-Genes (India), Limited"
2022-03-04,203.0,208.0,201.0,203.5,197.0095977783203,26071,"Nath Bio-Genes (India), Limited"
2022-03-07,195.25,205.0,195.25,200.9499969482422,194.54090881347656,31901,"Nath Bio-Genes (India), Limited"
2022-03-08,201.0500030517578,209.0,200.9499969482422,207.3500061035156,200.7368011474609,32004,"Nath Bio-Genes (India), Limited"
2022-03-09,209.0,219.8000030517578,208.6499938964844,215.6499938964844,208.77207946777344,37529,"Nath Bio-Genes (India), Limited"
2022-03-10,224.8000030517578,226.0,211.0,214.0500030517578,207.22311401367188,33005,"Nath Bio-Genes (India), Limited"
2022-03-11,211.0,220.0500030517578,207.0,217.25,210.3210601806641,40087,"Nath Bio-Genes (India), Limited"
2022-03-14,217.0,224.3999938964844,207.1999969482422,216.3500061035156,209.44976806640625,57921,"Nath Bio-Genes (India), Limited"
2022-03-15,218.5,218.8000030517578,211.5,212.6499938964844,205.8677673339844,23986,"Nath Bio-Genes (India), Limited"
2022-03-16,214.8999938964844,217.3999938964844,213.0,214.1499938964844,207.3199157714844,45346,"Nath Bio-Genes (India), Limited"
2022-03-17,214.6999969482422,224.0,214.6999969482422,221.1000061035156,214.0482635498047,57131,"Nath Bio-Genes (India), Limited"
2022-03-21,223.0,234.3500061035156,222.1000061035156,227.6499938964844,220.3893585205078,267383,"Nath Bio-Genes (India), Limited"
2022-03-22,229.9499969482422,236.3000030517578,227.8000030517578,232.3999938964844,224.98785400390625,78021,"Nath Bio-Genes (India), Limited"
2022-03-23,235.3999938964844,236.0500030517578,230.0500030517578,231.0500030517578,223.68093872070312,257317,"Nath Bio-Genes (India), Limited"
2022-03-24,231.0500030517578,238.3999938964844,229.3000030517578,233.4499969482422,226.00436401367188,116670,"Nath Bio-Genes (India), Limited"
2022-03-25,234.25,238.0,231.25,233.5500030517578,226.10118103027344,43319,"Nath Bio-Genes (India), Limited"
2022-03-28,231.0,237.0,222.1499938964844,225.6000061035156,218.4047393798828,67861,"Nath Bio-Genes (India), Limited"
2022-03-29,227.6000061035156,229.0,214.0,216.3999938964844,209.49815368652344,69769,"Nath Bio-Genes (India), Limited"
2022-03-30,217.6999969482422,224.0,214.1499938964844,216.0500030517578,209.15933227539065,57120,"Nath Bio-Genes (India), Limited"
2022-03-31,215.1999969482422,220.75,212.4499969482422,213.3500061035156,206.5454559326172,59136,"Nath Bio-Genes (India), Limited"
2022-04-01,215.25,229.0,213.8500061035156,225.8999938964844,218.6951599121093,68103,"Nath Bio-Genes (India), Limited"
2022-04-04,233.0,261.8999938964844,230.1499938964844,247.3500061035156,239.46104431152344,257732,"Nath Bio-Genes (India), Limited"
2022-04-05,247.6000061035156,257.70001220703125,247.6000061035156,249.1000061035156,241.1552276611328,119905,"Nath Bio-Genes (India), Limited"
2022-04-06,249.0,254.6499938964844,246.0,250.6499938964844,242.65579223632807,45735,"Nath Bio-Genes (India), Limited"
2022-04-07,253.25,256.0,242.75,244.25,236.4599151611328,42824,"Nath Bio-Genes (India), Limited"
2022-04-08,246.6499938964844,249.9499969482422,244.8999938964844,245.6999969482422,237.8636779785156,30347,"Nath Bio-Genes (India), Limited"
2022-04-11,245.6999969482422,257.8999938964844,245.5,251.3500061035156,243.3334808349609,97264,"Nath Bio-Genes (India), Limited"
2022-04-12,250.0,250.0,242.5,245.5,237.6700439453125,54759,"Nath Bio-Genes (India), Limited"
2022-04-13,248.8999938964844,249.4499969482422,242.8999938964844,244.5,236.70193481445312,61842,"Nath Bio-Genes (India), Limited"
2022-04-18,233.6499938964844,246.3500061035156,233.6499938964844,242.3500061035156,234.6205291748047,52639,"Nath Bio-Genes (India), Limited"
2022-04-19,242.6000061035156,250.8999938964844,236.6000061035156,238.0,230.4092559814453,88511,"Nath Bio-Genes (India), Limited"
2022-04-20,240.0,243.9499969482422,235.5,237.0500030517578,229.48956298828125,44428,"Nath Bio-Genes (India), Limited"
2022-04-21,239.3000030517578,243.0,237.6999969482422,241.6000061035156,233.8944549560547,19632,"Nath Bio-Genes (India), Limited"
2022-04-22,240.0,245.0,239.3000030517578,242.3500061035156,234.6205291748047,18818,"Nath Bio-Genes (India), Limited"
2022-04-25,240.0,240.0,222.6499938964844,237.1999969482422,229.634765625,46440,"Nath Bio-Genes (India), Limited"
2022-04-26,239.5500030517578,240.3999938964844,237.5500030517578,238.8999938964844,231.28054809570312,15371,"Nath Bio-Genes (India), Limited"
2022-04-27,234.0,243.3999938964844,230.6999969482422,238.3000030517578,230.6996917724609,35034,"Nath Bio-Genes (India), Limited"
2022-04-28,238.0,239.6000061035156,216.8999938964844,234.0,226.53683471679688,34038,"Nath Bio-Genes (India), Limited"
2022-04-29,236.25,236.25,230.8000030517578,231.5,224.11656188964844,29822,"Nath Bio-Genes (India), Limited"
2022-05-02,235.8999938964844,235.8999938964844,225.3999938964844,227.6000061035156,220.3409576416016,37185,"Nath Bio-Genes (India), Limited"
2022-05-04,231.4499969482422,232.6499938964844,215.25,216.8999938964844,209.98220825195312,49772,"Nath Bio-Genes (India), Limited"
2022-05-05,219.0500030517578,222.8999938964844,217.1000061035156,220.9499969482422,213.90304565429688,20290,"Nath Bio-Genes (India), Limited"
2022-05-06,219.6000061035156,219.6000061035156,211.5500030517578,214.3000030517578,207.4651336669922,22526,"Nath Bio-Genes (India), Limited"
2022-05-09,216.3500061035156,217.1999969482422,209.3000030517578,214.3500061035156,207.5135498046875,21865,"Nath Bio-Genes (India), Limited"
2022-05-10,214.3000030517578,220.0500030517578,200.0,205.9499969482422,199.38145446777344,39370,"Nath Bio-Genes (India), Limited"
2022-05-11,205.0,210.5500030517578,193.1000061035156,202.3000030517578,195.84786987304688,56293,"Nath Bio-Genes (India), Limited"
2022-05-12,202.3000030517578,202.3999938964844,186.6000061035156,194.5500030517578,188.3450469970703,55196,"Nath Bio-Genes (India), Limited"
2022-05-13,199.0,203.4499969482422,195.3000030517578,197.8000030517578,191.49139404296875,44143,"Nath Bio-Genes (India), Limited"
2022-05-16,201.8000030517578,203.8500061035156,197.1000061035156,198.3999938964844,192.0722503662109,27937,"Nath Bio-Genes (India), Limited"
2022-05-17,200.3500061035156,202.0,197.4499969482422,200.1499938964844,193.7664337158203,66177,"Nath Bio-Genes (India), Limited"
2022-05-18,202.1499938964844,206.6499938964844,198.1499938964844,201.0,194.58932495117188,41501,"Nath Bio-Genes (India), Limited"
2022-05-19,199.0,200.0,195.0500030517578,196.8999938964844,190.62008666992188,26707,"Nath Bio-Genes (India), Limited"
2022-05-20,198.8500061035156,205.0500030517578,198.8500061035156,203.3000030517578,196.8159942626953,16997,"Nath Bio-Genes (India), Limited"
2022-05-23,204.6999969482422,205.25,195.6999969482422,197.8999938964844,191.58819580078125,27566,"Nath Bio-Genes (India), Limited"
2022-05-24,199.3000030517578,199.8500061035156,193.0,194.75,188.5386657714844,22108,"Nath Bio-Genes (India), Limited"
2022-05-25,196.6499938964844,197.3500061035156,192.4499969482422,194.0,187.8125915527344,13021,"Nath Bio-Genes (India), Limited"
2022-05-26,194.9499969482422,195.5,188.8500061035156,190.9499969482422,184.85986328125,24024,"Nath Bio-Genes (India), Limited"
2022-05-27,192.0,196.0,191.25,193.3500061035156,187.18331909179688,14200,"Nath Bio-Genes (India), Limited"
2022-05-30,196.5,203.8999938964844,196.1499938964844,201.8000030517578,195.3638153076172,23253,"Nath Bio-Genes (India), Limited"
2022-05-31,178.0,186.8000030517578,175.6999969482422,184.1499938964844,178.2767333984375,180638,"Nath Bio-Genes (India), Limited"
2022-06-01,185.9499969482422,196.75,185.9499969482422,189.6999969482422,183.6497344970703,37455,"Nath Bio-Genes (India), Limited"
2022-06-02,191.6499938964844,194.3500061035156,185.0,187.0,181.0358428955078,29204,"Nath Bio-Genes (India), Limited"
2022-06-03,188.8500061035156,191.0,185.0,185.3999938964844,179.4868621826172,12240,"Nath Bio-Genes (India), Limited"
2022-06-06,185.3999938964844,187.0,181.0,182.8500061035156,177.01820373535156,10355,"Nath Bio-Genes (India), Limited"
2022-06-07,182.6499938964844,184.3000030517578,180.1999969482422,181.1999969482422,175.4208221435547,9691,"Nath Bio-Genes (India), Limited"
2022-06-08,182.9499969482422,185.0,180.6499938964844,182.5500030517578,176.727783203125,15924,"Nath Bio-Genes (India), Limited"
2022-06-09,180.3000030517578,187.0,180.3000030517578,185.5,179.58367919921875,25837,"Nath Bio-Genes (India), Limited"
2022-06-10,185.8999938964844,185.8999938964844,181.25,183.1499938964844,177.30862426757812,12280,"Nath Bio-Genes (India), Limited"
2022-06-13,179.14999389648438,181.8500061035156,175.0,177.89999389648438,172.22607421875,17655,"Nath Bio-Genes (India), Limited"
2022-06-14,178.0,201.0,172.10000610351562,180.5,174.74314880371094,22446,"Nath Bio-Genes (India), Limited"
2022-06-15,180.5,186.3500061035156,174.1999969482422,180.6499938964844,174.88836669921875,14208,"Nath Bio-Genes (India), Limited"
2022-06-16,181.0500030517578,183.0,165.14999389648438,167.0500030517578,161.7221221923828,59262,"Nath Bio-Genes (India), Limited"
2022-06-17,166.5500030517578,170.0,160.0,163.3000030517578,158.0917510986328,33174,"Nath Bio-Genes (India), Limited"
2022-06-20,166.0,166.0,150.64999389648438,152.5500030517578,147.68460083007812,53334,"Nath Bio-Genes (India), Limited"
2022-06-21,155.0,159.6999969482422,153.14999389648438,156.6999969482422,151.70220947265625,17383,"Nath Bio-Genes (India), Limited"
2022-06-22,156.35000610351562,159.0,155.0500030517578,157.8000030517578,152.76715087890625,8264,"Nath Bio-Genes (India), Limited"
2022-06-23,156.5,161.5,155.0,160.35000610351562,157.2285919189453,14844,"Nath Bio-Genes (India), Limited"
2022-06-24,161.0,165.0,159.3000030517578,161.1999969482422,158.06202697753906,16535,"Nath Bio-Genes (India), Limited"
2022-06-27,163.0,168.39999389648438,163.0,166.14999389648438,162.9156494140625,13837,"Nath Bio-Genes (India), Limited"
2022-06-28,166.0,167.8000030517578,161.1999969482422,166.64999389648438,163.4059295654297,7523,"Nath Bio-Genes (India), Limited"
2022-06-29,166.10000610351562,175.5,164.89999389648438,169.9499969482422,166.64169311523438,6804,"Nath Bio-Genes (India), Limited"
2022-06-30,171.1999969482422,198.6999969482422,170.0,188.4499969482422,184.7815704345703,61952,"Nath Bio-Genes (India), Limited"
2022-07-01,189.8999938964844,192.0,180.10000610351562,183.1499938964844,179.58473205566406,43224,"Nath Bio-Genes (India), Limited"
2022-07-04,183.1499938964844,189.0,178.4499969482422,186.25,182.6243896484375,27942,"Nath Bio-Genes (India), Limited"
2022-07-05,186.25,193.5500030517578,180.8999938964844,182.8000030517578,179.24154663085938,22056,"Nath Bio-Genes (India), Limited"
2022-07-06,186.0,190.4499969482422,184.75,187.8999938964844,184.2422790527344,16820,"Nath Bio-Genes (India), Limited"
2022-07-07,191.6499938964844,191.6499938964844,184.25,186.4499969482422,182.8205108642578,10023,"Nath Bio-Genes (India), Limited"
2022-07-08,187.9499969482422,188.0,185.0,187.1999969482422,183.555892944336,8711,"Nath Bio-Genes (India), Limited"
2022-07-11,186.0,188.75,185.4499969482422,187.0500030517578,183.4088287353516,7412,"Nath Bio-Genes (India), Limited"
2022-07-12,187.3999938964844,196.0,185.0500030517578,193.8999938964844,190.12545776367188,30522,"Nath Bio-Genes (India), Limited"
2022-07-13,195.8999938964844,195.8999938964844,188.6999969482422,190.6499938964844,186.9387359619141,8745,"Nath Bio-Genes (India), Limited"
2022-07-14,192.8999938964844,192.8999938964844,188.1499938964844,188.9499969482422,185.27183532714844,8318,"Nath Bio-Genes (India), Limited"
2022-07-15,186.3500061035156,188.0500030517578,182.1000061035156,184.0500030517578,180.4672241210937,9237,"Nath Bio-Genes (India), Limited"
2022-07-18,185.1000061035156,195.8000030517578,185.1000061035156,191.3999938964844,187.67413330078125,21126,"Nath Bio-Genes (India), Limited"
2022-07-19,190.5,195.25,189.0,192.3999938964844,188.65467834472656,7602,"Nath Bio-Genes (India), Limited"
2022-07-20,194.8999938964844,204.8500061035156,192.3000030517578,203.6000061035156,199.6366577148437,91508,"Nath Bio-Genes (India), Limited"
2022-07-21,205.8999938964844,211.3999938964844,197.1499938964844,200.6499938964844,196.7440795898437,1182905,"Nath Bio-Genes (India), Limited"
2022-07-22,201.3999938964844,205.0,195.3999938964844,197.25,193.41026306152344,996163,"Nath Bio-Genes (India), Limited"
2022-07-25,197.9499969482422,197.9499969482422,186.8000030517578,189.6000061035156,185.90919494628903,38691,"Nath Bio-Genes (India), Limited"
2022-07-26,191.0,191.0,176.8000030517578,181.4499969482422,177.91783142089844,40354,"Nath Bio-Genes (India), Limited"
2022-07-27,180.3999938964844,186.0,179.6999969482422,183.3000030517578,179.73182678222656,11960,"Nath Bio-Genes (India), Limited"
2022-07-28,185.4499969482422,190.8500061035156,181.25,188.6999969482422,185.0267028808593,20748,"Nath Bio-Genes (India), Limited"
2022-07-29,190.0,190.1499938964844,184.6999969482422,185.3999938964844,181.7909393310547,13414,"Nath Bio-Genes (India), Limited"
2022-08-01,186.0,189.8000030517578,183.0,185.6999969482422,182.0850982666016,28553,"Nath Bio-Genes (India), Limited"
2022-08-02,190.0,190.0,176.8000030517578,180.8999938964844,177.3785400390625,71128,"Nath Bio-Genes (India), Limited"
2022-08-03,183.6000061035156,183.6000061035156,178.4499969482422,178.8000030517578,175.31942749023438,24424,"Nath Bio-Genes (India), Limited"
2022-08-04,178.8000030517578,181.1999969482422,175.39999389648438,176.8000030517578,173.3583526611328,16436,"Nath Bio-Genes (India), Limited"
2022-08-05,177.0,178.0,174.5,175.8000030517578,172.37782287597656,21592,"Nath Bio-Genes (India), Limited"
2022-08-08,174.0,180.0,174.0,178.3000030517578,174.8291473388672,11118,"Nath Bio-Genes (India), Limited"
2022-08-10,178.3000030517578,182.1499938964844,177.8000030517578,180.0500030517578,176.5450897216797,10598,"Nath Bio-Genes (India), Limited"
2022-08-11,182.0,183.6999969482422,177.64999389648438,178.4499969482422,174.97622680664062,14503,"Nath Bio-Genes (India), Limited"
2022-08-12,178.4499969482422,178.4499969482422,173.25,177.8000030517578,174.33888244628906,26492,"Nath Bio-Genes (India), Limited"
2022-08-16,177.8000030517578,185.0,174.0,177.0,173.55445861816406,60590,"Nath Bio-Genes (India), Limited"
2022-08-17,177.0,181.0,175.0,176.85000610351562,173.40737915039062,133391,"Nath Bio-Genes (India), Limited"
2022-08-18,176.89999389648438,180.0,176.8000030517578,178.9499969482422,175.4665069580078,36459,"Nath Bio-Genes (India), Limited"
2022-08-19,179.0,179.0,175.0,175.75,172.32879638671875,22859,"Nath Bio-Genes (India), Limited"
2022-08-22,175.10000610351562,177.0500030517578,172.25,172.75,169.38719177246094,11055,"Nath Bio-Genes (India), Limited"
2022-08-23,172.1999969482422,174.60000610351562,170.0,171.85000610351562,168.5047149658203,9323,"Nath Bio-Genes (India), Limited"
2022-08-24,171.1999969482422,183.8500061035156,171.1999969482422,178.75,175.27040100097656,778812,"Nath Bio-Genes (India), Limited"
2022-08-25,182.8999938964844,182.8999938964844,175.9499969482422,177.85000610351562,174.38792419433594,40269,"Nath Bio-Genes (India), Limited"
2022-08-26,178.0,199.0,175.6999969482422,195.3999938964844,191.5962677001953,379697,"Nath Bio-Genes (India), Limited"
2022-08-29,190.0,205.0,189.0,194.8000030517578,191.00796508789065,196819,"Nath Bio-Genes (India), Limited"
2022-08-30,196.3500061035156,197.3000030517578,189.0,189.3999938964844,185.71307373046875,136370,"Nath Bio-Genes (India), Limited"
2022-09-01,188.8000030517578,191.5500030517578,179.35000610351562,180.4499969482422,176.9373016357422,130790,"Nath Bio-Genes (India), Limited"
2022-09-02,182.75,183.9499969482422,175.60000610351562,176.5500030517578,173.11322021484375,71186,"Nath Bio-Genes (India), Limited"
2022-09-05,177.85000610351562,182.3999938964844,176.5,177.10000610351562,173.65252685546875,46523,"Nath Bio-Genes (India), Limited"
2022-09-06,178.4499969482422,180.5500030517578,175.10000610351562,176.1999969482422,172.77003479003906,31962,"Nath Bio-Genes (India), Limited"
2022-09-07,176.1999969482422,185.6999969482422,174.4499969482422,180.6499938964844,177.13340759277344,73796,"Nath Bio-Genes (India), Limited"
2022-09-08,181.0,184.0,177.10000610351562,178.10000610351562,174.63304138183594,46114,"Nath Bio-Genes (India), Limited"
2022-09-09,179.89999389648438,182.0,177.0,177.60000610351562,174.14279174804688,31585,"Nath Bio-Genes (India), Limited"
2022-09-12,179.0,179.85000610351562,176.10000610351562,177.0500030517578,173.60348510742188,27623,"Nath Bio-Genes (India), Limited"
2022-09-13,178.5,182.9499969482422,176.4499969482422,177.5500030517578,174.09375,58676,"Nath Bio-Genes (India), Limited"
2022-09-14,175.0,178.5,175.0,176.3000030517578,172.8680877685547,27512,"Nath Bio-Genes (India), Limited"
2022-09-15,177.9499969482422,184.8999938964844,176.5,180.75,177.23146057128906,66846,"Nath Bio-Genes (India), Limited"
2022-09-16,182.6999969482422,182.6999969482422,176.89999389648438,177.64999389648438,174.19180297851562,24154,"Nath Bio-Genes (India), Limited"
2022-09-19,178.0,178.25,173.89999389648438,174.14999389648438,170.7599334716797,25138,"Nath Bio-Genes (India), Limited"
2022-09-20,176.6999969482422,177.60000610351562,174.9499969482422,175.85000610351562,172.42684936523438,12871,"Nath Bio-Genes (India), Limited"
2022-09-21,176.75,176.75,172.10000610351562,172.85000610351562,169.48526000976562,14416,"Nath Bio-Genes (India), Limited"
2022-09-22,173.0,175.75,167.5,169.1999969482422,165.90628051757812,31169,"Nath Bio-Genes (India), Limited"
2022-09-23,171.39999389648438,171.89999389648438,164.0,165.14999389648438,161.9351348876953,25045,"Nath Bio-Genes (India), Limited"
2022-09-26,165.14999389648438,167.3000030517578,155.39999389648438,159.35000610351562,156.248046875,27339,"Nath Bio-Genes (India), Limited"
2022-09-27,162.35000610351562,164.39999389648438,158.0,161.4499969482422,158.30715942382812,14174,"Nath Bio-Genes (India), Limited"
2022-09-28,163.0,163.0,157.85000610351562,158.9499969482422,155.8558349609375,9600,"Nath Bio-Genes (India), Limited"
2022-09-29,160.0,162.14999389648438,157.25,157.9499969482422,154.8752899169922,9538,"Nath Bio-Genes (India), Limited"
2022-09-30,157.5500030517578,161.4499969482422,156.0,158.89999389648438,155.80679321289062,26144,"Nath Bio-Genes (India), Limited"
2022-10-03,160.0,160.35000610351562,156.0,157.25,154.1889190673828,12088,"Nath Bio-Genes (India), Limited"
2022-10-04,162.0,162.0,157.0500030517578,158.1999969482422,155.12042236328125,21015,"Nath Bio-Genes (India), Limited"
2022-10-06,160.0,172.0,160.0,164.4499969482422,161.24874877929688,49327,"Nath Bio-Genes (India), Limited"
2022-10-07,164.4499969482422,170.0,162.10000610351562,168.75,165.46505737304688,17655,"Nath Bio-Genes (India), Limited"
2022-10-10,164.0,167.5,163.25,165.35000610351562,162.13125610351562,13954,"Nath Bio-Genes (India), Limited"
2022-10-11,165.10000610351562,167.5,162.0,163.1999969482422,160.02308654785156,12527,"Nath Bio-Genes (India), Limited"
2022-10-12,165.64999389648438,167.10000610351562,159.0,160.39999389648438,157.27760314941406,11246,"Nath Bio-Genes (India), Limited"
2022-10-13,160.4499969482422,161.5,156.10000610351562,158.1999969482422,155.12042236328125,14969,"Nath Bio-Genes (India), Limited"
2022-10-14,159.5500030517578,164.0,159.5500030517578,160.25,157.13052368164062,15095,"Nath Bio-Genes (India), Limited"
2022-10-17,160.0,161.9499969482422,157.35000610351562,158.6999969482422,155.61070251464844,7594,"Nath Bio-Genes (India), Limited"
2022-10-18,159.0,161.0,158.3000030517578,158.85000610351562,155.75778198242188,14412,"Nath Bio-Genes (India), Limited"
2022-10-19,157.0,161.10000610351562,157.0,160.35000610351562,157.2285919189453,18581,"Nath Bio-Genes (India), Limited"
2022-10-20,162.4499969482422,169.89999389648438,158.60000610351562,168.3000030517578,165.02381896972656,64216,"Nath Bio-Genes (India), Limited"
2022-10-21,169.9499969482422,169.9499969482422,160.10000610351562,162.5500030517578,159.3857421875,22476,"Nath Bio-Genes (India), Limited"
2022-10-24,161.75,165.0,160.0,160.89999389648438,157.7678680419922,13668,"Nath Bio-Genes (India), Limited"
2022-10-25,161.6999969482422,161.9499969482422,160.14999389648438,161.6999969482422,158.55227661132812,8114,"Nath Bio-Genes (India), Limited"
2022-10-27,160.1999969482422,162.89999389648438,159.10000610351562,160.4499969482422,157.32662963867188,13289,"Nath Bio-Genes (India), Limited"
2022-10-28,160.64999389648438,163.9499969482422,159.5500030517578,162.60000610351562,159.43478393554688,19933,"Nath Bio-Genes (India), Limited"
2022-10-31,163.0,167.25,160.0,163.6999969482422,160.51336669921875,28133,"Nath Bio-Genes (India), Limited"
2022-11-01,164.85000610351562,167.89999389648438,164.14999389648438,166.10000610351562,162.86663818359375,20650,"Nath Bio-Genes (India), Limited"
2022-11-02,166.60000610351562,168.89999389648438,165.25,167.3000030517578,164.0432891845703,19978,"Nath Bio-Genes (India), Limited"
2022-11-03,165.0,168.75,165.0,167.9499969482422,164.68063354492188,10974,"Nath Bio-Genes (India), Limited"
2022-11-04,168.6999969482422,174.4499969482422,165.8000030517578,171.75,168.4066619873047,27503,"Nath Bio-Genes (India), Limited"
2022-11-07,175.60000610351562,175.60000610351562,169.10000610351562,170.25,166.93585205078125,13015,"Nath Bio-Genes (India), Limited"
2022-11-09,170.25,173.89999389648438,169.1999969482422,170.5,167.1809844970703,21578,"Nath Bio-Genes (India), Limited"
2022-11-10,170.0,171.5,166.0,166.8000030517578,163.5530242919922,16635,"Nath Bio-Genes (India), Limited"
2022-11-11,167.8000030517578,170.0,161.3000030517578,164.0,160.80752563476562,20529,"Nath Bio-Genes (India), Limited"
2022-11-14,163.4499969482422,164.60000610351562,161.3000030517578,162.25,159.09158325195312,10890,"Nath Bio-Genes (India), Limited"
2022-11-15,162.3000030517578,163.60000610351562,161.0,162.75,159.58184814453125,10807,"Nath Bio-Genes (India), Limited"
2022-11-16,160.8000030517578,164.6999969482422,156.89999389648438,157.85000610351562,154.77725219726562,41948,"Nath Bio-Genes (India), Limited"
2022-11-17,157.5,160.4499969482422,154.0,155.9499969482422,152.9142303466797,19092,"Nath Bio-Genes (India), Limited"
2022-11-18,155.5,160.89999389648438,155.5,159.35000610351562,156.248046875,19135,"Nath Bio-Genes (India), Limited"
2022-11-21,159.4499969482422,159.9499969482422,154.5,157.35000610351562,154.2869873046875,14947,"Nath Bio-Genes (India), Limited"
2022-11-22,156.0,160.0,153.0500030517578,153.89999389648438,150.90411376953125,26527,"Nath Bio-Genes (India), Limited"
2022-11-23,156.0,157.5,144.0,146.35000610351562,143.5010986328125,94545,"Nath Bio-Genes (India), Limited"
2022-11-24,146.0,151.0,142.0,143.6999969482422,140.90269470214844,62423,"Nath Bio-Genes (India), Limited"
2022-11-25,145.89999389648438,167.64999389648438,144.3000030517578,160.10000610351562,156.9834442138672,252107,"Nath Bio-Genes (India), Limited"
2022-11-28,160.89999389648438,166.89999389648438,159.10000610351562,165.60000610351562,162.37637329101562,105598,"Nath Bio-Genes (India), Limited"
2022-11-29,166.60000610351562,174.5500030517578,163.0500030517578,171.8000030517578,168.4556884765625,118281,"Nath Bio-Genes (India), Limited"
2022-11-30,170.10000610351562,173.0,167.4499969482422,169.75,166.44558715820312,33447,"Nath Bio-Genes (India), Limited"
2022-12-01,169.75,172.64999389648438,166.25,169.1999969482422,165.90628051757812,29581,"Nath Bio-Genes (India), Limited"
2022-12-02,166.64999389648438,172.8000030517578,166.64999389648438,169.25,165.955322265625,36185,"Nath Bio-Genes (India), Limited"
2022-12-05,169.25,176.0,166.10000610351562,172.3000030517578,168.94595336914062,25432,"Nath Bio-Genes (India), Limited"
2022-12-06,172.8000030517578,180.3500061035156,172.0,174.75,171.34825134277344,62354,"Nath Bio-Genes (India), Limited"
2022-12-07,174.75,185.1499938964844,174.75,180.6000061035156,177.08438110351562,117681,"Nath Bio-Genes (India), Limited"
2022-12-08,180.6000061035156,181.1000061035156,177.60000610351562,178.9499969482422,175.4665069580078,27023,"Nath Bio-Genes (India), Limited"
2022-12-09,180.0,184.3999938964844,174.85000610351562,176.1999969482422,172.77003479003906,142815,"Nath Bio-Genes (India), Limited"
2022-12-12,177.0500030517578,180.6499938964844,172.5500030517578,177.0,173.55445861816406,17318,"Nath Bio-Genes (India), Limited"
2022-12-13,175.6999969482422,185.0,174.5,176.14999389648438,172.7209930419922,110058,"Nath Bio-Genes (India), Limited"
2022-12-14,177.3000030517578,179.4499969482422,174.0,177.25,173.79959106445312,23109,"Nath Bio-Genes (India), Limited"
2022-12-15,177.25,178.8000030517578,174.1999969482422,174.5500030517578,171.15216064453125,12290,"Nath Bio-Genes (India), Limited"
2022-12-16,175.0,176.85000610351562,172.0,175.10000610351562,171.6914520263672,26477,"Nath Bio-Genes (India), Limited"
2022-12-19,174.5,176.85000610351562,172.8000030517578,174.3000030517578,170.9070281982422,19331,"Nath Bio-Genes (India), Limited"
2022-12-20,172.0,174.9499969482422,170.14999389648438,171.0,167.6712646484375,12540,"Nath Bio-Genes (India), Limited"
2022-12-21,171.14999389648438,173.0500030517578,153.0500030517578,160.60000610351562,157.4737091064453,61956,"Nath Bio-Genes (India), Limited"
2022-12-22,161.0,162.85000610351562,157.39999389648438,158.89999389648438,155.80679321289062,21994,"Nath Bio-Genes (India), Limited"
2022-12-23,157.39999389648438,157.4499969482422,150.0,152.8000030517578,149.82554626464844,60093,"Nath Bio-Genes (India), Limited"
2022-12-26,158.60000610351562,158.60000610351562,151.8000030517578,155.5500030517578,152.52200317382812,47028,"Nath Bio-Genes (India), Limited"
2022-12-27,155.60000610351562,159.0500030517578,155.60000610351562,157.39999389648438,154.33599853515625,23760,"Nath Bio-Genes (India), Limited"
2022-12-28,157.0,159.9499969482422,155.4499969482422,158.10000610351562,155.02236938476562,23987,"Nath Bio-Genes (India), Limited"
2022-12-29,158.0,161.0,157.0,160.0500030517578,156.9344024658203,10743,"Nath Bio-Genes (India), Limited"
2022-12-30,161.4499969482422,162.60000610351562,160.0,161.5500030517578,158.40521240234375,14725,"Nath Bio-Genes (India), Limited"
2023-01-02,163.0,164.4499969482422,160.3000030517578,162.0500030517578,158.89549255371094,9177,"Nath Bio-Genes (India), Limited"
2023-01-03,162.39999389648438,165.5500030517578,161.5,164.64999389648438,161.44485473632812,19939,"Nath Bio-Genes (India), Limited"
2023-01-04,163.0,164.6999969482422,162.0,162.75,159.58184814453125,7181,"Nath Bio-Genes (India), Limited"
2023-01-05,161.0,163.89999389648438,159.25,162.64999389648438,159.48379516601562,13315,"Nath Bio-Genes (India), Limited"
2023-01-06,162.6999969482422,164.0,156.5500030517578,158.1999969482422,155.12042236328125,24811,"Nath Bio-Genes (India), Limited"
2023-01-09,158.0,162.4499969482422,158.0,161.60000610351562,158.45423889160156,10450,"Nath Bio-Genes (India), Limited"
2023-01-10,161.39999389648438,162.89999389648438,159.35000610351562,160.60000610351562,157.4737091064453,3889,"Nath Bio-Genes (India), Limited"
2023-01-11,160.0,163.5500030517578,157.5,160.39999389648438,157.27760314941406,21502,"Nath Bio-Genes (India), Limited"
2023-01-12,162.10000610351562,162.14999389648438,155.3000030517578,157.6999969482422,154.63015747070312,19878,"Nath Bio-Genes (India), Limited"
2023-01-13,159.75,161.85000610351562,157.0,158.89999389648438,155.80679321289062,18718,"Nath Bio-Genes (India), Limited"
2023-01-16,158.89999389648438,159.89999389648438,157.75,158.5,155.41458129882812,8973,"Nath Bio-Genes (India), Limited"
2023-01-17,158.5,161.0,158.0,159.64999389648438,156.5421905517578,7574,"Nath Bio-Genes (India), Limited"
2023-01-18,158.10000610351562,161.1999969482422,158.10000610351562,159.6999969482422,156.59121704101562,5640,"Nath Bio-Genes (India), Limited"
2023-01-19,159.5,163.0,157.8000030517578,158.9499969482422,155.8558349609375,20678,"Nath Bio-Genes (India), Limited"
2023-01-20,158.9499969482422,161.35000610351562,158.0500030517578,159.9499969482422,156.8363494873047,24341,"Nath Bio-Genes (India), Limited"
2023-01-23,161.85000610351562,163.0500030517578,159.0500030517578,160.75,157.62078857421875,9380,"Nath Bio-Genes (India), Limited"
2023-01-24,160.8000030517578,163.14999389648438,160.60000610351562,161.89999389648438,158.74839782714844,5649,"Nath Bio-Genes (India), Limited"
2023-01-25,162.6999969482422,162.6999969482422,158.0,158.35000610351562,155.2675018310547,13231,"Nath Bio-Genes (India), Limited"
2023-01-27,159.89999389648438,160.89999389648438,144.3000030517578,148.8000030517578,145.90341186523438,50640,"Nath Bio-Genes (India), Limited"
2023-01-30,151.60000610351562,153.25,147.0,151.60000610351562,148.64891052246094,13902,"Nath Bio-Genes (India), Limited"
2023-01-31,151.10000610351562,157.89999389648438,150.5,154.5,151.49244689941406,24557,"Nath Bio-Genes (India), Limited"
2023-02-01,157.0,161.0,144.0,146.4499969482422,143.59915161132812,50387,"Nath Bio-Genes (India), Limited"
2023-02-02,147.89999389648438,152.0,141.35000610351562,142.5500030517578,139.7750701904297,105355,"Nath Bio-Genes (India), Limited"
2023-02-03,144.64999389648438,147.0,128.85000610351562,143.89999389648438,141.09878540039062,75217,"Nath Bio-Genes (India), Limited"
2023-02-06,145.3000030517578,155.0,141.8000030517578,152.5,149.5313720703125,46936,"Nath Bio-Genes (India), Limited"
2023-02-07,156.0,156.0,152.0500030517578,154.4499969482422,151.44342041015625,24781,"Nath Bio-Genes (India), Limited"
2023-02-08,156.0,157.5,154.0,156.35000610351562,153.3064422607422,23673,"Nath Bio-Genes (India), Limited"
2023-02-09,160.0,160.0,153.6999969482422,155.75,152.71812438964844,11868,"Nath Bio-Genes (India), Limited"
2023-02-10,155.4499969482422,160.0,152.25,158.75,155.65972900390625,17504,"Nath Bio-Genes (India), Limited"
2023-02-13,162.89999389648438,162.89999389648438,153.8000030517578,155.0,151.9827117919922,12779,"Nath Bio-Genes (India), Limited"
2023-02-14,155.64999389648438,158.0,149.0,151.5500030517578,148.59988403320312,17515,"Nath Bio-Genes (India), Limited"
2023-02-15,151.25,151.85000610351562,146.5500030517578,147.9499969482422,145.06996154785156,41364,"Nath Bio-Genes (India), Limited"
2023-02-16,149.8000030517578,150.25,141.3000030517578,144.89999389648438,142.07933044433594,69609,"Nath Bio-Genes (India), Limited"
2023-02-17,144.89999389648438,147.1999969482422,143.0500030517578,144.25,141.44198608398438,17555,"Nath Bio-Genes (India), Limited"
2023-02-20,144.3000030517578,146.6999969482422,142.0500030517578,143.75,140.95172119140625,58206,"Nath Bio-Genes (India), Limited"
2023-02-21,143.6999969482422,146.5,143.6999969482422,144.0,141.1968536376953,28205,"Nath Bio-Genes (India), Limited"
2023-02-22,144.0,144.1999969482422,140.89999389648438,142.14999389648438,139.3828582763672,32385,"Nath Bio-Genes (India), Limited"
2023-02-23,141.9499969482422,146.85000610351562,141.5500030517578,145.60000610351562,142.7657012939453,60526,"Nath Bio-Genes (India), Limited"
2023-02-24,145.60000610351562,149.4499969482422,144.5,145.75,142.91278076171875,138243,"Nath Bio-Genes (India), Limited"
2023-02-27,150.0,150.0,142.5,146.25,143.40304565429688,113125,"Nath Bio-Genes (India), Limited"
2023-02-28,145.75,148.6999969482422,143.5500030517578,144.0500030517578,141.24588012695312,69288,"Nath Bio-Genes (India), Limited"
2023-03-01,144.89999389648438,146.89999389648438,144.25,145.14999389648438,142.324462890625,19222,"Nath Bio-Genes (India), Limited"
2023-03-02,150.0,150.0,144.75,145.39999389648438,142.56959533691406,18758,"Nath Bio-Genes (India), Limited"
2023-03-03,148.0,148.0500030517578,146.0500030517578,146.85000610351562,143.9913787841797,16923,"Nath Bio-Genes (India), Limited"
2023-03-06,150.0,150.25,147.3000030517578,149.5,146.58978271484375,19501,"Nath Bio-Genes (India), Limited"
2023-03-08,149.5,150.0,147.0,148.85000610351562,145.9524383544922,20167,"Nath Bio-Genes (India), Limited"
2023-03-09,148.0,149.8000030517578,148.0,148.9499969482422,146.05047607421875,14641,"Nath Bio-Genes (India), Limited"
2023-03-10,148.0,150.8000030517578,147.0500030517578,149.5,146.58978271484375,18231,"Nath Bio-Genes (India), Limited"
2023-03-13,152.0,152.0,145.3000030517578,147.5500030517578,144.677734375,36738,"Nath Bio-Genes (India), Limited"
2023-03-14,151.6999969482422,151.6999969482422,143.8000030517578,146.85000610351562,143.9913787841797,49213,"Nath Bio-Genes (India), Limited"
2023-03-15,150.0,150.0,145.8000030517578,146.75,143.89332580566406,21468,"Nath Bio-Genes (India), Limited"
2023-03-16,146.89999389648438,149.89999389648438,144.0,146.8000030517578,143.94235229492188,36624,"Nath Bio-Genes (India), Limited"
2023-03-17,146.1999969482422,149.89999389648438,143.64999389648438,147.3000030517578,144.4326171875,20302,"Nath Bio-Genes (India), Limited"
2023-03-20,151.0500030517578,152.89999389648438,145.0500030517578,147.4499969482422,144.57968139648438,28703,"Nath Bio-Genes (India), Limited"
2023-03-21,151.0,151.0,138.3000030517578,141.1999969482422,138.45135498046875,69520,"Nath Bio-Genes (India), Limited"
2023-03-22,143.8000030517578,146.5500030517578,142.60000610351562,144.5,141.68710327148438,23805,"Nath Bio-Genes (India), Limited"
2023-03-23,144.0,147.0,142.10000610351562,143.64999389648438,140.85365295410156,26740,"Nath Bio-Genes (India), Limited"
2023-03-24,146.0,146.0,139.10000610351562,141.25,138.50038146972656,20513,"Nath Bio-Genes (India), Limited"
2023-03-27,145.39999389648438,145.39999389648438,139.0,140.14999389648438,137.42178344726562,32642,"Nath Bio-Genes (India), Limited"
2023-03-28,140.14999389648438,141.64999389648438,138.0500030517578,138.35000610351562,135.65682983398438,24775,"Nath Bio-Genes (India), Limited"
2023-03-29,139.39999389648438,142.39999389648438,139.0500030517578,140.14999389648438,137.42178344726562,25723,"Nath Bio-Genes (India), Limited"
2023-03-31,142.5,148.89999389648438,140.4499969482422,141.25,138.50038146972656,29489,"Nath Bio-Genes (India), Limited"
2023-04-03,141.25,146.6999969482422,141.25,145.5,142.6676483154297,8076,"Nath Bio-Genes (India), Limited"
2023-04-05,148.4499969482422,148.89999389648438,143.0,146.14999389648438,143.3049774169922,31735,"Nath Bio-Genes (India), Limited"
2023-04-06,146.14999389648438,150.8000030517578,146.14999389648438,149.60000610351562,146.68785095214844,20515,"Nath Bio-Genes (India), Limited"
2023-04-10,149.60000610351562,157.89999389648438,149.3000030517578,153.64999389648438,150.6589813232422,20096,"Nath Bio-Genes (India), Limited"
2023-04-11,155.0,158.60000610351562,148.5500030517578,156.1999969482422,153.15936279296875,32778,"Nath Bio-Genes (India), Limited"
2023-04-12,156.1999969482422,157.10000610351562,153.8000030517578,154.60000610351562,151.59051513671875,14344,"Nath Bio-Genes (India), Limited"
2023-04-13,154.64999389648438,155.9499969482422,151.14999389648438,153.10000610351562,150.1197052001953,13461,"Nath Bio-Genes (India), Limited"
2023-04-17,150.39999389648438,158.1999969482422,150.39999389648438,155.9499969482422,152.9142303466797,21990,"Nath Bio-Genes (India), Limited"
2023-04-18,155.0,161.5,154.5500030517578,160.39999389648438,157.27760314941406,24976,"Nath Bio-Genes (India), Limited"
2023-04-19,160.89999389648438,165.0,158.5500030517578,163.0,159.8269805908203,23831,"Nath Bio-Genes (India), Limited"
2023-04-20,165.0,167.9499969482422,163.25,164.85000610351562,161.6409912109375,20640,"Nath Bio-Genes (India), Limited"
2023-04-21,164.10000610351562,169.39999389648438,163.1999969482422,168.35000610351562,165.07284545898438,28699,"Nath Bio-Genes (India), Limited"
2023-04-24,169.5,174.9499969482422,161.14999389648438,161.6999969482422,158.55227661132812,114618,"Nath Bio-Genes (India), Limited"
2023-04-25,162.8000030517578,164.60000610351562,157.0,158.39999389648438,155.3165283203125,50789,"Nath Bio-Genes (India), Limited"
2023-04-26,159.0,163.6999969482422,156.85000610351562,159.35000610351562,156.248046875,47844,"Nath Bio-Genes (India), Limited"
2023-04-27,160.64999389648438,167.85000610351562,160.64999389648438,163.1999969482422,160.02308654785156,47192,"Nath Bio-Genes (India), Limited"
2023-04-28,162.0500030517578,166.0,162.0500030517578,165.0500030517578,161.8370819091797,19052,"Nath Bio-Genes (India), Limited"
2023-05-02,166.9499969482422,169.5,163.0500030517578,163.64999389648438,160.46432495117188,39509,"Nath Bio-Genes (India), Limited"
2023-05-03,164.0,168.5,164.0,167.5,164.2393798828125,26566,"Nath Bio-Genes (India), Limited"
2023-05-04,169.5,171.60000610351562,167.1999969482422,168.10000610351562,164.8277130126953,53327,"Nath Bio-Genes (India), Limited"
2023-05-05,168.64999389648438,169.39999389648438,165.60000610351562,166.4499969482422,163.2098388671875,14309,"Nath Bio-Genes (India), Limited"
2023-05-08,166.5,168.9499969482422,166.5,167.4499969482422,164.1903533935547,7839,"Nath Bio-Genes (India), Limited"
2023-05-09,168.0,173.6999969482422,167.6999969482422,170.64999389648438,167.32806396484375,41703,"Nath Bio-Genes (India), Limited"
2023-05-10,171.8000030517578,173.39999389648438,167.6999969482422,168.5500030517578,165.26895141601562,21231,"Nath Bio-Genes (India), Limited"
2023-05-11,170.89999389648438,171.6999969482422,168.5,169.25,165.955322265625,11815,"Nath Bio-Genes (India), Limited"
2023-05-12,169.14999389648438,172.0,167.5500030517578,169.10000610351562,165.80824279785156,8364,"Nath Bio-Genes (India), Limited"
2023-05-15,167.0,169.0500030517578,166.5,167.25,163.99424743652344,15859,"Nath Bio-Genes (India), Limited"
2023-05-16,169.39999389648438,169.39999389648438,165.0,166.5500030517578,163.30789184570312,29555,"Nath Bio-Genes (India), Limited"
2023-05-17,166.89999389648438,167.60000610351562,163.5,164.75,161.54290771484375,19854,"Nath Bio-Genes (India), Limited"
2023-05-18,167.0,167.0,160.3000030517578,162.89999389648438,159.7289276123047,20882,"Nath Bio-Genes (India), Limited"
2023-05-19,163.0,164.14999389648438,160.0,162.14999389648438,158.9935302734375,16591,"Nath Bio-Genes (India), Limited"
2023-05-22,163.60000610351562,165.10000610351562,159.0,162.6999969482422,159.53282165527344,14166,"Nath Bio-Genes (India), Limited"
2023-05-23,162.0,166.0,160.5500030517578,165.0,161.78805541992188,11363,"Nath Bio-Genes (India), Limited"
2023-05-24,165.64999389648438,168.0,163.35000610351562,166.6999969482422,163.4549560546875,18918,"Nath Bio-Genes (India), Limited"
2023-05-25,167.9499969482422,168.39999389648438,165.10000610351562,165.75,162.52345275878906,9431,"Nath Bio-Genes (India), Limited"
2023-05-26,168.0,168.0,163.0,167.0,163.74911499023438,25644,"Nath Bio-Genes (India), Limited"
2023-05-29,169.4499969482422,169.4499969482422,165.10000610351562,166.35000610351562,163.11178588867188,9403,"Nath Bio-Genes (India), Limited"
2023-05-30,166.1999969482422,169.35000610351562,164.9499969482422,165.75,162.52345275878906,22093,"Nath Bio-Genes (India), Limited"
2023-05-31,165.64999389648438,168.5,165.60000610351562,166.89999389648438,163.65106201171875,11775,"Nath Bio-Genes (India), Limited"
2023-06-01,167.1999969482422,169.0,165.39999389648438,167.5,164.2393798828125,7248,"Nath Bio-Genes (India), Limited"
2023-06-02,168.0,177.0,167.3000030517578,172.89999389648438,169.53427124023438,48594,"Nath Bio-Genes (India), Limited"
2023-06-05,173.1999969482422,182.3999938964844,173.1999969482422,180.6999969482422,177.18243408203125,76519,"Nath Bio-Genes (India), Limited"
2023-06-06,182.9499969482422,202.5500030517578,182.8999938964844,190.9499969482422,187.23291015625,372879,"Nath Bio-Genes (India), Limited"
2023-06-07,194.0,198.0,188.0,189.3999938964844,185.71307373046875,77992,"Nath Bio-Genes (India), Limited"
2023-06-08,190.8999938964844,190.8999938964844,180.0,186.4499969482422,182.8205108642578,50620,"Nath Bio-Genes (India), Limited"
2023-06-09,187.8500061035156,193.3500061035156,183.4499969482422,187.9499969482422,184.2913055419922,75569,"Nath Bio-Genes (India), Limited"
2023-06-12,189.75,192.6499938964844,186.25,188.0500030517578,184.3893585205078,55676,"Nath Bio-Genes (India), Limited"
2023-06-13,189.0,191.8000030517578,185.0,186.5500030517578,182.91856384277344,27436,"Nath Bio-Genes (India), Limited"
2023-06-14,187.25,195.8000030517578,186.0500030517578,191.8500061035156,188.11538696289065,80977,"Nath Bio-Genes (India), Limited"
2023-06-15,193.75,198.0,184.1999969482422,189.3999938964844,185.71307373046875,133974,"Nath Bio-Genes (India), Limited"
2023-06-16,191.8000030517578,196.9499969482422,191.0500030517578,192.6999969482422,188.94883728027344,35651,"Nath Bio-Genes (India), Limited"
2023-06-19,192.6999969482422,193.8999938964844,189.8000030517578,190.3999938964844,186.693603515625,15589,"Nath Bio-Genes (India), Limited"
2023-06-20,191.3500061035156,192.9499969482422,188.8500061035156,191.1000061035156,187.37998962402344,15278,"Nath Bio-Genes (India), Limited"
2023-06-21,191.5500030517578,193.9499969482422,187.0500030517578,189.3500061035156,185.6640625,27530,"Nath Bio-Genes (India), Limited"
2023-06-22,191.1499938964844,194.0,185.0,186.6999969482422,183.0656280517578,20408,"Nath Bio-Genes (India), Limited"
2023-06-23,185.0,187.75,183.5500030517578,185.0500030517578,181.44776916503903,22445,"Nath Bio-Genes (India), Limited"
2023-06-26,184.0,192.9499969482422,184.0,188.3999938964844,184.7325439453125,47305,"Nath Bio-Genes (India), Limited"
2023-06-27,188.3999938964844,191.9499969482422,187.0,189.1499938964844,185.46792602539065,12366,"Nath Bio-Genes (India), Limited"
2023-06-28,190.9499969482422,191.9499969482422,187.0,188.6000061035156,184.9286499023437,13786,"Nath Bio-Genes (India), Limited"
2023-06-30,190.3999938964844,190.3999938964844,185.5,186.9499969482422,183.31076049804688,16889,"Nath Bio-Genes (India), Limited"
2023-07-03,188.75,190.3000030517578,182.1999969482422,186.5500030517578,182.91856384277344,31637,"Nath Bio-Genes (India), Limited"
2023-07-04,186.3000030517578,197.1999969482422,185.5,191.1000061035156,189.41065979003903,127399,"Nath Bio-Genes (India), Limited"
2023-07-05,192.5500030517578,196.5500030517578,192.0,195.3000030517578,193.57351684570312,85889,"Nath Bio-Genes (India), Limited"
2023-07-06,196.5500030517578,223.8999938964844,195.9499969482422,216.6000061035156,214.6852264404297,965685,"Nath Bio-Genes (India), Limited"
2023-07-07,216.8000030517578,223.5,214.0,220.6000061035156,218.64987182617188,252349,"Nath Bio-Genes (India), Limited"
2023-07-10,222.0500030517578,222.6499938964844,214.8000030517578,215.1999969482422,213.297592163086,82988,"Nath Bio-Genes (India), Limited"
2023-07-11,215.0,227.0,212.0,219.3000030517578,217.36135864257807,181123,"Nath Bio-Genes (India), Limited"
2023-07-12,220.0,223.5500030517578,212.1999969482422,213.6000061035156,211.7117462158203,86216,"Nath Bio-Genes (India), Limited"
2023-07-13,216.6999969482422,218.8000030517578,205.1999969482422,207.3500061035156,205.5169982910156,85055,"Nath Bio-Genes (India), Limited"
2023-07-14,209.8999938964844,219.6999969482422,204.0500030517578,213.6000061035156,211.7117462158203,80063,"Nath Bio-Genes (India), Limited"
2023-07-17,215.6499938964844,215.6499938964844,206.3000030517578,209.0500030517578,207.20196533203125,54969,"Nath Bio-Genes (India), Limited"
2023-07-18,211.0,222.4499969482422,211.0,214.6000061035156,212.70291137695312,107359,"Nath Bio-Genes (India), Limited"
2023-07-19,217.1999969482422,223.6999969482422,212.4499969482422,218.5,216.5684356689453,143350,"Nath Bio-Genes (India), Limited"
2023-07-20,220.6000061035156,220.6000061035156,214.25,215.8999938964844,213.9914093017578,27206,"Nath Bio-Genes (India), Limited"
2023-07-21,216.0,218.0,212.5500030517578,213.1499938964844,211.2657165527344,60483,"Nath Bio-Genes (India), Limited"
2023-07-24,215.6999969482422,216.1499938964844,210.0,211.5,209.6303100585937,36617,"Nath Bio-Genes (India), Limited"
2023-07-25,213.4499969482422,214.0,210.1000061035156,212.6999969482422,210.8197021484375,26524,"Nath Bio-Genes (India), Limited"
2023-07-26,210.25,214.0,208.0,209.6499938964844,207.79666137695312,43224,"Nath Bio-Genes (India), Limited"
2023-07-27,212.1999969482422,215.6999969482422,208.6999969482422,209.8500061035156,207.99490356445312,40048,"Nath Bio-Genes (India), Limited"
2023-07-28,213.0,213.0,206.1000061035156,207.5,205.6656646728516,36659,"Nath Bio-Genes (India), Limited"
2023-07-31,206.0,212.9499969482422,206.0,208.3000030517578,206.45860290527344,35813,"Nath Bio-Genes (India), Limited"
2023-08-01,212.1999969482422,215.0,209.5,211.6499938964844,209.7789764404297,43625,"Nath Bio-Genes (India), Limited"
2023-08-02,214.0,227.3999938964844,209.0500030517578,221.6999969482422,219.7401428222656,153988,"Nath Bio-Genes (India), Limited"
2023-08-03,226.0,231.8999938964844,221.8000030517578,228.1999969482422,226.18267822265625,223363,"Nath Bio-Genes (India), Limited"
2023-08-04,231.8999938964844,241.6999969482422,230.0,235.1499938964844,233.0712280273437,275612,"Nath Bio-Genes (India), Limited"
2023-08-07,237.6999969482422,242.0500030517578,230.0,233.6999969482422,231.6340484619141,112553,"Nath Bio-Genes (India), Limited"
2023-08-08,236.3000030517578,236.3000030517578,224.8500061035156,228.0500030517578,226.0340118408203,61088,"Nath Bio-Genes (India), Limited"
2023-08-09,230.3000030517578,230.3000030517578,220.3500061035156,223.8000030517578,221.8215789794922,43197,"Nath Bio-Genes (India), Limited"
2023-08-10,223.8000030517578,236.0,223.8000030517578,230.8500061035156,228.80926513671875,111441,"Nath Bio-Genes (India), Limited"
2023-08-11,238.8999938964844,244.6000061035156,223.0,228.5,226.4800262451172,221056,"Nath Bio-Genes (India), Limited"
2023-08-14,228.5,229.1999969482422,216.5500030517578,218.75,216.81622314453125,86640,"Nath Bio-Genes (India), Limited"
2023-08-16,219.6499938964844,223.6499938964844,210.0,212.0,210.1258850097656,95253,"Nath Bio-Genes (India), Limited"
2023-08-17,215.0,224.3000030517578,213.0,218.9499969482422,217.0144500732422,49462,"Nath Bio-Genes (India), Limited"
2023-08-18,222.0,222.0,209.9499969482422,212.1499938964844,210.2745513916016,95377,"Nath Bio-Genes (India), Limited"
2023-08-21,214.5,217.75,211.8500061035156,214.1499938964844,212.2568817138672,84679,"Nath Bio-Genes (India), Limited"
2023-08-22,217.0,223.6999969482422,215.0500030517578,217.1000061035156,215.18081665039065,62710,"Nath Bio-Genes (India), Limited"
2023-08-23,217.3999938964844,220.3500061035156,214.6000061035156,215.3000030517578,213.396713256836,32997,"Nath Bio-Genes (India), Limited"
2023-08-24,215.6000061035156,218.8999938964844,212.3999938964844,214.75,212.85157775878903,28715,"Nath Bio-Genes (India), Limited"
2023-08-25,214.6999969482422,216.6499938964844,211.0,212.25,210.3736724853516,29887,"Nath Bio-Genes (India), Limited"
2023-08-28,215.1499938964844,215.1499938964844,210.6499938964844,211.3999938964844,209.5311889648437,40747,"Nath Bio-Genes (India), Limited"
2023-08-29,212.3999938964844,215.8500061035156,211.3000030517578,214.5500030517578,212.65335083007807,66365,"Nath Bio-Genes (India), Limited"
2023-08-30,215.6999969482422,217.5,213.0500030517578,214.8000030517578,212.9011383056641,49688,"Nath Bio-Genes (India), Limited"
2023-08-31,216.0,217.9499969482422,210.1000061035156,212.8999938964844,211.01792907714844,48927,"Nath Bio-Genes (India), Limited"
2023-09-01,212.0,215.0,208.5,209.3500061035156,207.49932861328125,65593,"Nath Bio-Genes (India), Limited"
2023-09-04,209.5500030517578,212.5,206.0,207.5,205.6656646728516,51845,"Nath Bio-Genes (India), Limited"
2023-09-05,210.0500030517578,214.0,205.8999938964844,208.25,206.40904235839844,84362,"Nath Bio-Genes (India), Limited"
2023-09-06,210.3500061035156,213.6499938964844,207.25,211.0500030517578,209.18429565429688,72809,"Nath Bio-Genes (India), Limited"
2023-09-07,213.0,227.8999938964844,212.8000030517578,223.5500030517578,221.57379150390625,334941,"Nath Bio-Genes (India), Limited"
2023-09-08,224.0,229.1999969482422,223.1999969482422,226.1000061035156,224.1012420654297,175509,"Nath Bio-Genes (India), Limited"
2023-09-11,226.1999969482422,230.0,222.0,226.0,224.0021209716797,123232,"Nath Bio-Genes (India), Limited"
2023-09-12,227.1999969482422,228.3500061035156,210.0,212.1000061035156,210.2250061035156,99791,"Nath Bio-Genes (India), Limited"
2023-09-13,212.1000061035156,216.1499938964844,207.5,214.3000030517578,212.4055633544922,59449,"Nath Bio-Genes (India), Limited"
2023-09-14,214.3999938964844,217.0,213.0500030517578,213.8999938964844,212.00909423828125,32863,"Nath Bio-Genes (India), Limited"
2023-09-15,216.4499969482422,230.9499969482422,216.3000030517578,223.4499969482422,221.47467041015625,334624,"Nath Bio-Genes (India), Limited"
2023-09-18,223.5,226.6999969482422,216.1999969482422,217.3999938964844,215.4781494140625,56334,"Nath Bio-Genes (India), Limited"
2023-09-20,215.0500030517578,218.0,212.0500030517578,213.8000030517578,211.90997314453125,43071,"Nath Bio-Genes (India), Limited"
2023-09-21,213.0500030517578,216.3999938964844,209.25,210.8000030517578,208.9365081787109,38942,"Nath Bio-Genes (India), Limited"
2023-09-22,214.0,214.0,207.0500030517578,208.0,206.1612548828125,60475,"Nath Bio-Genes (India), Limited"
2023-09-25,211.1000061035156,211.4499969482422,200.1000061035156,203.8999938964844,202.0974884033203,78586,"Nath Bio-Genes (India), Limited"
2023-09-26,206.0,211.1000061035156,205.0500030517578,207.75,205.91346740722656,36748,"Nath Bio-Genes (India), Limited"
2023-09-27,205.6499938964844,210.0,205.0,205.9499969482422,204.12936401367188,32697,"Nath Bio-Genes (India), Limited"
2023-09-28,206.0,209.4499969482422,205.0,205.6499938964844,203.8320159912109,18517,"Nath Bio-Genes (India), Limited"
2023-09-29,209.0,209.3999938964844,206.0500030517578,208.5500030517578,206.7063903808593,15385,"Nath Bio-Genes (India), Limited"
2023-10-03,208.5500030517578,210.8999938964844,205.6999969482422,208.6499938964844,206.8054962158203,19826,"Nath Bio-Genes (India), Limited"
2023-10-04,207.6999969482422,210.8999938964844,201.8999938964844,204.1999969482422,202.39483642578125,58237,"Nath Bio-Genes (India), Limited"
2023-10-05,205.0,208.8000030517578,204.9499969482422,206.0500030517578,204.22848510742188,26744,"Nath Bio-Genes (India), Limited"
2023-10-06,207.8500061035156,207.8500061035156,205.0,205.8000030517578,203.980697631836,21815,"Nath Bio-Genes (India), Limited"
2023-10-09,200.1999969482422,206.5500030517578,197.6499938964844,200.6000061035156,198.82667541503903,51352,"Nath Bio-Genes (India), Limited"
2023-10-10,200.6000061035156,223.3500061035156,200.6000061035156,215.6000061035156,213.694076538086,270918,"Nath Bio-Genes (India), Limited"
2023-10-11,217.0,221.0500030517578,212.25,216.8000030517578,214.88345336914065,78012,"Nath Bio-Genes (India), Limited"
2023-10-12,216.8000030517578,218.8500061035156,212.4499969482422,213.75,211.86041259765625,40019,"Nath Bio-Genes (India), Limited"
2023-10-13,217.5,218.5500030517578,213.1000061035156,215.1000061035156,213.198486328125,31755,"Nath Bio-Genes (India), Limited"
2023-10-16,217.25,222.0,212.5500030517578,219.5500030517578,217.6091461181641,125269,"Nath Bio-Genes (India), Limited"
2023-10-17,220.0,220.0,199.6499938964844,201.6499938964844,199.8673858642578,203842,"Nath Bio-Genes (India), Limited"
2023-10-18,203.6499938964844,204.25,196.6999969482422,198.25,196.4974365234375,117957,"Nath Bio-Genes (India), Limited"
2023-10-19,200.0,204.6999969482422,196.5,197.4499969482422,195.7045135498047,66846,"Nath Bio-Genes (India), Limited"
2023-10-20,198.5500030517578,201.8999938964844,197.1999969482422,198.4499969482422,196.69566345214844,42306,"Nath Bio-Genes (India), Limited"
2023-10-23,202.0,202.0,184.0,189.1499938964844,187.4778747558593,41542,"Nath Bio-Genes (India), Limited"
2023-10-25,192.6000061035156,199.4499969482422,175.8000030517578,183.0500030517578,181.4318084716797,70374,"Nath Bio-Genes (India), Limited"
2023-10-26,185.75,185.75,178.85000610351562,182.1000061035156,180.4902191162109,38757,"Nath Bio-Genes (India), Limited"
2023-10-27,182.0,189.1000061035156,182.0,185.8000030517578,184.15750122070312,24901,"Nath Bio-Genes (India), Limited"
2023-10-30,181.8500061035156,187.6499938964844,181.8500061035156,185.8000030517578,184.15750122070312,22483,"Nath Bio-Genes (India), Limited"
2023-10-31,185.4499969482422,189.3000030517578,184.8999938964844,187.1000061035156,185.44601440429688,16336,"Nath Bio-Genes (India), Limited"
2023-11-01,184.5500030517578,191.0500030517578,184.5500030517578,186.6000061035156,184.950439453125,53307,"Nath Bio-Genes (India), Limited"
2023-11-02,186.6999969482422,188.3500061035156,185.0,186.5500030517578,184.90087890625,15963,"Nath Bio-Genes (India), Limited"
2023-11-03,186.6000061035156,196.4499969482422,186.6000061035156,189.8500061035156,188.1717071533203,46536,"Nath Bio-Genes (India), Limited"
2023-11-06,193.6999969482422,193.6999969482422,186.5,187.3999938964844,185.74334716796875,23285,"Nath Bio-Genes (India), Limited"
2023-11-07,188.5,189.8000030517578,187.0,187.6000061035156,185.94158935546875,15157,"Nath Bio-Genes (India), Limited"
2023-11-08,187.6000061035156,190.3500061035156,185.5500030517578,187.1499938964844,185.4955596923828,17513,"Nath Bio-Genes (India), Limited"
2023-11-09,187.75,204.8500061035156,185.8999938964844,198.5,196.74522399902344,156962,"Nath Bio-Genes (India), Limited"
2023-11-10,198.0,202.8999938964844,196.0,197.1999969482422,195.45672607421875,27110,"Nath Bio-Genes (India), Limited"
2023-11-13,197.6999969482422,204.3000030517578,195.3500061035156,197.75,196.0018615722656,34010,"Nath Bio-Genes (India), Limited"
2023-11-15,200.8999938964844,200.8999938964844,195.0,197.6000061035156,195.8531951904297,24502,"Nath Bio-Genes (India), Limited"
2023-11-16,198.5,204.8999938964844,196.9499969482422,200.8999938964844,199.1240081787109,90678,"Nath Bio-Genes (India), Limited"
2023-11-17,201.0,203.6499938964844,198.4499969482422,200.1999969482422,198.43020629882807,17977,"Nath Bio-Genes (India), Limited"
2023-11-20,199.0,206.4499969482422,199.0,203.75,201.9488220214844,63612,"Nath Bio-Genes (India), Limited"
2023-11-21,204.3500061035156,209.5,202.0,203.1499938964844,201.3541259765625,36199,"Nath Bio-Genes (India), Limited"
2023-11-22,205.1499938964844,207.5,204.3000030517578,206.6499938964844,204.8231811523437,42253,"Nath Bio-Genes (India), Limited"
2023-11-23,210.0,210.8999938964844,202.5500030517578,203.5500030517578,201.75059509277344,46311,"Nath Bio-Genes (India), Limited"
2023-11-24,207.1999969482422,207.3999938964844,202.3500061035156,203.8500061035156,202.0479431152344,25711,"Nath Bio-Genes (India), Limited"
2023-11-28,204.5,206.0,200.1000061035156,200.8999938964844,199.1240081787109,15666,"Nath Bio-Genes (India), Limited"
2023-11-29,202.0,208.0,201.0,204.4499969482422,202.6426239013672,42781,"Nath Bio-Genes (India), Limited"
2023-11-30,205.3999938964844,205.3999938964844,197.8999938964844,199.5500030517578,197.78594970703125,34804,"Nath Bio-Genes (India), Limited"
2023-12-01,203.0,203.0,196.75,197.4499969482422,195.7045135498047,29546,"Nath Bio-Genes (India), Limited"
2023-12-04,198.5,201.8999938964844,196.6000061035156,197.75,196.0018615722656,38629,"Nath Bio-Genes (India), Limited"
2023-12-05,198.0,200.0,196.1000061035156,196.6499938964844,194.9115753173828,42187,"Nath Bio-Genes (India), Limited"
2023-12-06,197.6999969482422,200.6999969482422,191.75,192.8000030517578,191.0956268310547,103596,"Nath Bio-Genes (India), Limited"
2023-12-07,193.8000030517578,198.0,192.8999938964844,195.1499938964844,193.42483520507807,54571,"Nath Bio-Genes (India), Limited"
2023-12-08,196.1999969482422,199.3999938964844,192.0,193.1999969482422,191.49208068847656,45786,"Nath Bio-Genes (India), Limited"
2023-12-11,194.1999969482422,208.3999938964844,194.0500030517578,205.1999969482422,203.3860015869141,130013,"Nath Bio-Genes (India), Limited"
2023-12-12,206.75,210.5,203.8500061035156,206.1999969482422,204.37716674804688,97975,"Nath Bio-Genes (India), Limited"
2023-12-13,206.5,210.0,203.0,204.6000061035156,202.7913055419922,46084,"Nath Bio-Genes (India), Limited"
2023-12-14,206.0,206.0,199.0,200.1000061035156,198.3311004638672,51821,"Nath Bio-Genes (India), Limited"
2023-12-15,203.1000061035156,205.5,198.5,200.6000061035156,198.82667541503903,45967,"Nath Bio-Genes (India), Limited"
2023-12-18,200.6000061035156,205.9499969482422,200.0,202.3999938964844,200.6107482910156,39784,"Nath Bio-Genes (India), Limited"
2023-12-19,203.3999938964844,218.1000061035156,202.1499938964844,212.25,210.3736724853516,220046,"Nath Bio-Genes (India), Limited"
2023-12-20,213.8500061035156,214.3999938964844,199.1000061035156,200.8000030517578,199.02490234375,84051,"Nath Bio-Genes (India), Limited"
2023-12-21,200.0,204.6999969482422,199.5,202.25,200.4620819091797,35525,"Nath Bio-Genes (India), Limited"
2023-12-22,202.25,215.0,202.25,209.8500061035156,207.99490356445312,171111,"Nath Bio-Genes (India), Limited"
2023-12-26,210.8999938964844,211.6999969482422,205.6999969482422,207.1499938964844,205.3187561035156,45542,"Nath Bio-Genes (India), Limited"
2023-12-27,208.4499969482422,211.6999969482422,200.6000061035156,204.5,202.6921844482422,66608,"Nath Bio-Genes (India), Limited"
2023-12-28,206.0,211.1999969482422,205.3000030517578,206.8000030517578,204.97186279296875,33915,"Nath Bio-Genes (India), Limited"
2023-12-29,208.3500061035156,211.4499969482422,205.0,207.3999938964844,205.5665435791016,48022,"Nath Bio-Genes (India), Limited"
2024-01-01,210.5,216.0,209.5500030517578,212.1999969482422,210.32411193847656,72724,"Nath Bio-Genes (India), Limited"
2024-01-02,215.3999938964844,215.4499969482422,208.1499938964844,210.6499938964844,208.78781127929688,42279,"Nath Bio-Genes (India), Limited"
2024-01-03,215.0,218.6999969482422,208.5500030517578,216.6000061035156,214.6852264404297,151070,"Nath Bio-Genes (India), Limited"
2024-01-04,218.0,221.8000030517578,214.6999969482422,215.5500030517578,213.6445159912109,127603,"Nath Bio-Genes (India), Limited"
2024-01-05,215.1499938964844,219.0,212.9499969482422,214.5500030517578,212.65335083007807,79834,"Nath Bio-Genes (India), Limited"
2024-01-08,216.4499969482422,216.4499969482422,209.1999969482422,210.3999938964844,208.5400238037109,55310,"Nath Bio-Genes (India), Limited"
2024-01-09,211.8500061035156,214.4499969482422,210.1000061035156,211.1999969482422,209.3329620361328,28831,"Nath Bio-Genes (India), Limited"
2024-01-10,212.1999969482422,215.0500030517578,205.0500030517578,211.5500030517578,209.67987060546875,45609,"Nath Bio-Genes (India), Limited"
2024-01-11,214.0,216.0,211.1499938964844,213.0500030517578,211.16661071777344,50735,"Nath Bio-Genes (India), Limited"
2024-01-12,213.0500030517578,220.0,212.3000030517578,215.6999969482422,213.79318237304688,181827,"Nath Bio-Genes (India), Limited"
2024-01-15,215.6499938964844,217.1000061035156,211.3000030517578,212.6499938964844,210.7701416015625,58746,"Nath Bio-Genes (India), Limited"
2024-01-16,212.6499938964844,214.1999969482422,201.3999938964844,208.1499938964844,206.30992126464844,76644,"Nath Bio-Genes (India), Limited"
2024-01-17,208.1499938964844,213.5,206.25,211.8999938964844,210.0267639160156,64926,"Nath Bio-Genes (India), Limited"
2024-01-18,211.8999938964844,213.0,205.0,206.8999938964844,205.0709686279297,53005,"Nath Bio-Genes (India), Limited"
2024-01-19,224.0,238.8999938964844,221.0,228.6000061035156,226.5791473388672,1288123,"Nath Bio-Genes (India), Limited"
2024-01-23,230.0,234.3500061035156,213.3999938964844,215.3999938964844,213.495834350586,205711,"Nath Bio-Genes (India), Limited"
2024-01-24,213.1000061035156,221.3000030517578,213.1000061035156,217.0,215.08169555664065,61842,"Nath Bio-Genes (India), Limited"
2024-01-25,217.1499938964844,220.75,216.0500030517578,217.9499969482422,216.0232849121093,44330,"Nath Bio-Genes (India), Limited"
2024-01-29,218.0,224.6499938964844,215.5500030517578,220.6999969482422,218.7489776611328,87979,"Nath Bio-Genes (India), Limited"
2024-01-30,221.4499969482422,222.9499969482422,218.0,218.5500030517578,216.6179962158203,47603,"Nath Bio-Genes (India), Limited"
2024-01-31,218.5500030517578,221.5,218.1499938964844,219.6499938964844,217.708251953125,49091,"Nath Bio-Genes (India), Limited"
2024-02-01,221.3000030517578,229.5500030517578,219.6000061035156,224.3500061035156,222.36671447753903,132748,"Nath Bio-Genes (India), Limited"
2024-02-02,225.5,226.5,216.1999969482422,217.1999969482422,215.2799224853516,73196,"Nath Bio-Genes (India), Limited"
2024-02-05,218.6499938964844,219.4499969482422,208.6000061035156,210.6999969482422,208.83737182617188,84792,"Nath Bio-Genes (India), Limited"
2024-02-06,211.6000061035156,216.0,209.6999969482422,213.8999938964844,212.00909423828125,75322,"Nath Bio-Genes (India), Limited"
2024-02-07,213.8999938964844,234.0,212.1000061035156,223.5,221.52423095703125,154734,"Nath Bio-Genes (India), Limited"
2024-02-08,225.1000061035156,227.9499969482422,217.8999938964844,221.0500030517578,219.09588623046875,70916,"Nath Bio-Genes (India), Limited"
2024-02-09,222.1000061035156,223.9499969482422,210.3500061035156,215.5,213.594955444336,41765,"Nath Bio-Genes (India), Limited"
2024-02-12,216.1999969482422,216.3500061035156,202.6000061035156,205.1000061035156,203.28689575195312,66160,"Nath Bio-Genes (India), Limited"
2024-02-13,208.1000061035156,209.9499969482422,202.0500030517578,208.8500061035156,207.0037384033203,31727,"Nath Bio-Genes (India), Limited"
2024-02-14,206.3000030517578,215.1999969482422,205.0500030517578,213.3999938964844,211.5135040283203,29024,"Nath Bio-Genes (India), Limited"
2024-02-15,211.0,217.5,211.0,213.1499938964844,211.2657165527344,26145,"Nath Bio-Genes (India), Limited"
2024-02-16,213.0,219.75,212.1000061035156,218.1000061035156,216.1719665527344,44262,"Nath Bio-Genes (India), Limited"
2024-02-19,219.75,223.8000030517578,217.0,218.6999969482422,216.76666259765625,45649,"Nath Bio-Genes (India), Limited"
2024-02-20,220.8500061035156,221.1999969482422,215.0,216.1000061035156,214.1896514892578,32817,"Nath Bio-Genes (India), Limited"
2024-02-21,218.25,219.6000061035156,207.3500061035156,210.8999938964844,209.03561401367188,39360,"Nath Bio-Genes (India), Limited"
2024-02-22,212.3000030517578,216.6999969482422,210.0,212.1000061035156,210.2250061035156,48644,"Nath Bio-Genes (India), Limited"
2024-02-23,214.3000030517578,214.8999938964844,210.5500030517578,211.5500030517578,209.67987060546875,26927,"Nath Bio-Genes (India), Limited"
2024-02-26,220.8999938964844,221.0,212.3500061035156,216.3999938964844,214.4869842529297,65024,"Nath Bio-Genes (India), Limited"
2024-02-27,215.0,216.9499969482422,210.75,211.4499969482422,209.58074951171875,31601,"Nath Bio-Genes (India), Limited"
2024-02-28,211.4499969482422,214.4499969482422,203.0,204.75,202.9399871826172,59441,"Nath Bio-Genes (India), Limited"
2024-02-29,204.6999969482422,205.8999938964844,199.6000061035156,203.4499969482422,201.65147399902344,45262,"Nath Bio-Genes (India), Limited"
2024-03-01,203.6999969482422,208.1000061035156,203.6999969482422,205.8999938964844,204.07980346679688,31637,"Nath Bio-Genes (India), Limited"
2024-03-04,208.6999969482422,208.6999969482422,198.0,200.3500061035156,198.57888793945312,47938,"Nath Bio-Genes (India), Limited"
2024-03-05,203.3500061035156,203.3500061035156,198.8000030517578,199.9499969482422,198.18240356445312,23984,"Nath Bio-Genes (India), Limited"
2024-03-06,200.75,200.75,191.1999969482422,194.75,193.02838134765625,48930,"Nath Bio-Genes (India), Limited"
2024-03-07,194.0,199.3999938964844,190.25,193.5500030517578,191.8389892578125,35671,"Nath Bio-Genes (India), Limited"
2024-03-11,196.3999938964844,196.4499969482422,186.0500030517578,188.0500030517578,186.3876190185547,47893,"Nath Bio-Genes (India), Limited"
2024-03-12,185.1999969482422,193.5,180.3999938964844,190.6499938964844,188.9646148681641,72357,"Nath Bio-Genes (India), Limited"
2024-03-13,194.6999969482422,195.5500030517578,176.9499969482422,179.35000610351562,177.7645263671875,79378,"Nath Bio-Genes (India), Limited"
2024-03-14,177.0,186.9499969482422,177.0,185.1499938964844,183.51324462890625,40462,"Nath Bio-Genes (India), Limited"
2024-03-15,187.8999938964844,187.8999938964844,179.25,183.0500030517578,181.4318084716797,61967,"Nath Bio-Genes (India), Limited"
2024-03-18,187.8000030517578,188.6499938964844,179.85000610351562,182.3999938964844,180.7875518798828,48524,"Nath Bio-Genes (India), Limited"
2024-03-19,182.0,182.8000030517578,177.25,178.0500030517578,176.47601318359375,119724,"Nath Bio-Genes (India), Limited"
2024-03-20,180.6999969482422,183.6999969482422,176.3000030517578,179.10000610351562,177.51673889160156,36587,"Nath Bio-Genes (India), Limited"
2024-03-21,180.5500030517578,183.9499969482422,179.5,180.0500030517578,178.4583282470703,35461,"Nath Bio-Genes (India), Limited"
2024-03-22,181.8500061035156,183.8000030517578,179.35000610351562,182.6999969482422,181.0848999023437,35765,"Nath Bio-Genes (India), Limited"
2024-03-26,185.0,185.0,178.6999969482422,179.64999389648438,178.06185913085938,65718,"Nath Bio-Genes (India), Limited"
2024-03-27,182.8999938964844,182.8999938964844,175.0,175.9499969482422,174.3945770263672,83997,"Nath Bio-Genes (India), Limited"
2024-03-28,176.89999389648438,182.8999938964844,173.10000610351562,174.0500030517578,172.51138305664062,86935,"Nath Bio-Genes (India), Limited"
2024-04-01,176.64999389648438,183.6000061035156,174.8000030517578,181.8999938964844,180.2919769287109,43978,"Nath Bio-Genes (India), Limited"
2024-04-02,182.8500061035156,191.0,178.64999389648438,189.3999938964844,187.7256774902344,65179,"Nath Bio-Genes (India), Limited"
2024-04-03,189.3999938964844,195.0,188.0,193.0,191.2938537597656,27433,"Nath Bio-Genes (India), Limited"
2024-04-04,194.0,196.8000030517578,191.0500030517578,192.1000061035156,190.4018096923828,22107,"Nath Bio-Genes (India), Limited"
2024-04-05,193.1000061035156,194.6999969482422,190.1999969482422,191.4499969482422,189.757553100586,26510,"Nath Bio-Genes (India), Limited"
2024-04-08,192.5,196.6999969482422,192.5,193.0,191.2938537597656,19554,"Nath Bio-Genes (India), Limited"
2024-04-09,193.6000061035156,194.0,187.9499969482422,188.8000030517578,187.1309814453125,25067,"Nath Bio-Genes (India), Limited"
2024-04-10,189.8000030517578,193.8999938964844,187.1499938964844,192.5,190.7982788085937,18152,"Nath Bio-Genes (India), Limited"
2024-04-12,193.5,198.0,190.3000030517578,195.6999969482422,193.9699859619141,41661,"Nath Bio-Genes (India), Limited"
2024-04-15,193.0,193.0,185.4499969482422,187.75,186.0902557373047,23476,"Nath Bio-Genes (India), Limited"
2024-04-16,187.6999969482422,191.5500030517578,185.3500061035156,187.6499938964844,185.9911346435547,19066,"Nath Bio-Genes (India), Limited"
2024-04-18,188.5500030517578,194.6999969482422,188.5500030517578,190.0500030517578,188.36993408203125,29450,"Nath Bio-Genes (India), Limited"
2024-04-19,188.9499969482422,194.3999938964844,185.5500030517578,191.25,189.559326171875,26145,"Nath Bio-Genes (India), Limited"
2024-04-22,195.0,201.5,194.4499969482422,200.1499938964844,198.38064575195312,77171,"Nath Bio-Genes (India), Limited"
2024-04-23,201.1999969482422,205.0,196.6499938964844,201.25,199.47091674804688,81220,"Nath Bio-Genes (India), Limited"
2024-04-24,204.0,205.3500061035156,198.25,199.0500030517578,197.2903747558593,41635,"Nath Bio-Genes (India), Limited"
2024-04-25,200.1000061035156,202.1999969482422,198.5,200.1000061035156,198.3311004638672,22687,"Nath Bio-Genes (India), Limited"
2024-04-26,201.0,209.1499938964844,199.0500030517578,207.3999938964844,205.5665435791016,95901,"Nath Bio-Genes (India), Limited"
2024-04-29,209.0,214.5,208.1999969482422,209.75,207.89578247070312,124994,"Nath Bio-Genes (India), Limited"
2024-04-30,212.25,213.8500061035156,206.1000061035156,206.3000030517578,204.47628784179688,39763,"Nath Bio-Genes (India), Limited"
2024-05-02,206.3000030517578,208.3999938964844,203.1999969482422,204.1499938964844,202.34527587890625,35033,"Nath Bio-Genes (India), Limited"
2024-05-03,204.9499969482422,206.0,200.0,201.8000030517578,200.0160675048828,27632,"Nath Bio-Genes (India), Limited"
2024-05-06,205.5,205.5,197.5500030517578,199.1499938964844,197.3894805908203,26864,"Nath Bio-Genes (India), Limited"
2024-05-07,198.9499969482422,203.0,198.0,200.1999969482422,198.43020629882807,35872,"Nath Bio-Genes (India), Limited"
2024-05-08,199.6499938964844,205.3500061035156,198.3000030517578,204.3500061035156,202.54351806640625,60142,"Nath Bio-Genes (India), Limited"
2024-05-09,198.25,204.6000061035156,192.1999969482422,193.5500030517578,191.8389892578125,73531,"Nath Bio-Genes (India), Limited"
2024-05-10,193.5500030517578,195.6499938964844,188.1000061035156,189.5500030517578,187.8743591308593,62212,"Nath Bio-Genes (India), Limited"
2024-05-13,192.3999938964844,192.3999938964844,184.0500030517578,185.8999938964844,184.2566070556641,37601,"Nath Bio-Genes (India), Limited"
2024-05-14,187.3500061035156,189.8999938964844,185.0,186.3500061035156,184.70265197753903,48848,"Nath Bio-Genes (India), Limited"
2024-05-15,189.1499938964844,189.6499938964844,185.0,188.3999938964844,186.7345123291016,41141,"Nath Bio-Genes (India), Limited"
2024-05-16,188.8500061035156,193.0,188.8000030517578,190.25,188.5681610107422,12371,"Nath Bio-Genes (India), Limited"
2024-05-17,190.8500061035156,199.8999938964844,189.6499938964844,194.6000061035156,192.8797149658203,59076,"Nath Bio-Genes (India), Limited"
2024-05-21,196.0,199.9499969482422,187.25,191.8999938964844,190.2035675048828,40637,"Nath Bio-Genes (India), Limited"
2024-05-22,191.0,192.5,188.0,190.3000030517578,188.6177215576172,31106,"Nath Bio-Genes (India), Limited"
2024-05-23,191.75,191.9499969482422,188.6000061035156,190.6999969482422,189.01417541503903,19279,"Nath Bio-Genes (India), Limited"
2024-05-24,192.1499938964844,192.6499938964844,188.8000030517578,189.1999969482422,187.5274353027344,21489,"Nath Bio-Genes (India), Limited"
2024-05-27,190.0,195.6000061035156,187.25,188.3999938964844,186.7345123291016,31786,"Nath Bio-Genes (India), Limited"
2024-05-28,189.8999938964844,190.0,184.5500030517578,186.0,184.3557281494141,42550,"Nath Bio-Genes (India), Limited"
2024-05-29,186.0,186.6499938964844,182.8000030517578,183.8500061035156,182.2247467041016,24465,"Nath Bio-Genes (India), Limited"
2024-05-30,183.8500061035156,185.4499969482422,182.4499969482422,183.8999938964844,182.2742919921875,30989,"Nath Bio-Genes (India), Limited"
2024-05-31,185.0,185.6000061035156,182.6000061035156,183.6000061035156,181.9769592285156,21214,"Nath Bio-Genes (India), Limited"
2024-06-03,195.0,195.8999938964844,185.0,187.1999969482422,185.5451202392578,28687,"Nath Bio-Genes (India), Limited"
2024-06-04,185.1000061035156,187.9499969482422,167.14999389648438,170.85000610351562,169.33966064453125,135536,"Nath Bio-Genes (India), Limited"
2024-06-05,180.0,188.1499938964844,168.8000030517578,185.0500030517578,183.4141387939453,106265,"Nath Bio-Genes (India), Limited"
2024-06-06,185.0500030517578,192.0,185.0500030517578,187.8500061035156,186.1893920898437,50403,"Nath Bio-Genes (India), Limited"
2024-06-07,189.6999969482422,194.5,187.8500061035156,191.3500061035156,189.658447265625,41567,"Nath Bio-Genes (India), Limited"
2024-06-10,193.8999938964844,201.0,192.009994506836,199.6499938964844,197.8850555419922,133280,"Nath Bio-Genes (India), Limited"
2024-06-11,200.5,210.0,199.6499938964844,203.5200042724609,201.72085571289065,142352,"Nath Bio-Genes (India), Limited"
2024-06-12,206.8999938964844,206.8999938964844,201.1999969482422,203.0,201.2054443359375,60694,"Nath Bio-Genes (India), Limited"
2024-06-13,203.0500030517578,204.94000244140625,201.0500030517578,202.1000061035156,200.3134155273437,43835,"Nath Bio-Genes (India), Limited"
2024-06-14,203.0,207.5,201.44000244140625,204.0399932861328,202.2362518310547,51551,"Nath Bio-Genes (India), Limited"
2024-06-18,204.1999969482422,207.8500061035156,197.8000030517578,199.1300048828125,197.36965942382807,117739,"Nath Bio-Genes (India), Limited"
2024-06-19,202.0,206.8999938964844,199.1100006103516,200.3600006103516,198.5887908935547,103417,"Nath Bio-Genes (India), Limited"
2024-06-20,200.5,211.1999969482422,200.32000732421875,208.9499969482422,207.10284423828125,180635,"Nath Bio-Genes (India), Limited"
2024-06-21,209.8500061035156,210.8999938964844,205.6100006103516,208.94000244140625,207.0929412841797,93589,"Nath Bio-Genes (India), Limited"
2024-06-24,209.0,209.9499969482422,206.3699951171875,207.47999572753903,205.6458435058593,46983,"Nath Bio-Genes (India), Limited"
2024-06-25,207.6000061035156,222.6000061035156,207.6000061035156,218.22999572753903,216.30081176757807,471730,"Nath Bio-Genes (India), Limited"
2024-06-26,218.5,225.0,215.0500030517578,220.5,218.55075073242188,175737,"Nath Bio-Genes (India), Limited"
2024-06-27,217.1000061035156,223.0,210.8500061035156,213.3999938964844,211.5135040283203,105471,"Nath Bio-Genes (India), Limited"
2024-06-28,213.0,216.02999877929688,210.3500061035156,212.0800018310547,210.20518493652344,66765,"Nath Bio-Genes (India), Limited"
2024-07-01,213.58999633789065,251.8999938964844,213.5800018310547,246.88999938964844,244.7074584960937,1455658,"Nath Bio-Genes (India), Limited"
2024-07-02,247.4499969482422,254.0,243.3999938964844,250.6699981689453,248.4540405273437,733107,"Nath Bio-Genes (India), Limited"
2024-07-03,252.5500030517578,254.8500061035156,245.6600036621093,248.0,245.80764770507807,252509,"Nath Bio-Genes (India), Limited"
2024-07-04,249.3999938964844,263.0,245.0,257.7900085449219,255.5111083984375,1044946,"Nath Bio-Genes (India), Limited"
2024-07-05,258.95001220703125,258.95001220703125,252.1000061035156,255.1199951171875,252.8647003173828,189498,"Nath Bio-Genes (India), Limited"
2024-07-08,260.0,264.3099975585937,253.0,256.67999267578125,254.4109039306641,306147,"Nath Bio-Genes (India), Limited"
2024-07-09,257.0,259.8999938964844,250.0500030517578,253.7700042724609,251.52664184570312,164326,"Nath Bio-Genes (India), Limited"
2024-07-10,253.7700042724609,262.0,245.0500030517578,248.27999877929688,246.08517456054688,200839,"Nath Bio-Genes (India), Limited"
2024-07-11,249.6000061035156,253.82000732421875,249.1000061035156,249.8800048828125,247.6710357666016,83930,"Nath Bio-Genes (India), Limited"
2024-07-12,250.5,256.010009765625,246.009994506836,250.1600036621093,247.94854736328125,149555,"Nath Bio-Genes (India), Limited"
2024-07-15,251.94000244140625,254.8999938964844,244.5,246.6600036621093,244.4794921875,72153,"Nath Bio-Genes (India), Limited"
2024-07-16,242.6000061035156,242.6000061035156,235.0,237.4900054931641,235.3905639648437,64903,"Nath Bio-Genes (India), Limited"
2024-07-18,235.0,247.8999938964844,230.0,235.44000244140625,233.35867309570312,49877,"Nath Bio-Genes (India), Limited"
2024-07-19,235.44000244140625,239.0,233.0,233.47999572753903,231.4160003662109,46654,"Nath Bio-Genes (India), Limited"
2024-07-22,237.8999938964844,237.8999938964844,223.0,232.69000244140625,230.63299560546875,29220,"Nath Bio-Genes (India), Limited"
2024-07-23,234.69000244140625,243.8999938964844,227.0,232.75,230.6924591064453,105182,"Nath Bio-Genes (India), Limited"
2024-07-24,237.9499969482422,243.0,235.1000061035156,241.4600067138672,239.32546997070312,56092,"Nath Bio-Genes (India), Limited"
2024-07-25,243.6999969482422,243.8999938964844,235.5599975585937,243.42999267578125,241.2780303955078,44588,"Nath Bio-Genes (India), Limited"
2024-07-26,247.8000030517578,247.8000030517578,238.0,238.9499969482422,236.837646484375,23860,"Nath Bio-Genes (India), Limited"
2024-07-29,241.1000061035156,245.9499969482422,236.0,241.8500061035156,239.71202087402344,26241,"Nath Bio-Genes (India), Limited"
2024-07-30,245.3999938964844,245.3999938964844,235.0,238.3500061035156,236.24295043945312,25647,"Nath Bio-Genes (India), Limited"
2024-07-31,243.8500061035156,244.6000061035156,237.0,240.32000732421875,238.195541381836,47409,"Nath Bio-Genes (India), Limited"
2024-08-01,240.6000061035156,245.0,235.0,239.8999938964844,237.7792510986328,33721,"Nath Bio-Genes (India), Limited"
2024-08-02,237.8999938964844,238.5500030517578,232.1499938964844,235.08999633789065,233.0117645263672,22133,"Nath Bio-Genes (India), Limited"
2024-08-05,230.3000030517578,235.8999938964844,223.3300018310547,224.6300048828125,222.6442413330078,42594,"Nath Bio-Genes (India), Limited"
2024-08-06,226.88999938964844,234.0,224.6300048828125,226.9199981689453,224.9139862060547,37403,"Nath Bio-Genes (India), Limited"
2024-08-07,227.1000061035156,231.8500061035156,225.1000061035156,230.6699981689453,228.6308441162109,15185,"Nath Bio-Genes (India), Limited"
2024-08-08,230.0,238.0,224.0,226.2400054931641,224.2400054931641,47492,"Nath Bio-Genes (India), Limited"
2024-08-09,223.0,232.0,222.6999969482422,226.8600006103516,226.8600006103516,38197,"Nath Bio-Genes (India), Limited"
2024-08-12,229.0,233.9499969482422,225.0,226.88999938964844,226.88999938964844,15674,"Nath Bio-Genes (India), Limited"
2024-08-13,229.9499969482422,229.9499969482422,215.5399932861328,216.7400054931641,216.7400054931641,33217,"Nath Bio-Genes (India), Limited"
2024-08-14,217.0500030517578,222.6000061035156,211.5,216.3800048828125,216.3800048828125,17187,"Nath Bio-Genes (India), Limited"
2024-08-16,220.7100067138672,220.7100067138672,211.1499938964844,217.75,217.75,26669,"Nath Bio-Genes (India), Limited"
2024-08-19,221.8000030517578,228.6300048828125,218.6000061035156,228.27999877929688,228.27999877929688,38543,"Nath Bio-Genes (India), Limited"
2024-08-20,229.0,238.0,228.1000061035156,230.63999938964844,230.63999938964844,50192,"Nath Bio-Genes (India), Limited"
2024-08-21,237.5,238.0,222.6499938964844,231.67999267578125,231.67999267578125,26098,"Nath Bio-Genes (India), Limited"
2024-08-22,235.67999267578125,235.67999267578125,226.0,229.63999938964844,229.63999938964844,39982,"Nath Bio-Genes (India), Limited"
2024-08-23,230.0,230.0,224.1100006103516,227.9900054931641,227.9900054931641,19861,"Nath Bio-Genes (India), Limited"
